sep=,
0,0,304.100,984.280,7.800,56,-0.400,233,2.500,50.00780,14.44690
0,4,309.700,983.620,7.500,59,-0.100,229,4.000,50.00810,14.44744
0,5,316.200,982.850,7.500,59,-0.100,228,4.100,50.00810,14.44748
0,6,322.800,982.050,7.400,58,-0.200,227,4.300,50.00811,14.44756
0,7,330.300,981.160,7.300,58,-0.300,226,4.400,50.00811,14.44767
0,8,337.600,980.290,7.300,58,-0.400,225,4.500,50.00813,14.44776
0,9,342.500,979.700,7.200,58,-0.400,224,4.700,50.00815,14.44783
0,10,347.400,979.110,7.100,58,-0.500,224,4.800,50.00818,14.44787
0,11,351.300,978.660,7.100,58,-0.500,223,5.000,50.00819,14.44793
0,12,356.500,978.040,7.000,58,-0.500,222,5.200,50.00819,14.44801
0,13,363.700,977.180,7.000,59,-0.500,222,5.400,50.00821,14.44810
0,14,371.800,976.220,6.900,59,-0.600,221,5.600,50.00824,14.44817
0,15,378.900,975.370,6.900,59,-0.600,221,5.800,50.00830,14.44821
0,16,384.700,974.690,6.800,59,-0.600,220,6.000,50.00837,14.44824
0,17,390.100,974.050,6.800,59,-0.600,220,6.300,50.00843,14.44827
0,18,395.900,973.360,6.700,59,-0.600,220,6.500,50.00848,14.44829
0,19,401.700,972.670,6.700,59,-0.700,220,6.700,50.00852,14.44831
0,20,407.100,972.030,6.600,59,-0.800,220,7.000,50.00854,14.44832
0,21,413.200,971.310,6.600,59,-0.800,220,7.200,50.00857,14.44835
0,22,421.000,970.380,6.500,60,-0.800,220,7.400,50.00862,14.44842
0,23,430.200,969.300,6.400,60,-0.800,220,7.600,50.00871,14.44850
0,24,438.400,968.330,6.300,60,-0.800,220,7.800,50.00881,14.44858
0,25,444.100,967.650,6.300,60,-0.900,220,8.000,50.00892,14.44867
0,26,447.900,967.210,6.200,60,-0.900,221,8.200,50.00902,14.44880
0,27,452.100,966.710,6.200,60,-0.900,221,8.400,50.00911,14.44894
0,28,458.700,965.930,6.200,61,-0.900,222,8.500,50.00919,14.44907
0,29,467.300,964.920,6.100,61,-0.900,222,8.700,50.00925,14.44916
0,30,476.300,963.860,6.000,61,-1.000,222,8.800,50.00931,14.44924
0,31,484.500,962.900,6.000,61,-1.100,223,9.000,50.00938,14.44933
0,32,490.500,962.190,5.900,61,-1.100,223,9.100,50.00943,14.44948
0,33,494.000,961.790,5.900,61,-1.100,224,9.200,50.00946,14.44966
0,34,495.300,961.630,5.800,61,-1.100,224,9.400,50.00949,14.44982
0,35,495.300,961.620,5.800,61,-1.100,225,9.500,50.00953,14.44992
0,36,495.900,961.560,5.700,61,-1.200,225,9.600,50.00959,14.44997
0,37,500.200,961.060,5.700,61,-1.200,226,9.700,50.00968,14.44998
0,38,508.700,960.050,5.700,61,-1.300,226,9.800,50.00978,14.45007
0,39,518.200,958.930,5.700,60,-1.400,227,9.900,50.00986,14.45021
0,40,526.300,957.980,5.700,60,-1.500,227,10.000,50.00990,14.45035
0,41,533.100,957.200,5.700,60,-1.500,227,10.100,50.00993,14.45047
0,42,538.900,956.520,5.600,61,-1.400,228,10.200,50.00998,14.45056
0,43,544.300,955.880,5.500,61,-1.400,228,10.300,50.01005,14.45065
0,44,550.300,955.180,5.500,61,-1.300,228,10.400,50.01014,14.45077
0,45,557.300,954.360,5.400,62,-1.300,229,10.600,50.01023,14.45091
0,46,564.600,953.510,5.300,62,-1.300,229,10.700,50.01030,14.45104
0,47,571.500,952.700,5.200,62,-1.400,229,10.800,50.01035,14.45116
0,48,578.000,951.950,5.200,62,-1.400,230,10.900,50.01039,14.45126
0,49,584.300,951.220,5.200,62,-1.500,230,11.000,50.01042,14.45135
0,50,590.700,950.470,5.100,63,-1.400,230,11.100,50.01046,14.45142
0,51,597.100,949.720,5.000,63,-1.500,231,11.200,50.01055,14.45150
0,52,603.700,948.950,5.000,63,-1.500,231,11.400,50.01066,14.45160
0,53,610.300,948.200,5.000,62,-1.600,231,11.500,50.01076,14.45171
0,54,615.300,947.600,5.000,62,-1.600,232,11.600,50.01084,14.45181
0,55,617.500,947.350,4.900,62,-1.700,232,11.800,50.01090,14.45188
0,58,622.000,946.830,4.800,63,-1.700,234,12.200,50.01103,14.45226
0,59,630.800,945.810,4.700,63,-1.700,234,12.300,50.01110,14.45249
1,0,640.200,944.720,4.700,63,-1.700,235,12.400,50.01117,14.45269
1,1,647.800,943.840,4.600,63,-1.700,235,12.600,50.01123,14.45285
1,2,654.000,943.120,4.500,64,-1.800,236,12.700,50.01132,14.45298
1,3,659.700,942.460,4.500,64,-1.800,236,12.900,50.01142,14.45313
1,4,665.300,941.810,4.400,64,-1.800,237,13.000,50.01153,14.45330
1,5,670.600,941.200,4.400,64,-1.800,237,13.200,50.01160,14.45348
1,6,675.300,940.650,4.400,64,-1.900,238,13.300,50.01164,14.45366
1,7,680.000,940.120,4.300,64,-1.900,238,13.500,50.01167,14.45382
1,8,684.900,939.550,4.300,64,-1.900,239,13.600,50.01172,14.45394
1,9,690.900,938.860,4.300,64,-1.900,239,13.800,50.01179,14.45406
1,10,697.900,938.050,4.200,64,-1.900,240,13.900,50.01187,14.45420
1,11,704.900,937.240,4.200,64,-1.900,240,14.100,50.01196,14.45437
1,12,710.500,936.600,4.100,65,-2.000,241,14.300,50.01204,14.45457
1,13,714.000,936.190,4.000,65,-2.000,241,14.400,50.01210,14.45478
1,14,715.900,935.980,4.000,65,-2.000,241,14.600,50.01215,14.45495
1,15,718.300,935.690,4.000,64,-2.100,242,14.800,50.01218,14.45509
1,16,722.800,935.180,4.000,64,-2.200,242,14.900,50.01220,14.45522
1,17,728.500,934.520,4.000,64,-2.300,242,15.100,50.01223,14.45539
1,18,733.900,933.900,4.000,63,-2.400,242,15.300,50.01229,14.45561
1,19,738.400,933.380,4.100,62,-2.600,242,15.400,50.01237,14.45583
1,20,742.500,932.920,4.100,62,-2.600,243,15.600,50.01247,14.45604
1,21,746.500,932.460,4.000,62,-2.600,243,15.800,50.01254,14.45623
1,22,750.500,932.000,4.000,62,-2.600,243,16.000,50.01260,14.45641
1,23,754.700,931.520,4.000,62,-2.600,243,16.100,50.01263,14.45661
1,24,759.200,931.000,3.900,62,-2.600,243,16.300,50.01268,14.45684
1,25,764.400,930.410,3.900,62,-2.600,243,16.400,50.01275,14.45708
1,26,770.200,929.750,3.900,62,-2.600,243,16.600,50.01284,14.45731
1,27,776.100,929.060,3.800,63,-2.700,243,16.700,50.01294,14.45752
1,28,781.800,928.420,3.800,63,-2.700,243,16.800,50.01304,14.45773
1,29,786.700,927.850,3.700,63,-2.700,242,17.000,50.01312,14.45796
1,30,791.100,927.350,3.700,63,-2.700,242,17.100,50.01320,14.45820
1,31,794.900,926.920,3.700,63,-2.700,242,17.200,50.01325,14.45843
1,32,798.600,926.490,3.600,63,-2.700,242,17.300,50.01329,14.45863
1,33,801.400,926.180,3.600,63,-2.800,242,17.400,50.01334,14.45880
1,34,803.000,926.000,3.600,63,-2.800,242,17.400,50.01342,14.45896
1,35,805.700,925.690,3.600,63,-2.900,242,17.500,50.01351,14.45915
1,36,813.000,924.850,3.500,63,-2.900,242,17.500,50.01361,14.45941
1,37,820.400,924.020,3.500,63,-2.900,242,17.600,50.01370,14.45968
1,38,826.700,923.290,3.500,63,-2.900,242,17.600,50.01376,14.45993
1,39,830.700,922.830,3.400,64,-2.900,242,17.600,50.01381,14.46016
1,40,834.200,922.440,3.300,64,-2.900,242,17.600,50.01388,14.46038
1,41,840.100,921.770,3.200,64,-2.900,242,17.600,50.01400,14.46064
1,42,848.400,920.830,3.200,64,-2.900,242,17.600,50.01412,14.46091
1,43,856.600,919.900,3.200,64,-2.900,243,17.600,50.01423,14.46113
1,44,863.200,919.150,3.100,64,-3.000,243,17.600,50.01430,14.46131
1,45,867.900,918.620,3.000,65,-3.000,243,17.600,50.01434,14.46148
1,46,871.100,918.250,3.000,65,-3.000,244,17.600,50.01440,14.46166
1,47,875.100,917.800,2.900,65,-3.000,244,17.600,50.01449,14.46189
1,48,881.900,917.020,2.900,65,-3.000,244,17.600,50.01462,14.46215
1,49,890.600,916.050,2.800,65,-3.100,245,17.600,50.01474,14.46239
1,50,899.000,915.100,2.800,64,-3.300,245,17.600,50.01483,14.46257
1,51,906.200,914.270,2.900,63,-3.400,246,17.600,50.01489,14.46273
1,52,912.300,913.590,2.900,63,-3.400,246,17.600,50.01495,14.46292
1,53,917.600,912.990,2.900,63,-3.400,247,17.600,50.01501,14.46317
1,54,923.000,912.390,2.800,63,-3.400,247,17.600,50.01510,14.46344
1,55,928.900,911.720,2.800,64,-3.300,248,17.700,50.01519,14.46369
1,56,935.500,910.980,2.600,66,-3.200,248,17.700,50.01526,14.46390
1,57,942.200,910.220,2.400,67,-3.200,249,17.800,50.01530,14.46408
1,58,948.100,909.560,2.400,67,-3.100,249,17.800,50.01532,14.46426
1,59,952.500,909.060,2.300,68,-3.000,250,17.900,50.01533,14.46446
2,0,956.300,908.640,2.200,68,-3.100,250,18.000,50.01534,14.46469
2,1,959.700,908.250,2.100,67,-3.300,251,18.100,50.01534,14.46494
2,2,962.000,907.990,2.300,66,-3.400,251,18.200,50.01534,14.46520
2,3,962.500,907.940,2.400,65,-3.600,251,18.300,50.01537,14.46547
2,6,964.700,907.690,2.400,64,-3.800,252,18.800,50.01559,14.46640
2,7,969.300,907.170,2.400,63,-3.900,252,18.900,50.01566,14.46665
2,8,974.200,906.620,2.400,63,-3.900,252,19.100,50.01569,14.46688
2,9,978.800,906.110,2.400,63,-3.900,252,19.300,50.01571,14.46710
2,10,983.300,905.600,2.400,63,-3.900,252,19.400,50.01575,14.46732
2,11,989.000,904.970,2.400,63,-3.900,252,19.500,50.01581,14.46755
2,12,994.600,904.330,2.300,63,-4.000,251,19.700,50.01587,14.46780
2,13,1000.200,903.710,2.300,63,-4.000,251,19.800,50.01592,14.46806
2,14,1005.900,903.080,2.300,63,-4.100,251,20.000,50.01598,14.46834
2,15,1013.200,902.260,2.300,62,-4.200,251,20.200,50.01608,14.46863
2,16,1021.300,901.350,2.300,62,-4.200,251,20.400,50.01617,14.46890
2,17,1028.300,900.580,2.300,62,-4.200,251,20.600,50.01625,14.46912
2,18,1034.300,899.900,2.300,62,-4.200,251,20.800,50.01633,14.46932
2,19,1040.400,899.230,2.100,63,-4.200,251,21.000,50.01642,14.46952
2,20,1046.700,898.520,2.100,63,-4.200,251,21.300,50.01651,14.46976
2,21,1053.300,897.790,2.100,63,-4.200,251,21.500,50.01661,14.47005
2,22,1059.400,897.110,2.000,63,-4.200,251,21.700,50.01668,14.47036
2,23,1064.700,896.520,1.900,64,-4.300,251,21.900,50.01674,14.47069
2,24,1069.500,895.990,1.800,64,-4.200,251,22.100,50.01678,14.47100
2,25,1073.900,895.500,1.800,64,-4.200,251,22.300,50.01682,14.47130
2,26,1078.100,895.030,1.800,65,-4.100,251,22.600,50.01686,14.47161
2,27,1082.300,894.560,1.600,66,-4.100,251,22.800,50.01690,14.47192
2,28,1086.800,894.070,1.600,67,-4.000,252,23.000,50.01697,14.47225
2,29,1091.300,893.570,1.500,67,-4.000,252,23.200,50.01707,14.47259
2,30,1096.000,893.040,1.500,66,-4.100,252,23.400,50.01719,14.47292
2,31,1101.500,892.440,1.500,66,-4.200,253,23.600,50.01731,14.47322
2,32,1108.000,891.710,1.500,65,-4.400,253,23.800,50.01740,14.47350
2,33,1115.600,890.870,1.500,65,-4.400,254,24.000,50.01747,14.47377
2,34,1123.700,889.990,1.500,64,-4.500,254,24.200,50.01753,14.47405
2,35,1131.300,889.140,1.400,64,-4.600,255,24.400,50.01758,14.47434
2,36,1137.900,888.410,1.300,64,-4.700,255,24.600,50.01762,14.47465
2,37,1143.500,887.800,1.300,63,-5.100,256,24.700,50.01765,14.47497
2,38,1148.900,887.200,1.500,59,-5.700,256,24.900,50.01769,14.47531
2,39,1154.400,886.590,1.900,52,-7.000,257,25.100,50.01774,14.47567
2,40,1159.900,885.990,2.900,43,-8.400,257,25.200,50.01783,14.47606
2,41,1166.300,885.290,4.000,37,-9.300,258,25.400,50.01791,14.47645
2,42,1175.200,884.320,3.100,36,-10.600,258,25.500,50.01797,14.47682
2,43,1185.800,883.160,4.100,30,-12.000,259,25.700,50.01798,14.47716
2,44,1196.600,882.000,5.300,23,-14.000,259,25.800,50.01798,14.47750
2,45,1206.400,880.930,5.400,22,-14.800,260,25.900,50.01798,14.47788
2,46,1215.000,880.010,5.400,22,-14.800,260,26.000,50.01799,14.47831
2,47,1222.200,879.230,5.500,21,-15.400,260,26.100,50.01802,14.47872
2,48,1229.100,878.490,5.500,20,-15.800,261,26.100,50.01806,14.47910
2,49,1236.500,877.690,5.400,19,-16.100,261,26.200,50.01812,14.47944
2,50,1244.600,876.820,5.400,19,-16.500,261,26.200,50.01817,14.47976
2,51,1252.900,875.930,5.500,18,-17.100,262,26.300,50.01822,14.48013
2,52,1261.100,875.050,5.600,17,-17.500,262,26.300,50.01825,14.48054
2,53,1268.900,874.220,5.600,17,-17.800,262,26.300,50.01825,14.48097
2,54,1276.000,873.460,5.800,16,-17.900,262,26.300,50.01825,14.48136
2,55,1282.000,872.810,5.800,16,-17.900,263,26.300,50.01824,14.48170
2,56,1287.100,872.270,5.800,16,-17.900,263,26.300,50.01826,14.48200
2,57,1291.700,871.780,5.800,16,-18.000,263,26.300,50.01829,14.48231
2,58,1297.300,871.180,5.800,16,-18.200,263,26.300,50.01834,14.48264
2,59,1305.700,870.280,5.800,16,-18.400,263,26.200,50.01840,14.48302
3,0,1316.400,869.150,5.800,15,-18.500,263,26.200,50.01844,14.48342
3,1,1326.900,868.030,5.800,15,-18.600,263,26.200,50.01848,14.48382
3,2,1335.700,867.100,5.700,15,-18.700,263,26.100,50.01850,14.48422
3,3,1342.900,866.330,5.700,15,-18.800,263,26.100,50.01850,14.48461
3,4,1349.400,865.640,5.700,15,-18.900,264,26.100,50.01849,14.48499
3,5,1355.800,864.970,5.700,15,-19.000,264,26.000,50.01849,14.48534
3,6,1361.800,864.330,5.600,15,-19.400,264,26.000,50.01852,14.48565
3,7,1367.200,863.760,5.600,14,-20.000,264,26.000,50.01859,14.48594
3,8,1372.300,863.220,5.700,13,-20.700,264,25.900,50.01866,14.48625
3,9,1377.700,862.650,5.800,13,-21.000,264,25.900,50.01872,14.48661
3,10,1384.500,861.930,5.800,13,-20.800,264,25.900,50.01875,14.48701
3,11,1392.700,861.070,5.700,13,-20.600,264,25.900,50.01876,14.48742
3,12,1401.000,860.190,5.700,13,-20.600,264,25.900,50.01875,14.48780
3,13,1408.000,859.450,5.700,13,-20.800,264,25.900,50.01874,14.48814
3,14,1413.300,858.900,5.700,13,-21.000,265,25.900,50.01876,14.48845
3,15,1419.000,858.300,5.700,12,-21.200,265,25.900,50.01879,14.48877
3,16,1427.800,857.370,5.700,12,-21.400,265,25.900,50.01883,14.48916
3,17,1438.400,856.260,5.900,12,-21.700,265,25.900,50.01886,14.48957
3,18,1447.100,855.350,6.000,11,-22.000,265,25.900,50.01888,14.48995
3,19,1453.800,854.650,6.100,11,-22.300,265,25.900,50.01888,14.49031
3,20,1460.300,853.970,6.100,11,-22.300,266,26.000,50.01889,14.49066
3,21,1467.500,853.220,6.100,11,-22.200,266,26.000,50.01893,14.49102
3,22,1475.600,852.380,6.200,11,-22.000,266,26.000,50.01899,14.49141
3,23,1484.000,851.500,6.300,11,-21.800,266,26.100,50.01904,14.49181
3,24,1492.000,850.670,6.300,11,-21.700,266,26.100,50.01906,14.49222
3,25,1498.800,849.960,6.200,11,-21.700,266,26.200,50.01906,14.49264
3,26,1503.900,849.440,6.200,11,-21.600,267,26.200,50.01904,14.49304
3,27,1507.900,849.010,6.200,12,-21.600,267,26.300,50.01903,14.49342
3,28,1512.200,848.570,6.100,12,-21.600,267,26.300,50.01902,14.49376
3,29,1517.400,848.030,6.100,12,-21.600,267,26.400,50.01903,14.49406
3,30,1523.500,847.390,6.000,12,-21.700,267,26.400,50.01905,14.49435
3,31,1530.400,846.690,6.000,12,-21.700,267,26.500,50.01908,14.49468
3,32,1537.500,845.950,5.900,12,-21.700,267,26.600,50.01910,14.49505
3,33,1544.800,845.190,5.900,12,-21.700,268,26.600,50.01911,14.49546
3,34,1552.400,844.410,5.900,12,-21.700,268,26.700,50.01910,14.49588
3,35,1559.500,843.670,5.900,12,-21.600,268,26.800,50.01907,14.49629
3,36,1565.300,843.080,5.900,12,-21.600,268,26.900,50.01906,14.49665
3,37,1570.700,842.520,5.900,12,-21.600,268,26.900,50.01906,14.49699
3,38,1576.700,841.900,5.800,12,-21.600,268,27.000,50.01909,14.49733
3,39,1583.400,841.210,5.800,12,-21.600,268,27.100,50.01913,14.49771
3,40,1590.200,840.510,5.700,12,-21.600,268,27.100,50.01916,14.49812
3,41,1597.100,839.810,5.700,12,-21.600,268,27.200,50.01918,14.49854
3,42,1604.200,839.070,5.600,12,-21.600,268,27.300,50.01917,14.49894
3,43,1612.000,838.270,5.600,12,-21.500,268,27.300,50.01917,14.49932
3,44,1620.400,837.410,5.500,12,-21.400,268,27.400,50.01919,14.49970
3,45,1628.600,836.560,5.500,12,-21.300,268,27.400,50.01922,14.50011
3,46,1636.600,835.740,5.400,13,-21.200,268,27.400,50.01923,14.50052
3,47,1644.900,834.890,5.400,13,-20.900,268,27.500,50.01921,14.50097
3,48,1652.300,834.140,5.400,13,-20.500,268,27.500,50.01920,14.50141
3,49,1656.900,833.670,5.400,14,-20.100,268,27.500,50.01919,14.50181
3,50,1659.800,833.370,5.300,15,-19.600,268,27.500,50.01919,14.50217
3,51,1663.300,833.020,5.300,15,-19.300,268,27.500,50.01919,14.50249
3,52,1668.400,832.500,5.300,15,-19.600,267,27.500,50.01920,14.50282
3,53,1675.000,831.830,5.300,14,-20.200,267,27.500,50.01922,14.50318
3,54,1682.000,831.110,5.200,13,-20.700,267,27.500,50.01923,14.50357
3,55,1688.600,830.430,5.200,13,-21.000,267,27.400,50.01925,14.50401
3,56,1694.700,829.810,5.200,13,-21.300,267,27.400,50.01926,14.50444
3,57,1700.400,829.230,5.100,12,-21.800,267,27.400,50.01926,14.50485
3,58,1706.000,828.660,5.100,12,-22.100,267,27.400,50.01925,14.50520
3,59,1712.300,828.030,5.100,12,-22.300,267,27.300,50.01927,14.50553
4,0,1719.400,827.300,5.100,11,-22.500,267,27.300,50.01929,14.50587
4,1,1727.000,826.530,5.100,11,-22.600,266,27.300,50.01931,14.50625
4,2,1734.400,825.780,5.100,11,-22.700,266,27.200,50.01933,14.50666
4,3,1741.200,825.090,5.100,11,-22.700,266,27.200,50.01934,14.50707
4,4,1747.500,824.460,5.000,11,-23.000,266,27.200,50.01934,14.50745
4,5,1754.100,823.780,5.000,11,-23.400,266,27.100,50.01933,14.50781
4,6,1761.200,823.070,5.000,10,-23.700,266,27.100,50.01935,14.50815
4,7,1768.000,822.380,5.000,10,-23.800,266,27.100,50.01939,14.50849
4,8,1774.000,821.780,4.900,10,-23.800,266,27.100,50.01943,14.50886
4,9,1779.100,821.260,4.900,10,-23.900,266,27.000,50.01946,14.50927
4,10,1783.900,820.780,4.800,10,-24.000,265,27.000,50.01947,14.50968
4,11,1788.700,820.300,4.800,10,-24.200,265,27.000,50.01946,14.51009
4,12,1794.000,819.760,4.800,10,-24.300,265,27.000,50.01946,14.51045
4,13,1800.200,819.130,4.800,10,-24.500,265,27.000,50.01948,14.51077
4,14,1807.200,818.430,4.800,10,-24.700,265,27.000,50.01952,14.51110
4,15,1814.000,817.740,4.800,9,-25.100,265,27.000,50.01957,14.51145
4,16,1820.100,817.130,4.800,9,-25.500,265,26.900,50.01962,14.51184
4,17,1825.600,816.590,4.800,9,-26.000,265,26.900,50.01965,14.51225
4,18,1831.000,816.040,4.800,8,-26.300,265,26.900,50.01966,14.51264
4,19,1837.000,815.440,4.800,8,-26.300,265,26.900,50.01967,14.51299
4,20,1843.700,814.770,4.800,8,-26.300,265,26.900,50.01969,14.51332
4,21,1850.500,814.090,4.700,8,-26.300,265,26.900,50.01973,14.51366
4,22,1856.800,813.460,4.700,8,-26.300,266,26.800,50.01978,14.51405
4,23,1862.500,812.880,4.600,8,-26.400,266,26.800,50.01981,14.51446
4,24,1867.600,812.380,4.600,8,-26.400,266,26.800,50.01982,14.51488
4,25,1872.600,811.880,4.500,8,-26.500,266,26.700,50.01981,14.51527
4,26,1878.800,811.260,4.500,8,-26.700,266,26.700,50.01981,14.51563
4,27,1887.000,810.440,4.500,8,-26.900,266,26.700,50.01982,14.51598
4,28,1897.300,809.410,4.500,8,-27.400,266,26.600,50.01984,14.51635
4,29,1908.500,808.300,4.500,7,-27.900,266,26.600,50.01985,14.51675
4,30,1917.900,807.370,4.500,7,-28.300,266,26.500,50.01984,14.51717
4,31,1923.100,806.850,4.500,7,-28.600,266,26.500,50.01983,14.51755
4,32,1925.700,806.590,4.500,7,-28.700,267,26.400,50.01983,14.51789
4,33,1928.700,806.300,4.400,7,-28.700,267,26.400,50.01984,14.51820
4,34,1933.700,805.800,4.400,7,-28.700,267,26.300,50.01984,14.51851
4,35,1940.400,805.130,4.300,7,-28.800,267,26.300,50.01984,14.51885
4,36,1947.800,804.410,4.300,7,-28.900,267,26.200,50.01984,14.51924
4,37,1954.700,803.720,4.300,7,-29.000,267,26.100,50.01984,14.51966
4,38,1961.000,803.100,4.200,7,-29.100,267,26.100,50.01986,14.52005
4,39,1967.100,802.490,4.200,7,-29.100,267,26.000,50.01989,14.52039
4,40,1973.600,801.850,4.200,7,-29.100,267,26.000,50.01991,14.52068
4,41,1980.400,801.180,4.100,7,-29.200,267,25.900,50.01993,14.52099
4,42,1987.200,800.510,4.100,7,-29.300,267,25.900,50.01995,14.52133
4,43,1993.600,799.880,4.200,7,-29.500,267,25.800,50.01998,14.52171
4,44,1999.600,799.290,4.200,6,-29.600,267,25.700,50.02004,14.52211
4,45,2005.500,798.710,4.200,6,-29.600,267,25.700,50.02010,14.52249
4,46,2011.200,798.150,4.200,7,-29.500,268,25.600,50.02014,14.52287
4,47,2017.100,797.570,4.100,7,-29.200,268,25.600,50.02015,14.52323
4,48,2023.600,796.930,4.100,7,-28.800,268,25.600,50.02015,14.52359
4,49,2030.600,796.250,4.000,8,-28.000,268,25.500,50.02013,14.52395
4,50,2037.400,795.580,4.000,8,-27.000,268,25.500,50.02009,14.52430
4,51,2043.700,794.950,4.000,9,-26.400,268,25.400,50.02006,14.52463
4,52,2050.100,794.330,3.900,9,-26.400,268,25.400,50.02004,14.52495
4,53,2056.900,793.660,3.800,9,-26.700,268,25.300,50.02005,14.52528
4,54,2064.300,792.940,3.800,8,-27.000,268,25.300,50.02006,14.52561
4,55,2072.400,792.150,3.800,8,-27.100,268,25.300,50.02006,14.52596
4,56,2080.800,791.330,3.700,8,-27.000,268,25.200,50.02004,14.52631
4,57,2088.000,790.620,3.700,9,-26.800,268,25.200,50.02004,14.52668
4,58,2094.000,790.040,3.700,9,-26.300,268,25.200,50.02008,14.52706
4,59,2099.700,789.480,3.600,9,-25.800,268,25.100,50.02013,14.52743
5,0,2105.900,788.880,3.600,10,-25.300,268,25.100,50.02016,14.52777
5,1,2112.700,788.220,3.500,10,-25.000,268,25.100,50.02017,14.52810
5,2,2119.800,787.530,3.500,11,-24.700,268,25.000,50.02016,14.52842
5,3,2126.700,786.860,3.500,11,-24.400,268,25.000,50.02015,14.52877
5,4,2133.600,786.190,3.400,11,-24.400,268,25.000,50.02017,14.52913
5,5,2140.800,785.490,3.400,11,-24.500,268,25.000,50.02019,14.52950
5,6,2148.600,784.730,3.400,11,-24.600,268,24.900,50.02020,14.52984
5,7,2156.900,783.930,3.400,11,-24.800,268,24.900,50.02019,14.53015
5,8,2164.800,783.170,3.300,10,-25.100,268,24.900,50.02016,14.53047
5,9,2171.100,782.560,3.300,10,-25.600,268,24.900,50.02015,14.53082
5,10,2176.300,782.060,3.200,10,-25.900,268,24.800,50.02017,14.53119
5,11,2181.300,781.570,3.200,9,-26.200,268,24.800,50.02022,14.53155
5,12,2186.600,781.060,3.200,9,-26.300,268,24.800,50.02027,14.53189
5,13,2192.000,780.540,3.100,9,-26.400,268,24.800,50.02029,14.53220
5,14,2198.000,779.960,3.100,9,-26.500,268,24.800,50.02027,14.53249
5,15,2204.400,779.350,3.100,9,-26.500,268,24.800,50.02025,14.53281
5,16,2211.000,778.710,3.000,9,-26.500,268,24.800,50.02023,14.53317
5,17,2217.400,778.090,3.000,9,-26.400,268,24.700,50.02023,14.53354
5,18,2223.000,777.550,2.900,10,-26.300,268,24.700,50.02026,14.53392
5,19,2228.200,777.050,2.900,10,-25.900,268,24.700,50.02032,14.53428
5,20,2233.500,776.540,2.900,10,-25.300,269,24.700,50.02036,14.53461
5,21,2239.400,775.980,2.900,11,-24.500,269,24.700,50.02038,14.53492
5,22,2245.600,775.380,3.000,12,-23.700,269,24.700,50.02037,14.53522
5,23,2252.200,774.750,3.000,12,-23.400,269,24.700,50.02033,14.53553
5,24,2258.800,774.120,3.000,12,-23.700,269,24.700,50.02029,14.53587
5,25,2264.800,773.550,2.900,12,-24.100,269,24.800,50.02028,14.53624
5,26,2270.100,773.040,2.900,11,-24.500,270,24.800,50.02029,14.53663
5,27,2275.200,772.550,2.900,11,-24.400,270,24.800,50.02033,14.53701
5,28,2280.900,772.000,2.800,12,-24.200,270,24.800,50.02037,14.53736
5,29,2287.200,771.400,2.800,12,-24.000,270,24.800,50.02039,14.53769
5,30,2293.600,770.790,2.800,12,-23.700,270,24.800,50.02039,14.53800
5,31,2299.400,770.240,2.700,12,-23.600,271,24.800,50.02036,14.53831
5,32,2304.700,769.730,2.700,12,-23.800,271,24.800,50.02032,14.53863
5,33,2310.000,769.230,2.600,12,-24.000,271,24.900,50.02027,14.53898
5,34,2315.800,768.670,2.600,12,-24.200,271,24.900,50.02025,14.53934
5,35,2322.000,768.080,2.600,12,-24.500,271,24.900,50.02025,14.53972
5,36,2328.500,767.470,2.500,11,-24.800,272,24.900,50.02027,14.54010
5,37,2335.200,766.830,2.500,11,-25.200,272,24.900,50.02030,14.54049
5,38,2342.400,766.150,2.500,10,-25.700,272,24.900,50.02030,14.54087
5,39,2350.000,765.430,2.600,10,-25.900,272,24.900,50.02027,14.54124
5,40,2357.800,764.690,2.600,10,-25.900,272,24.800,50.02023,14.54157
5,41,2365.400,763.970,2.600,10,-25.800,273,24.800,50.02020,14.54189
5,42,2372.400,763.310,2.600,10,-25.800,273,24.800,50.02021,14.54220
5,43,2378.900,762.690,2.600,10,-25.800,273,24.800,50.02023,14.54250
5,44,2385.400,762.080,2.500,10,-25.800,273,24.700,50.02024,14.54282
5,45,2392.100,761.440,2.500,10,-25.700,273,24.700,50.02024,14.54316
5,46,2398.800,760.810,2.400,10,-25.700,274,24.600,50.02022,14.54351
5,47,2405.200,760.210,2.400,11,-25.600,274,24.600,50.02019,14.54389
5,48,2411.500,759.620,2.300,11,-25.500,274,24.500,50.02018,14.54426
5,49,2417.700,759.030,2.300,11,-25.400,274,24.400,50.02020,14.54461
5,50,2424.300,758.410,2.200,11,-25.400,275,24.400,50.02022,14.54494
5,51,2431.000,757.780,2.100,11,-25.300,275,24.300,50.02023,14.54529
5,52,2437.600,757.170,2.100,11,-25.300,275,24.200,50.02021,14.54566
5,53,2444.200,756.550,2.000,11,-25.400,275,24.100,50.02016,14.54604
5,54,2451.300,755.870,1.900,11,-25.300,276,24.100,50.02010,14.54643
5,55,2459.400,755.120,1.900,11,-25.300,276,24.000,50.02006,14.54681
5,56,2468.000,754.310,1.800,11,-25.300,276,23.900,50.02003,14.54717
5,57,2476.300,753.530,1.700,11,-25.300,276,23.800,50.02001,14.54749
5,58,2483.600,752.850,1.600,11,-25.300,277,23.800,50.02000,14.54776
5,59,2489.400,752.310,1.600,11,-25.300,277,23.700,50.01996,14.54801
6,0,2494.300,751.850,1.500,12,-25.300,277,23.700,50.01992,14.54827
6,1,2499.100,751.400,1.500,12,-25.300,277,23.600,50.01986,14.54858
6,2,2504.600,750.880,1.400,12,-25.300,278,23.600,50.01982,14.54894
6,3,2511.100,750.280,1.300,12,-25.300,278,23.500,50.01980,14.54929
6,4,2517.800,749.660,1.300,12,-25.300,278,23.500,50.01979,14.54962
6,5,2524.000,749.080,1.200,12,-25.300,278,23.500,50.01978,14.54991
6,6,2529.700,748.550,1.200,12,-25.200,278,23.500,50.01975,14.55017
6,7,2535.600,748.000,1.100,12,-25.200,279,23.500,50.01970,14.55046
6,8,2542.000,747.400,1.000,12,-25.200,279,23.500,50.01965,14.55078
6,9,2549.000,746.750,1.000,12,-25.300,279,23.500,50.01961,14.55114
6,10,2556.200,746.080,0.900,12,-25.200,279,23.500,50.01959,14.55150
6,11,2563.300,745.420,0.800,12,-25.200,279,23.500,50.01958,14.55184
6,12,2570.200,744.780,0.800,12,-25.200,279,23.500,50.01957,14.55215
6,13,2576.800,744.160,0.700,12,-25.200,279,23.500,50.01953,14.55245
6,14,2583.200,743.580,0.700,12,-25.200,280,23.600,50.01947,14.55275
6,15,2589.400,743.000,0.600,12,-25.200,280,23.600,50.01940,14.55308
6,16,2595.700,742.420,0.600,13,-25.100,280,23.700,50.01934,14.55344
6,17,2602.100,741.820,0.500,13,-25.100,280,23.700,50.01931,14.55381
6,18,2608.400,741.240,0.500,13,-25.100,280,23.800,50.01930,14.55418
6,19,2614.800,740.640,0.400,13,-25.000,280,23.800,50.01930,14.55452
6,20,2621.500,740.030,0.300,13,-25.000,280,23.900,50.01931,14.55484
6,21,2628.200,739.410,0.300,13,-24.900,280,23.900,50.01929,14.55515
6,22,2634.600,738.820,0.200,13,-25.000,280,24.000,50.01923,14.55546
6,23,2640.700,738.250,0.200,13,-25.100,280,24.000,50.01916,14.55577
6,24,2647.100,737.660,0.100,13,-25.100,280,24.100,50.01908,14.55609
6,25,2654.100,737.020,0.100,13,-25.100,280,24.100,50.01902,14.55641
6,26,2661.500,736.340,-0.000,13,-25.100,280,24.200,50.01899,14.55672
6,27,2668.900,735.660,-0.100,13,-25.200,280,24.200,50.01898,14.55704
6,28,2676.000,735.000,-0.100,13,-25.200,280,24.300,50.01896,14.55736
6,29,2682.400,734.410,-0.200,13,-25.200,280,24.300,50.01891,14.55769
6,30,2688.400,733.860,-0.200,13,-25.300,280,24.400,50.01884,14.55804
6,31,2694.800,733.280,-0.300,13,-25.300,280,24.400,50.01876,14.55840
6,32,2702.000,732.620,-0.400,13,-25.300,280,24.400,50.01870,14.55876
6,33,2710.000,731.880,-0.400,13,-25.300,280,24.500,50.01866,14.55911
6,34,2718.100,731.140,-0.500,13,-25.300,280,24.500,50.01863,14.55944
6,35,2726.000,730.420,-0.600,13,-25.400,280,24.500,50.01858,14.55974
6,36,2733.900,729.690,-0.600,13,-25.300,280,24.600,50.01851,14.56005
6,37,2741.800,728.980,-0.700,14,-25.300,280,24.600,50.01846,14.56039
6,38,2748.900,728.330,-0.800,14,-25.400,280,24.600,50.01843,14.56077
6,39,2755.200,727.750,-0.800,14,-25.400,279,24.600,50.01842,14.56116
6,40,2761.600,727.170,-0.900,14,-25.400,279,24.700,50.01842,14.56152
6,41,2768.300,726.550,-0.900,14,-25.400,279,24.700,50.01840,14.56184
6,42,2775.400,725.910,-1.000,14,-25.400,279,24.700,50.01837,14.56213
6,43,2782.800,725.230,-1.100,14,-25.400,279,24.700,50.01831,14.56243
6,44,2790.200,724.560,-1.100,14,-25.400,279,24.700,50.01825,14.56276
6,45,2797.000,723.940,-1.200,14,-25.400,278,24.700,50.01820,14.56313
6,46,2802.800,723.410,-1.300,14,-25.400,278,24.700,50.01819,14.56352
6,47,2808.500,722.900,-1.300,14,-25.400,278,24.700,50.01819,14.56391
6,48,2814.800,722.330,-1.400,14,-25.400,278,24.700,50.01819,14.56425
6,49,2822.000,721.670,-1.400,14,-25.400,278,24.700,50.01817,14.56455
6,50,2829.800,720.970,-1.500,14,-25.500,277,24.700,50.01812,14.56483
6,51,2837.500,720.270,-1.600,14,-25.400,277,24.700,50.01806,14.56514
6,52,2844.400,719.640,-1.600,14,-25.500,277,24.800,50.01801,14.56549
6,53,2850.400,719.100,-1.700,14,-25.500,277,24.800,50.01797,14.56588
6,54,2856.400,718.560,-1.800,14,-25.500,277,24.800,50.01796,14.56624
6,55,2863.500,717.920,-1.800,14,-25.600,277,24.800,50.01795,14.56654
6,56,2871.900,717.160,-1.900,14,-25.600,277,24.800,50.01793,14.56682
6,57,2880.700,716.360,-2.000,14,-25.600,277,24.800,50.01790,14.56714
6,58,2888.800,715.630,-2.000,14,-25.600,276,24.800,50.01787,14.56751
6,59,2896.000,714.990,-2.100,15,-25.700,276,24.800,50.01783,14.56791
7,0,2902.700,714.380,-2.200,15,-25.700,276,24.800,50.01781,14.56829
7,1,2909.300,713.780,-2.300,15,-25.800,276,24.800,50.01780,14.56863
7,2,2916.100,713.170,-2.300,14,-25.900,276,24.800,50.01780,14.56892
7,3,2923.700,712.490,-2.400,14,-26.000,276,24.800,50.01779,14.56920
7,4,2931.900,711.760,-2.400,14,-26.100,276,24.800,50.01777,14.56951
7,5,2939.800,711.050,-2.500,14,-26.400,276,24.800,50.01775,14.56986
7,6,2946.700,710.430,-2.500,14,-26.700,276,24.900,50.01771,14.57023
7,7,2953.000,709.870,-2.600,14,-26.700,276,24.900,50.01767,14.57059
7,8,2959.500,709.280,-2.600,14,-26.700,276,24.900,50.01765,14.57092
7,9,2966.500,708.660,-2.700,14,-26.700,276,24.900,50.01765,14.57123
7,10,2973.900,708.000,-2.700,14,-26.700,276,24.900,50.01765,14.57157
7,11,2981.100,707.350,-2.700,14,-26.700,276,24.900,50.01765,14.57196
7,12,2988.000,706.730,-2.800,14,-26.800,276,24.900,50.01762,14.57238
7,13,2994.700,706.130,-2.800,14,-26.900,276,24.900,50.01759,14.57278
7,14,3001.400,705.540,-2.800,14,-27.000,277,24.900,50.01754,14.57312
7,15,3008.200,704.940,-2.900,14,-27.100,277,24.900,50.01750,14.57343
7,16,3015.300,704.300,-3.000,14,-27.000,277,24.800,50.01746,14.57371
7,17,3022.900,703.630,-3.100,14,-27.000,277,24.800,50.01742,14.57401
7,18,3030.200,702.970,-3.100,14,-27.000,277,24.800,50.01741,14.57436
7,19,3037.100,702.360,-3.200,14,-27.100,277,24.800,50.01739,14.57477
7,20,3043.500,701.790,-3.200,14,-27.100,277,24.800,50.01737,14.57518
7,21,3049.800,701.230,-3.300,14,-27.200,277,24.800,50.01734,14.57554
7,22,3056.300,700.660,-3.400,14,-27.200,277,24.800,50.01730,14.57585
7,23,3063.100,700.050,-3.500,14,-27.300,277,24.700,50.01726,14.57614
7,24,3070.300,699.420,-3.500,14,-27.200,277,24.700,50.01723,14.57646
7,25,3077.300,698.790,-3.600,14,-27.300,277,24.700,50.01723,14.57682
7,26,3084.000,698.200,-3.700,14,-27.300,278,24.700,50.01723,14.57719
7,27,3090.700,697.610,-3.700,14,-27.300,278,24.700,50.01722,14.57754
7,28,3097.600,697.000,-3.800,14,-27.300,278,24.600,50.01719,14.57785
7,29,3104.600,696.380,-3.800,14,-27.400,278,24.600,50.01712,14.57816
7,30,3111.400,695.780,-3.900,14,-27.300,278,24.600,50.01704,14.57850
7,31,3117.800,695.210,-4.000,14,-27.300,278,24.600,50.01698,14.57888
7,32,3124.200,694.650,-4.000,14,-27.300,278,24.500,50.01696,14.57926
7,33,3130.800,694.070,-4.100,15,-27.300,278,24.500,50.01695,14.57963
7,34,3138.000,693.440,-4.200,15,-27.300,278,24.500,50.01695,14.57996
7,35,3145.500,692.780,-4.200,15,-27.400,277,24.500,50.01693,14.58026
7,36,3152.900,692.130,-4.300,15,-27.400,277,24.500,50.01688,14.58054
7,37,3159.900,691.510,-4.400,15,-27.500,277,24.400,50.01683,14.58083
7,38,3166.200,690.960,-4.400,15,-27.500,277,24.400,50.01678,14.58116
7,39,3171.900,690.450,-4.500,15,-27.600,277,24.400,50.01675,14.58154
7,40,3177.500,689.970,-4.500,15,-27.600,277,24.400,50.01673,14.58195
7,41,3183.100,689.470,-4.600,15,-27.600,277,24.400,50.01671,14.58236
7,42,3188.900,688.970,-4.700,15,-27.600,277,24.400,50.01669,14.58273
7,43,3194.300,688.490,-4.800,15,-27.700,277,24.400,50.01666,14.58304
7,44,3199.600,688.030,-4.800,15,-27.800,276,24.400,50.01663,14.58331
7,45,3205.400,687.520,-4.800,15,-27.800,276,24.400,50.01661,14.58359
7,46,3212.100,686.930,-4.900,15,-27.800,276,24.400,50.01659,14.58390
7,47,3219.100,686.320,-5.000,15,-28.000,276,24.400,50.01657,14.58426
7,48,3226.000,685.720,-5.000,14,-28.300,276,24.400,50.01656,14.58465
7,49,3232.600,685.140,-5.100,14,-28.700,276,24.400,50.01655,14.58501
7,50,3239.000,684.590,-5.100,13,-29.100,276,24.400,50.01654,14.58534
7,51,3245.300,684.040,-5.100,13,-29.400,275,24.400,50.01653,14.58562
7,52,3251.900,683.460,-5.100,13,-29.500,275,24.400,50.01651,14.58591
7,53,3258.500,682.880,-5.100,13,-29.700,275,24.500,50.01647,14.58624
7,54,3264.800,682.340,-5.100,12,-29.900,275,24.500,50.01642,14.58661
7,55,3270.700,681.820,-5.100,12,-29.900,275,24.500,50.01639,14.58701
7,56,3276.500,681.320,-5.200,12,-29.900,275,24.500,50.01638,14.58739
7,57,3282.400,680.810,-5.200,12,-30.000,275,24.600,50.01638,14.58775
7,58,3288.800,680.250,-5.200,12,-30.000,275,24.600,50.01640,14.58808
7,59,3295.800,679.650,-5.300,12,-30.000,275,24.600,50.01639,14.58840
8,0,3303.200,679.010,-5.300,12,-30.100,275,24.600,50.01637,14.58872
8,1,3310.500,678.380,-5.300,12,-30.100,275,24.600,50.01632,14.58906
8,2,3317.300,677.790,-5.400,12,-30.200,275,24.700,50.01628,14.58942
8,3,3323.200,677.280,-5.400,12,-30.200,275,24.700,50.01627,14.58982
8,4,3328.500,676.820,-5.400,12,-30.300,275,24.700,50.01628,14.59020
8,5,3333.700,676.370,-5.500,12,-30.300,275,24.700,50.01629,14.59056
8,6,3339.200,675.890,-5.500,12,-30.400,275,24.800,50.01629,14.59089
8,7,3345.100,675.390,-5.500,12,-30.600,275,24.800,50.01627,14.59120
8,8,3350.900,674.880,-5.600,12,-30.700,275,24.800,50.01625,14.59148
8,9,3356.700,674.390,-5.600,12,-30.700,275,24.800,50.01623,14.59176
8,10,3362.600,673.880,-5.600,12,-30.500,275,24.900,50.01621,14.59206
8,11,3368.800,673.350,-5.700,12,-30.400,275,24.900,50.01619,14.59241
8,12,3375.200,672.790,-5.700,12,-30.300,275,24.900,50.01618,14.59280
8,13,3381.900,672.230,-5.800,12,-30.300,275,24.900,50.01614,14.59321
8,14,3388.500,671.650,-5.800,12,-30.400,275,24.900,50.01610,14.59360
8,15,3395.000,671.100,-5.800,12,-30.400,275,25.000,50.01605,14.59395
8,16,3401.300,670.550,-5.900,12,-30.500,275,25.000,50.01602,14.59427
8,17,3407.900,669.990,-5.900,12,-30.500,275,25.000,50.01603,14.59457
8,18,3414.800,669.400,-6.000,12,-30.500,275,25.000,50.01604,14.59489
8,19,3422.100,668.780,-6.000,12,-30.600,275,25.100,50.01605,14.59524
8,20,3429.400,668.150,-6.100,12,-30.600,275,25.100,50.01604,14.59562
8,21,3436.200,667.570,-6.100,13,-30.500,275,25.100,50.01599,14.59601
8,22,3442.100,667.070,-6.200,13,-30.400,275,25.100,50.01592,14.59639
8,23,3447.700,666.590,-6.200,13,-30.300,276,25.100,50.01586,14.59674
8,24,3453.600,666.090,-6.200,13,-30.200,276,25.100,50.01583,14.59707
8,25,3460.000,665.540,-6.300,13,-30.100,276,25.100,50.01582,14.59739
8,26,3466.700,664.970,-6.300,13,-30.000,276,25.100,50.01583,14.59773
8,27,3473.400,664.400,-6.400,14,-29.900,276,25.100,50.01584,14.59811
8,28,3479.900,663.850,-6.400,14,-29.900,276,25.000,50.01584,14.59851
8,29,3486.200,663.320,-6.500,14,-29.800,276,25.000,50.01580,14.59890
8,30,3492.100,662.810,-6.600,14,-29.800,276,25.000,50.01576,14.59926
8,31,3497.900,662.320,-6.600,14,-29.800,276,25.000,50.01572,14.59957
8,32,3503.800,661.820,-6.700,14,-29.700,276,25.000,50.01570,14.59985
8,33,3510.200,661.280,-6.700,14,-29.600,276,24.900,50.01569,14.60016
8,34,3516.900,660.710,-6.800,14,-29.700,276,24.900,50.01569,14.60050
8,35,3523.700,660.130,-6.800,14,-29.800,276,24.900,50.01568,14.60088
8,36,3530.800,659.530,-6.900,14,-29.900,276,24.800,50.01564,14.60128
8,37,3538.300,658.900,-6.900,14,-30.000,276,24.800,50.01559,14.60167
8,38,3545.900,658.260,-7.000,14,-30.100,276,24.800,50.01555,14.60203
8,39,3553.000,657.650,-7.100,14,-30.100,276,24.800,50.01553,14.60236
8,40,3559.900,657.070,-7.100,14,-30.200,276,24.800,50.01553,14.60267
8,41,3566.900,656.490,-7.200,14,-30.200,276,24.700,50.01553,14.60297
8,42,3574.100,655.880,-7.200,14,-30.200,276,24.700,50.01550,14.60329
8,43,3581.300,655.270,-7.300,14,-30.300,276,24.700,50.01546,14.60363
8,44,3588.300,654.680,-7.400,14,-30.300,276,24.700,50.01541,14.60396
8,45,3595.000,654.120,-7.500,14,-30.300,276,24.700,50.01539,14.60428
8,46,3601.600,653.570,-7.500,14,-30.400,276,24.700,50.01539,14.60459
8,47,3608.400,653.000,-7.600,14,-30.500,276,24.700,50.01538,14.60493
8,48,3615.000,652.440,-7.600,14,-30.600,276,24.700,50.01536,14.60529
8,49,3621.200,651.920,-7.700,14,-30.700,276,24.700,50.01531,14.60567
8,50,3627.200,651.420,-7.700,14,-30.800,276,24.700,50.01527,14.60604
8,51,3633.000,650.930,-7.800,14,-30.900,276,24.800,50.01525,14.60636
8,52,3639.000,650.430,-7.800,14,-31.000,276,24.800,50.01525,14.60665
8,53,3645.500,649.890,-7.800,14,-31.000,275,24.800,50.01524,14.60696
8,54,3652.700,649.280,-7.900,14,-31.000,275,24.800,50.01522,14.60730
8,55,3660.200,648.660,-8.000,14,-31.100,275,24.800,50.01519,14.60767
8,56,3667.500,648.050,-8.000,14,-31.100,275,24.800,50.01517,14.60805
8,57,3674.400,647.470,-8.100,14,-31.100,275,24.800,50.01515,14.60840
8,58,3681.200,646.900,-8.100,14,-31.100,275,24.800,50.01514,14.60871
8,59,3688.300,646.310,-8.200,14,-31.200,275,24.900,50.01512,14.60904
9,0,3696.000,645.670,-8.300,14,-31.200,275,24.900,50.01509,14.60940
9,1,3703.800,645.020,-8.300,14,-31.200,275,24.900,50.01506,14.60980
9,2,3711.100,644.410,-8.400,14,-31.300,275,24.800,50.01504,14.61022
9,3,3717.800,643.860,-8.400,14,-31.300,274,24.800,50.01501,14.61060
9,4,3724.200,643.320,-8.500,14,-31.400,274,24.800,50.01497,14.61093
9,5,3730.900,642.770,-8.500,14,-31.500,274,24.800,50.01493,14.61123
9,6,3738.200,642.160,-8.600,14,-31.600,274,24.800,50.01492,14.61152
9,7,3745.400,641.560,-8.600,14,-31.700,274,24.800,50.01494,14.61184
9,8,3751.800,641.040,-8.700,14,-31.700,274,24.700,50.01496,14.61222
9,9,3757.100,640.600,-8.700,14,-31.800,274,24.700,50.01497,14.61262
9,10,3762.100,640.180,-8.800,14,-31.800,273,24.700,50.01495,14.61300
9,11,3767.900,639.710,-8.800,14,-31.800,273,24.600,50.01490,14.61335
9,12,3774.300,639.170,-8.900,14,-31.900,273,24.600,50.01483,14.61366
9,13,3780.900,638.630,-8.900,14,-31.900,273,24.600,50.01479,14.61394
9,14,3787.400,638.090,-9.000,14,-32.000,273,24.500,50.01478,14.61424
9,15,3794.000,637.550,-9.000,14,-32.100,272,24.500,50.01481,14.61457
9,16,3800.300,637.030,-9.000,14,-32.100,272,24.500,50.01484,14.61494
9,17,3806.500,636.520,-9.100,14,-32.100,272,24.400,50.01483,14.61532
9,18,3812.500,636.030,-9.100,14,-32.200,272,24.400,50.01480,14.61570
9,19,3818.400,635.540,-9.200,14,-32.200,271,24.400,50.01475,14.61603
9,20,3824.400,635.050,-9.200,14,-32.200,271,24.300,50.01472,14.61633
9,21,3830.700,634.530,-9.300,14,-32.200,271,24.300,50.01471,14.61661
9,22,3837.000,634.020,-9.300,14,-32.300,271,24.300,50.01473,14.61691
9,23,3843.000,633.520,-9.400,13,-32.600,270,24.200,50.01475,14.61726
9,24,3849.100,633.020,-9.400,13,-33.000,270,24.200,50.01476,14.61764
9,25,3855.800,632.470,-9.300,12,-33.400,270,24.200,50.01476,14.61804
9,26,3863.200,631.870,-9.300,12,-33.600,270,24.100,50.01476,14.61842
9,27,3870.700,631.250,-9.400,12,-33.700,270,24.100,50.01477,14.61876
9,28,3878.000,630.660,-9.400,12,-33.700,269,24.100,50.01480,14.61906
9,29,3884.900,630.090,-9.400,12,-33.700,269,24.100,50.01484,14.61934
9,30,3892.000,629.520,-9.500,12,-33.800,269,24.000,50.01487,14.61963
9,31,3899.100,628.940,-9.500,12,-34.000,269,24.000,50.01487,14.61994
9,32,3906.000,628.370,-9.600,11,-34.400,269,24.000,50.01486,14.62029
9,33,3912.800,627.820,-9.600,11,-34.700,269,24.000,50.01484,14.62066
9,34,3919.600,627.270,-9.600,11,-35.100,268,23.900,50.01484,14.62105
9,35,3926.300,626.720,-9.600,10,-35.500,268,23.900,50.01487,14.62140
9,36,3932.800,626.200,-9.600,10,-35.700,268,23.900,50.01489,14.62171
9,37,3938.700,625.710,-9.600,10,-35.800,268,23.800,50.01490,14.62199
9,38,3944.200,625.270,-9.600,10,-35.900,268,23.800,50.01488,14.62230
9,39,3949.600,624.840,-9.700,10,-35.900,268,23.700,50.01486,14.62265
9,40,3955.200,624.380,-9.700,10,-36.000,268,23.700,50.01486,14.62303
9,41,3961.500,623.870,-9.700,10,-35.900,268,23.700,50.01487,14.62341
9,42,3968.000,623.340,-9.800,10,-36.000,268,23.600,50.01491,14.62377
9,43,3974.400,622.830,-9.800,10,-36.000,268,23.600,50.01495,14.62407
9,44,3980.500,622.340,-9.900,10,-36.000,267,23.500,50.01498,14.62435
9,45,3986.300,621.870,-9.900,10,-36.100,267,23.400,50.01500,14.62463
9,46,3992.000,621.410,-9.900,10,-36.200,267,23.400,50.01500,14.62495
9,47,3997.800,620.940,-9.900,10,-36.300,267,23.300,50.01498,14.62531
9,48,4004.100,620.430,-9.900,10,-36.300,267,23.300,50.01496,14.62570
9,49,4011.000,619.880,-10.000,10,-36.400,267,23.200,50.01497,14.62608
9,50,4018.400,619.280,-10.000,9,-36.500,267,23.100,50.01499,14.62642
9,51,4025.900,618.670,-10.000,9,-36.700,267,23.100,50.01503,14.62671
9,52,4033.200,618.090,-10.000,9,-36.800,267,23.000,50.01506,14.62697
9,53,4040.100,617.540,-10.000,9,-36.900,267,23.000,50.01507,14.62723
9,54,4046.300,617.040,-10.000,9,-37.100,267,22.900,50.01507,14.62752
9,55,4052.000,616.590,-10.100,9,-37.300,267,22.900,50.01506,14.62785
9,56,4057.800,616.120,-10.100,9,-37.600,266,22.800,50.01506,14.62821
9,57,4064.500,615.590,-10.100,8,-38.000,266,22.800,50.01507,14.62856
9,58,4071.800,615.000,-10.100,8,-38.400,266,22.700,50.01510,14.62888
9,59,4079.400,614.400,-10.100,8,-38.600,266,22.700,50.01513,14.62916
10,0,4086.400,613.840,-10.100,8,-38.600,266,22.700,50.01514,14.62944
10,1,4092.300,613.370,-10.200,8,-38.700,266,22.700,50.01512,14.62976
10,2,4097.200,612.970,-10.200,8,-38.700,266,22.600,50.01511,14.63012
10,3,4102.100,612.590,-10.300,8,-38.800,266,22.600,50.01512,14.63048
10,4,4107.200,612.180,-10.300,8,-38.900,266,22.700,50.01516,14.63080
10,5,4112.400,611.770,-10.300,8,-38.900,266,22.700,50.01523,14.63109
10,6,4117.900,611.330,-10.300,8,-38.900,266,22.700,50.01529,14.63136
10,7,4124.200,610.830,-10.400,8,-39.000,266,22.700,50.01533,14.63163
10,8,4131.700,610.230,-10.500,8,-39.100,266,22.800,50.01534,14.63190
10,9,4140.600,609.530,-10.500,8,-39.100,266,22.800,50.01533,14.63221
10,10,4150.400,608.750,-10.600,8,-39.100,266,22.900,50.01532,14.63255
10,11,4160.300,607.970,-10.600,8,-39.300,266,23.000,50.01533,14.63290
10,12,4169.500,607.240,-10.700,7,-39.400,266,23.000,50.01535,14.63323
10,13,4176.800,606.660,-10.700,7,-39.600,266,23.100,50.01538,14.63350
10,14,4181.800,606.270,-10.700,7,-39.800,266,23.200,50.01541,14.63375
10,15,4186.400,605.910,-10.700,7,-40.100,266,23.200,50.01543,14.63403
10,16,4192.700,605.410,-10.700,7,-40.200,266,23.300,50.01542,14.63436
10,17,4200.600,604.790,-10.700,7,-40.300,266,23.400,50.01541,14.63473
10,18,4209.000,604.120,-10.700,7,-40.200,266,23.400,50.01541,14.63511
10,19,4217.800,603.440,-10.700,7,-40.100,265,23.500,50.01545,14.63548
10,20,4226.700,602.740,-10.700,7,-40.000,265,23.500,50.01549,14.63581
10,21,4235.200,602.070,-10.800,7,-39.900,265,23.600,50.01554,14.63612
10,22,4242.900,601.470,-10.800,7,-39.800,265,23.600,50.01555,14.63644
10,23,4249.700,600.930,-10.900,7,-39.700,265,23.600,50.01554,14.63679
10,24,4256.400,600.410,-10.900,7,-39.700,265,23.700,50.01551,14.63716
10,25,4263.300,599.870,-11.000,7,-39.600,265,23.700,50.01551,14.63752
10,26,4270.200,599.330,-11.000,8,-39.500,264,23.700,50.01552,14.63789
10,27,4276.900,598.810,-11.000,8,-39.400,264,23.700,50.01557,14.63826
10,28,4283.500,598.300,-11.000,8,-39.400,264,23.600,50.01563,14.63864
10,29,4290.500,597.750,-11.000,8,-39.400,264,23.600,50.01568,14.63900
10,30,4298.000,597.170,-11.100,8,-39.400,263,23.600,50.01571,14.63932
10,31,4305.600,596.580,-11.100,8,-39.600,263,23.600,50.01570,14.63960
10,32,4313.300,595.980,-11.100,7,-39.800,263,23.500,50.01569,14.63986
10,33,4321.000,595.380,-11.100,7,-40.100,263,23.500,50.01569,14.64014
10,34,4328.600,594.790,-11.100,7,-40.400,262,23.400,50.01572,14.64045
10,35,4336.100,594.210,-11.100,7,-40.700,262,23.400,50.01578,14.64081
10,36,4343.500,593.630,-11.100,7,-40.800,262,23.300,50.01583,14.64119
10,37,4351.000,593.060,-11.200,7,-40.900,261,23.300,50.01586,14.64155
10,38,4358.100,592.500,-11.300,7,-41.000,261,23.200,50.01587,14.64186
10,39,4364.800,591.990,-11.300,7,-41.100,261,23.100,50.01589,14.64212
10,40,4371.200,591.490,-11.300,6,-41.400,260,23.100,50.01593,14.64237
10,41,4378.000,590.970,-11.300,6,-41.700,260,23.000,50.01599,14.64264
10,42,4385.500,590.390,-11.300,6,-42.000,260,23.000,50.01605,14.64294
10,43,4393.300,589.790,-11.300,6,-42.200,259,22.900,50.01610,14.64328
10,44,4400.800,589.210,-11.300,6,-42.400,259,22.900,50.01612,14.64364
10,45,4407.800,588.670,-11.400,6,-42.400,259,22.800,50.01615,14.64399
10,46,4414.000,588.200,-11.400,6,-42.400,259,22.800,50.01618,14.64430
10,47,4419.500,587.770,-11.500,6,-42.400,258,22.700,50.01624,14.64458
10,48,4425.500,587.320,-11.500,6,-42.300,258,22.700,50.01632,14.64483
10,49,4432.600,586.780,-11.600,6,-42.300,258,22.700,50.01638,14.64509
10,50,4440.400,586.170,-11.600,6,-42.300,258,22.600,50.01641,14.64539
10,51,4448.300,585.570,-11.700,6,-42.400,258,22.600,50.01644,14.64572
10,52,4455.400,585.030,-11.800,6,-42.400,258,22.500,50.01648,14.64607
10,53,4461.100,584.590,-11.800,6,-42.400,258,22.500,50.01654,14.64642
10,54,4466.100,584.210,-11.900,6,-42.300,257,22.500,50.01662,14.64672
10,55,4471.300,583.820,-11.900,6,-42.300,257,22.400,50.01669,14.64700
10,56,4477.400,583.350,-12.000,6,-42.300,257,22.400,50.01672,14.64727
10,57,4484.900,582.780,-12.000,6,-42.300,257,22.300,50.01672,14.64756
10,58,4493.500,582.120,-12.100,6,-42.300,257,22.300,50.01672,14.64789
10,59,4502.500,581.430,-12.200,6,-42.400,257,22.200,50.01675,14.64823
11,0,4511.400,580.760,-12.200,6,-42.500,257,22.200,50.01681,14.64855
11,1,4519.700,580.130,-12.300,6,-42.600,257,22.100,50.01689,14.64884
11,2,4527.100,579.560,-12.300,6,-42.800,257,22.100,50.01694,14.64911
11,3,4533.300,579.100,-12.300,6,-42.800,257,22.000,50.01697,14.64936
11,4,4538.300,578.710,-12.400,6,-42.900,257,22.000,50.01698,14.64963
11,5,4543.600,578.310,-12.400,6,-42.900,257,21.900,50.01700,14.64992
11,6,4550.400,577.800,-12.500,6,-43.000,257,21.900,50.01702,14.65025
11,7,4558.800,577.160,-12.500,6,-43.100,257,21.800,50.01707,14.65060
11,8,4567.900,576.480,-12.500,6,-43.200,257,21.800,50.01715,14.65092
11,9,4576.400,575.830,-12.600,6,-43.300,257,21.700,50.01722,14.65121
11,10,4583.800,575.280,-12.600,6,-43.400,257,21.700,50.01728,14.65147
11,11,4590.400,574.780,-12.700,6,-43.600,257,21.600,50.01731,14.65172
11,12,4597.300,574.260,-12.800,5,-43.900,256,21.600,50.01733,14.65200
11,13,4605.500,573.640,-12.800,5,-44.300,256,21.600,50.01736,14.65233
11,14,4615.400,572.890,-12.800,5,-44.400,256,21.500,50.01741,14.65267
11,15,4625.400,572.150,-12.800,5,-44.300,256,21.500,50.01747,14.65301
11,16,4634.700,571.450,-12.800,5,-44.100,256,21.500,50.01754,14.65329
11,17,4642.700,570.850,-12.900,5,-44.000,256,21.500,50.01759,14.65354
11,18,4649.400,570.340,-12.900,5,-44.100,256,21.500,50.01763,14.65381
11,19,4656.000,569.860,-12.900,5,-44.300,256,21.500,50.01764,14.65410
11,20,4663.400,569.300,-12.900,5,-44.600,255,21.500,50.01764,14.65441
11,21,4671.700,568.680,-13.000,5,-44.900,255,21.500,50.01767,14.65470
11,22,4679.800,568.080,-13.000,5,-45.100,255,21.500,50.01773,14.65496
11,23,4687.300,567.520,-13.100,5,-45.300,255,21.500,50.01782,14.65522
11,24,4694.400,566.980,-13.100,5,-45.400,255,21.500,50.01791,14.65549
11,25,4701.600,566.450,-13.200,5,-45.500,255,21.500,50.01798,14.65580
11,26,4709.100,565.890,-13.200,5,-45.600,254,21.500,50.01802,14.65612
11,27,4716.600,565.340,-13.300,5,-45.600,254,21.500,50.01803,14.65642
11,28,4723.700,564.800,-13.300,5,-45.700,254,21.600,50.01803,14.65669
11,29,4730.800,564.280,-13.400,5,-45.600,254,21.600,50.01805,14.65693
11,30,4737.900,563.750,-13.400,5,-45.600,254,21.600,50.01811,14.65718
11,31,4745.000,563.230,-13.500,5,-45.600,253,21.600,50.01818,14.65747
11,32,4751.700,562.730,-13.500,5,-45.700,253,21.600,50.01827,14.65780
11,33,4758.300,562.240,-13.500,5,-45.700,253,21.700,50.01834,14.65816
11,34,4765.200,561.730,-13.600,5,-45.700,253,21.700,50.01841,14.65852
11,35,4772.600,561.180,-13.600,5,-45.600,253,21.700,50.01848,14.65884
11,36,4780.100,560.630,-13.700,5,-45.600,252,21.700,50.01857,14.65913
11,37,4787.200,560.100,-13.700,5,-45.600,252,21.700,50.01865,14.65937
11,38,4793.900,559.610,-13.800,5,-45.600,252,21.700,50.01871,14.65960
11,39,4800.000,559.160,-13.800,5,-45.500,252,21.700,50.01875,14.65985
11,40,4805.900,558.730,-13.800,5,-45.500,252,21.700,50.01877,14.66013
11,41,4812.100,558.270,-13.900,5,-45.500,252,21.700,50.01881,14.66045
11,42,4819.000,557.760,-14.000,5,-45.400,251,21.700,50.01887,14.66078
11,43,4826.700,557.200,-14.000,5,-45.500,251,21.600,50.01895,14.66110
11,44,4834.500,556.630,-14.100,5,-45.500,251,21.600,50.01903,14.66137
11,45,4842.000,556.070,-14.100,5,-45.500,251,21.600,50.01908,14.66162
11,46,4848.900,555.570,-14.100,5,-45.400,251,21.600,50.01912,14.66187
11,47,4855.400,555.100,-14.100,5,-45.400,251,21.600,50.01915,14.66215
11,48,4861.700,554.640,-14.200,5,-45.500,250,21.500,50.01920,14.66247
11,49,4868.100,554.160,-14.200,5,-45.600,250,21.500,50.01928,14.66282
11,50,4874.900,553.670,-14.200,5,-45.800,250,21.500,50.01937,14.66315
11,51,4882.100,553.150,-14.200,5,-45.900,250,21.500,50.01945,14.66345
11,52,4889.000,552.640,-14.300,5,-46.000,250,21.400,50.01953,14.66371
11,53,4895.300,552.180,-14.300,5,-46.000,250,21.400,50.01959,14.66393
11,54,4900.900,551.770,-14.400,5,-45.900,250,21.400,50.01965,14.66415
11,55,4906.600,551.360,-14.400,5,-45.700,250,21.400,50.01973,14.66436
11,56,4912.800,550.910,-14.400,5,-45.600,250,21.400,50.01981,14.66460
11,57,4919.400,550.420,-14.500,5,-45.600,250,21.300,50.01991,14.66487
11,58,4926.200,549.930,-14.600,5,-45.600,250,21.300,50.02001,14.66518
11,59,4933.200,549.420,-14.600,5,-45.600,250,21.300,50.02007,14.66550
12,0,4940.400,548.900,-14.600,5,-45.700,250,21.300,50.02011,14.66581
12,1,4947.700,548.370,-14.700,5,-45.800,250,21.300,50.02013,14.66609
12,2,4954.900,547.850,-14.800,5,-45.900,250,21.300,50.02018,14.66633
12,3,4961.700,547.360,-14.800,5,-45.900,250,21.300,50.02025,14.66657
12,4,4968.300,546.880,-14.900,5,-45.900,250,21.200,50.02034,14.66684
12,5,4975.000,546.400,-14.900,5,-46.000,250,21.200,50.02044,14.66714
12,6,4982.000,545.890,-15.000,5,-46.000,250,21.200,50.02053,14.66747
12,7,4989.400,545.360,-15.000,5,-45.900,250,21.200,50.02058,14.66778
12,8,4996.600,544.840,-15.100,5,-45.900,250,21.200,50.02061,14.66806
12,9,5003.500,544.340,-15.100,5,-46.000,250,21.200,50.02064,14.66830
12,10,5010.400,543.840,-15.200,5,-46.100,250,21.200,50.02069,14.66854
12,11,5017.500,543.330,-15.200,5,-46.200,251,21.200,50.02076,14.66880
12,12,5024.800,542.810,-15.300,5,-46.500,251,21.200,50.02084,14.66909
12,13,5032.500,542.260,-15.300,5,-46.600,251,21.100,50.02092,14.66943
12,14,5040.500,541.680,-15.300,5,-46.700,251,21.100,50.02098,14.66976
12,15,5048.600,541.100,-15.300,5,-46.800,251,21.100,50.02103,14.67006
12,16,5056.100,540.560,-15.400,5,-46.800,251,21.100,50.02108,14.67031
12,17,5062.900,540.070,-15.400,5,-46.900,251,21.100,50.02115,14.67052
12,18,5069.500,539.600,-15.500,5,-46.900,251,21.100,50.02123,14.67076
12,19,5076.300,539.110,-15.600,5,-47.000,251,21.100,50.02132,14.67103
12,20,5083.800,538.580,-15.600,5,-47.000,251,21.000,50.02140,14.67135
12,21,5091.900,538.000,-15.700,5,-47.100,251,21.000,50.02144,14.67165
12,22,5099.900,537.430,-15.700,5,-47.200,251,21.000,50.02146,14.67193
12,23,5107.300,536.900,-15.700,5,-47.300,252,21.000,50.02148,14.67217
12,24,5114.400,536.400,-15.800,5,-47.400,252,21.000,50.02154,14.67241
12,25,5121.400,535.900,-15.800,5,-47.600,252,21.000,50.02162,14.67267
12,26,5128.500,535.390,-15.900,5,-47.900,252,21.000,50.02170,14.67297
12,27,5135.600,534.890,-15.900,4,-48.700,252,21.000,50.02177,14.67329
12,28,5142.700,534.380,-15.900,4,-49.500,252,21.000,50.02181,14.67362
12,29,5149.900,533.870,-15.900,3,-50.500,252,20.900,50.02184,14.67393
12,30,5157.300,533.350,-16.000,3,-51.100,252,20.900,50.02188,14.67419
12,31,5164.700,532.830,-16.100,3,-51.300,252,20.900,50.02195,14.67443
12,32,5172.100,532.300,-16.100,3,-51.300,252,20.900,50.02205,14.67467
12,33,5179.700,531.760,-16.200,3,-51.200,252,20.900,50.02215,14.67492
12,34,5187.800,531.190,-16.300,3,-51.200,252,20.900,50.02223,14.67519
12,35,5195.800,530.620,-16.300,3,-51.500,252,20.900,50.02228,14.67546
12,36,5203.600,530.080,-16.300,3,-51.800,252,20.900,50.02231,14.67575
12,37,5211.200,529.540,-16.400,3,-52.100,252,20.900,50.02232,14.67606
12,38,5219.000,528.990,-16.500,3,-52.000,253,20.900,50.02236,14.67637
12,39,5226.700,528.450,-16.500,3,-51.800,253,20.900,50.02243,14.67666
12,40,5234.000,527.940,-16.600,3,-51.700,253,20.900,50.02251,14.67690
12,41,5240.500,527.480,-16.700,3,-51.700,253,20.900,50.02258,14.67712
12,42,5246.800,527.040,-16.700,3,-51.900,253,20.900,50.02264,14.67735
12,43,5253.400,526.580,-16.700,3,-52.000,253,20.900,50.02269,14.67761
12,44,5260.300,526.090,-16.800,3,-51.900,253,20.900,50.02273,14.67793
12,45,5267.600,525.580,-16.900,3,-51.400,253,20.900,50.02279,14.67827
12,46,5275.000,525.060,-16.900,4,-50.900,253,20.900,50.02287,14.67859
12,47,5282.400,524.540,-17.000,4,-50.700,254,20.900,50.02295,14.67888
12,48,5289.500,524.050,-17.100,4,-50.800,254,20.900,50.02300,14.67913
12,49,5296.500,523.560,-17.100,4,-50.900,254,20.900,50.02304,14.67937
12,50,5303.700,523.050,-17.100,4,-51.100,254,20.900,50.02305,14.67963
12,51,5311.400,522.520,-17.200,4,-51.000,254,20.900,50.02308,14.67993
12,52,5319.100,521.980,-17.300,4,-50.800,254,20.900,50.02314,14.68025
12,53,5326.500,521.470,-17.300,4,-50.400,254,20.900,50.02321,14.68058
12,54,5333.600,520.970,-17.400,4,-50.200,254,20.900,50.02329,14.68086
12,55,5340.600,520.490,-17.400,4,-50.000,254,20.900,50.02334,14.68111
12,56,5347.400,520.010,-17.400,4,-50.100,254,20.900,50.02338,14.68134
12,57,5354.700,519.510,-17.500,4,-50.400,254,20.900,50.02341,14.68160
12,58,5362.800,518.940,-17.600,4,-50.700,254,20.900,50.02343,14.68192
12,59,5371.300,518.350,-17.600,4,-51.000,254,20.900,50.02348,14.68224
13,0,5379.600,517.780,-17.700,4,-51.300,254,21.000,50.02353,14.68253
13,1,5386.800,517.280,-17.700,3,-51.800,254,21.000,50.02358,14.68276
13,2,5392.600,516.880,-17.700,3,-52.300,254,21.000,50.02361,14.68298
13,3,5397.700,516.530,-17.800,3,-52.600,254,21.000,50.02364,14.68325
13,4,5403.500,516.130,-17.900,3,-52.800,254,21.000,50.02367,14.68355
13,5,5410.500,515.640,-17.900,3,-52.700,254,21.000,50.02374,14.68387
13,6,5418.700,515.080,-18.000,3,-52.600,254,21.000,50.02383,14.68416
13,7,5426.700,514.520,-18.000,3,-52.500,254,21.100,50.02391,14.68442
13,8,5433.700,514.040,-18.100,3,-52.600,254,21.100,50.02398,14.68466
13,9,5439.600,513.640,-18.100,3,-52.600,254,21.100,50.02404,14.68492
13,10,5445.900,513.200,-18.200,3,-52.700,254,21.100,50.02410,14.68520
13,11,5454.400,512.620,-18.200,3,-52.800,253,21.100,50.02416,14.68549
13,12,5464.100,511.960,-18.300,3,-52.700,253,21.100,50.02423,14.68577
13,13,5473.800,511.290,-18.300,3,-52.700,253,21.100,50.02429,14.68603
13,14,5479.000,510.930,-18.300,3,-52.700,253,21.200,50.02435,14.68629
13,15,5482.500,510.690,-18.300,3,-52.500,253,21.200,50.02440,14.68658
13,16,5487.600,510.340,-18.400,3,-52.300,253,21.200,50.02442,14.68692
13,17,5494.700,509.860,-18.400,4,-52.000,253,21.200,50.02444,14.68729
13,18,5502.700,509.310,-18.500,4,-51.900,253,21.200,50.02448,14.68764
13,19,5511.100,508.740,-18.500,4,-51.700,253,21.200,50.02454,14.68794
13,20,5518.800,508.210,-18.600,4,-51.300,253,21.200,50.02462,14.68818
13,21,5524.800,507.810,-18.600,4,-50.900,253,21.200,50.02469,14.68838
13,22,5529.300,507.490,-18.700,4,-50.500,253,21.200,50.02474,14.68859
13,23,5534.600,507.140,-18.700,4,-50.200,252,21.200,50.02478,14.68883
13,24,5542.200,506.620,-18.800,5,-50.200,252,21.200,50.02482,14.68911
13,25,5552.500,505.920,-18.900,5,-50.200,252,21.200,50.02486,14.68943
13,26,5563.700,505.160,-18.900,4,-50.400,252,21.100,50.02492,14.68975
13,27,5574.300,504.440,-19.000,4,-50.500,252,21.100,50.02500,14.69004
13,28,5583.600,503.810,-19.100,4,-50.700,252,21.100,50.02506,14.69031
13,29,5591.700,503.260,-19.100,4,-50.800,252,21.100,50.02509,14.69057
13,30,5598.300,502.810,-19.200,4,-50.900,252,21.100,50.02511,14.69086
13,31,5603.600,502.450,-19.300,4,-50.900,251,21.000,50.02515,14.69117
13,32,5608.500,502.120,-19.300,4,-51.000,251,21.000,50.02523,14.69150
13,33,5614.000,501.750,-19.400,4,-51.000,251,21.000,50.02533,14.69181
13,34,5620.000,501.340,-19.400,4,-51.100,251,21.000,50.02542,14.69208
13,35,5625.500,500.980,-19.500,4,-51.300,251,20.900,50.02551,14.69231
13,36,5630.100,500.670,-19.500,4,-51.600,251,20.900,50.02557,14.69252
13,37,5634.700,500.360,-19.600,4,-52.000,251,20.900,50.02561,14.69275
13,38,5640.200,499.980,-19.600,4,-52.600,251,20.800,50.02563,14.69302
13,39,5647.700,499.480,-19.700,3,-53.100,251,20.800,50.02565,14.69332
13,40,5657.100,498.840,-19.700,3,-53.300,250,20.700,50.02570,14.69364
13,41,5667.400,498.150,-19.800,3,-53.300,250,20.700,50.02577,14.69394
13,42,5677.400,497.480,-19.800,4,-53.200,250,20.700,50.02585,14.69420
13,43,5686.900,496.850,-19.900,4,-53.100,250,20.600,50.02592,14.69444
13,44,5695.500,496.270,-19.900,4,-53.000,250,20.600,50.02598,14.69467
13,45,5703.300,495.750,-20.000,4,-53.000,250,20.500,50.02602,14.69493
13,46,5710.600,495.260,-20.100,4,-53.000,250,20.500,50.02609,14.69523
13,47,5718.100,494.760,-20.200,4,-53.100,250,20.500,50.02618,14.69554
13,48,5726.500,494.200,-20.200,4,-53.100,251,20.400,50.02627,14.69583
13,49,5735.300,493.610,-20.300,4,-52.900,251,20.400,50.02634,14.69607
13,50,5743.800,493.040,-20.300,4,-52.700,251,20.400,50.02640,14.69630
13,51,5751.500,492.530,-20.400,4,-52.500,251,20.300,50.02646,14.69656
13,52,5758.600,492.060,-20.500,4,-52.500,251,20.300,50.02653,14.69686
13,53,5765.800,491.580,-20.500,4,-52.600,251,20.300,50.02658,14.69720
13,54,5774.000,491.030,-20.600,4,-52.900,251,20.300,50.02661,14.69752
13,55,5783.400,490.410,-20.600,4,-53.200,252,20.300,50.02663,14.69775
13,56,5792.800,489.790,-20.700,4,-53.500,252,20.300,50.02666,14.69792
13,57,5800.200,489.300,-20.700,4,-53.700,252,20.300,50.02670,14.69809
13,58,5805.300,488.960,-20.800,4,-53.900,252,20.300,50.02678,14.69829
13,59,5809.700,488.670,-20.900,3,-54.100,252,20.300,50.02686,14.69851
14,0,5815.300,488.300,-20.900,3,-54.400,253,20.300,50.02691,14.69879
14,1,5822.600,487.820,-21.000,3,-54.700,253,20.300,50.02693,14.69912
14,2,5831.500,487.230,-21.000,3,-54.700,253,20.300,50.02695,14.69947
14,3,5840.400,486.640,-21.000,3,-54.800,253,20.300,50.02700,14.69980
14,4,5847.400,486.180,-21.000,3,-55.100,254,20.300,50.02708,14.70007
14,5,5852.100,485.870,-21.100,3,-55.500,254,20.400,50.02717,14.70028
14,6,5855.500,485.650,-21.100,3,-55.800,254,20.400,50.02724,14.70047
14,7,5859.900,485.360,-21.100,3,-56.100,254,20.400,50.02730,14.70069
14,8,5866.600,484.910,-21.200,3,-56.200,254,20.400,50.02735,14.70096
14,9,5875.600,484.330,-21.300,3,-56.300,254,20.500,50.02738,14.70128
14,10,5885.900,483.650,-21.300,3,-56.500,255,20.500,50.02742,14.70163
14,11,5896.000,482.980,-21.300,3,-56.600,255,20.500,50.02745,14.70196
14,12,5903.600,482.490,-21.400,3,-56.700,255,20.500,50.02748,14.70225
14,13,5907.700,482.220,-21.400,3,-56.800,255,20.600,50.02750,14.70248
14,14,5909.900,482.080,-21.500,3,-56.900,255,20.600,50.02752,14.70271
14,15,5912.200,481.920,-21.500,3,-56.900,255,20.600,50.02754,14.70297
14,16,5917.700,481.570,-21.600,3,-57.000,255,20.600,50.02759,14.70329
14,17,5927.600,480.920,-21.600,3,-57.000,255,20.700,50.02768,14.70364
14,18,5939.700,480.130,-21.600,3,-57.000,255,20.700,50.02776,14.70398
14,19,5951.000,479.390,-21.600,3,-56.900,255,20.700,50.02783,14.70425
14,20,5960.500,478.780,-21.700,3,-56.700,255,20.700,50.02788,14.70450
14,21,5968.300,478.270,-21.700,3,-56.600,255,20.700,50.02789,14.70475
14,22,5974.900,477.840,-21.800,3,-56.500,255,20.700,50.02790,14.70503
14,23,5980.900,477.450,-21.800,3,-56.400,255,20.700,50.02793,14.70534
14,24,5986.400,477.090,-21.900,3,-56.500,256,20.700,50.02800,14.70564
14,25,5991.500,476.760,-21.900,3,-56.500,256,20.800,50.02809,14.70591
14,26,5996.600,476.430,-22.000,3,-56.300,256,20.800,50.02818,14.70614
14,27,6001.800,476.090,-22.000,3,-56.100,256,20.800,50.02825,14.70637
14,28,6007.500,475.720,-22.100,3,-55.800,256,20.800,50.02829,14.70662
14,29,6014.000,475.300,-22.100,3,-55.400,256,20.800,50.02830,14.70690
14,30,6021.300,474.840,-22.100,3,-55.200,256,20.800,50.02831,14.70723
14,31,6028.900,474.340,-22.200,3,-54.900,256,20.800,50.02832,14.70757
14,32,6036.500,473.850,-22.200,4,-54.600,256,20.800,50.02836,14.70790
14,33,6043.400,473.410,-22.300,4,-54.200,256,20.800,50.02843,14.70820
14,34,6049.700,473.000,-22.300,4,-54.000,256,20.800,50.02851,14.70847
14,35,6055.800,472.610,-22.300,4,-53.700,257,20.800,50.02860,14.70871
14,36,6062.000,472.210,-22.400,4,-53.500,257,20.800,50.02867,14.70895
14,37,6068.500,471.790,-22.400,4,-53.400,257,20.800,50.02871,14.70919
14,38,6074.900,471.380,-22.500,4,-53.200,257,20.800,50.02873,14.70947
14,39,6081.100,470.980,-22.500,5,-53.000,257,20.800,50.02874,14.70979
14,40,6087.200,470.590,-22.600,5,-52.900,257,20.800,50.02874,14.71012
14,41,6093.400,470.190,-22.600,5,-52.800,257,20.800,50.02875,14.71044
14,42,6100.100,469.760,-22.600,5,-52.700,257,20.800,50.02876,14.71072
14,43,6107.200,469.310,-22.700,5,-52.700,257,20.800,50.02878,14.71097
14,44,6114.500,468.840,-22.800,5,-52.700,257,20.800,50.02883,14.71123
14,45,6121.500,468.390,-22.800,5,-52.700,257,20.800,50.02890,14.71151
14,46,6128.200,467.970,-22.800,5,-52.700,257,20.800,50.02899,14.71182
14,47,6135.000,467.530,-22.800,5,-52.800,258,20.800,50.02905,14.71214
14,48,6142.400,467.060,-22.800,5,-52.900,258,20.700,50.02909,14.71245
14,49,6150.300,466.560,-22.800,5,-53.200,258,20.700,50.02909,14.71271
14,50,6157.800,466.080,-22.800,4,-53.400,258,20.700,50.02911,14.71295
14,51,6164.600,465.650,-22.800,4,-53.700,258,20.700,50.02917,14.71319
14,52,6170.500,465.270,-22.900,4,-53.800,257,20.700,50.02924,14.71347
14,53,6176.300,464.910,-22.800,4,-53.900,257,20.700,50.02931,14.71379
14,54,6182.900,464.490,-22.800,4,-53.900,257,20.600,50.02934,14.71413
14,55,6190.400,464.010,-22.800,4,-53.900,257,20.600,50.02935,14.71445
14,56,6198.000,463.530,-22.800,4,-54.000,257,20.600,50.02934,14.71472
14,57,6205.200,463.070,-22.900,4,-54.000,257,20.600,50.02935,14.71495
14,58,6212.000,462.640,-22.900,4,-54.000,257,20.600,50.02939,14.71518
14,59,6218.200,462.250,-23.000,4,-54.000,257,20.600,50.02946,14.71543
15,0,6224.100,461.880,-23.000,4,-54.000,257,20.500,50.02953,14.71572
15,1,6230.400,461.480,-23.000,4,-54.000,257,20.500,50.02959,14.71605
15,2,6237.600,461.030,-23.000,4,-54.000,257,20.500,50.02962,14.71638
15,3,6245.500,460.530,-23.100,4,-54.100,257,20.500,50.02964,14.71668
15,4,6253.200,460.050,-23.200,4,-54.200,257,20.500,50.02965,14.71693
15,5,6260.400,459.600,-23.200,4,-54.200,257,20.500,50.02969,14.71714
15,6,6267.000,459.180,-23.300,4,-54.200,257,20.400,50.02975,14.71736
15,7,6273.100,458.800,-23.300,4,-54.200,257,20.400,50.02982,14.71762
15,8,6279.200,458.420,-23.400,4,-54.200,257,20.400,50.02989,14.71792
15,9,6285.800,458.000,-23.400,4,-54.300,257,20.400,50.02992,14.71825
15,10,6293.300,457.530,-23.400,4,-54.300,258,20.400,50.02993,14.71857
15,11,6301.300,457.030,-23.500,4,-54.300,258,20.400,50.02994,14.71885
15,12,6309.100,456.550,-23.600,4,-54.300,258,20.400,50.02998,14.71910
15,13,6316.300,456.100,-23.600,4,-54.400,258,20.300,50.03005,14.71934
15,14,6322.700,455.700,-23.700,4,-54.500,259,20.300,50.03014,14.71960
15,15,6328.800,455.310,-23.700,4,-54.600,259,20.300,50.03023,14.71990
15,16,6335.500,454.900,-23.700,4,-54.700,259,20.300,50.03030,14.72021
15,17,6342.900,454.440,-23.600,4,-54.700,260,20.300,50.03034,14.72050
15,18,6350.700,453.950,-23.400,4,-54.700,260,20.300,50.03036,14.72077
15,19,6358.200,453.480,-23.300,4,-54.600,261,20.300,50.03036,14.72102
15,20,6365.400,453.040,-23.300,4,-54.400,261,20.200,50.03036,14.72128
15,21,6372.500,452.600,-23.400,4,-54.200,262,20.200,50.03038,14.72160
15,22,6379.700,452.150,-23.400,4,-54.000,262,20.200,50.03042,14.72193
15,23,6387.600,451.670,-23.500,4,-53.900,263,20.200,50.03047,14.72223
15,24,6395.500,451.180,-23.500,5,-53.700,263,20.200,50.03050,14.72249
15,25,6402.800,450.730,-23.500,5,-53.500,264,20.200,50.03053,14.72271
15,26,6409.300,450.330,-23.500,5,-53.200,265,20.200,50.03054,14.72293
15,27,6415.200,449.970,-23.600,5,-53.100,265,20.200,50.03055,14.72318
15,28,6420.700,449.620,-23.600,5,-53.000,266,20.100,50.03055,14.72348
15,29,6426.300,449.280,-23.700,5,-52.800,266,20.100,50.03054,14.72382
15,30,6432.200,448.920,-23.700,5,-52.400,267,20.100,50.03053,14.72414
15,31,6438.100,448.550,-23.700,6,-51.800,267,20.100,50.03050,14.72442
15,32,6444.100,448.190,-23.700,6,-51.000,268,20.100,50.03048,14.72470
15,33,6450.200,447.810,-23.700,7,-50.100,268,20.100,50.03048,14.72499
15,34,6456.500,447.430,-23.700,8,-49.400,269,20.100,50.03049,14.72530
15,35,6462.900,447.030,-23.700,8,-48.800,269,20.100,50.03053,14.72563
15,36,6469.400,446.640,-23.700,9,-48.200,269,20.100,50.03057,14.72594
15,37,6475.400,446.270,-23.700,9,-47.600,270,20.100,50.03060,14.72622
15,38,6480.600,445.950,-23.700,10,-47.000,270,20.100,50.03059,14.72650
15,39,6485.700,445.640,-23.700,10,-46.700,270,20.100,50.03055,14.72680
15,40,6491.500,445.280,-23.700,11,-46.400,271,20.100,50.03050,14.72709
15,41,6498.400,444.870,-23.800,11,-46.100,271,20.100,50.03047,14.72737
15,42,6505.900,444.410,-23.800,11,-45.900,271,20.000,50.03046,14.72762
15,43,6513.600,443.940,-23.900,12,-45.700,271,20.000,50.03048,14.72785
15,44,6521.300,443.470,-23.900,12,-45.600,272,20.000,50.03052,14.72809
15,45,6528.700,443.020,-23.900,12,-45.500,272,20.000,50.03056,14.72836
15,46,6536.000,442.580,-24.000,12,-45.400,272,20.000,50.03058,14.72865
15,47,6542.700,442.180,-24.000,12,-45.300,272,20.000,50.03057,14.72895
15,48,6548.400,441.830,-24.100,13,-45.200,273,20.000,50.03054,14.72923
15,49,6553.400,441.520,-24.100,13,-44.900,273,20.000,50.03049,14.72950
15,50,6558.900,441.190,-24.200,14,-44.500,273,20.000,50.03044,14.72976
15,51,6565.700,440.780,-24.200,15,-43.800,273,20.000,50.03041,14.73004
15,52,6573.700,440.290,-24.300,16,-43.100,273,20.000,50.03041,14.73034
15,53,6582.400,439.770,-24.300,17,-42.500,274,19.900,50.03043,14.73065
15,54,6590.700,439.270,-24.300,18,-42.200,274,19.900,50.03046,14.73095
15,55,6598.300,438.820,-24.400,18,-42.000,274,19.900,50.03049,14.73122
15,56,6604.800,438.420,-24.500,19,-41.500,274,19.900,50.03048,14.73146
15,57,6610.800,438.060,-24.500,21,-40.700,274,19.900,50.03044,14.73169
15,58,6616.900,437.690,-24.500,23,-39.700,275,19.900,50.03039,14.73196
15,59,6623.600,437.290,-24.600,25,-39.200,275,19.900,50.03035,14.73227
16,0,6631.200,436.830,-24.700,25,-39.200,275,19.900,50.03033,14.73260
16,1,6639.800,436.320,-24.700,25,-39.200,275,19.900,50.03033,14.73292
16,2,6648.500,435.800,-24.800,26,-39.000,275,19.900,50.03033,14.73319
16,3,6656.100,435.340,-24.800,27,-38.500,275,19.900,50.03032,14.73342
16,4,6662.100,434.980,-24.900,30,-37.700,275,19.900,50.03029,14.73363
16,5,6667.000,434.690,-24.900,32,-36.800,276,19.900,50.03026,14.73386
16,6,6671.700,434.410,-25.000,35,-36.200,276,19.900,50.03024,14.73412
16,7,6676.800,434.100,-25.100,36,-35.900,276,19.900,50.03022,14.73442
16,8,6682.900,433.740,-25.100,36,-35.800,276,19.900,50.03021,14.73476
16,9,6689.800,433.320,-25.200,37,-35.900,276,19.900,50.03021,14.73508
16,10,6697.200,432.880,-25.200,36,-35.900,276,19.900,50.03020,14.73538
16,11,6704.200,432.470,-25.300,36,-36.100,276,19.900,50.03019,14.73564
16,12,6710.300,432.100,-25.400,35,-36.300,276,19.900,50.03016,14.73586
16,13,6715.500,431.790,-25.400,35,-36.500,277,19.900,50.03010,14.73609
16,14,6720.600,431.490,-25.500,35,-36.500,277,19.900,50.03004,14.73635
16,15,6726.400,431.140,-25.500,36,-36.400,277,20.000,50.02999,14.73664
16,16,6733.100,430.750,-25.600,36,-36.300,277,20.000,50.02997,14.73695
16,17,6740.100,430.330,-25.700,37,-36.300,277,20.000,50.02997,14.73724
16,18,6746.800,429.940,-25.800,37,-36.200,277,20.000,50.02999,14.73750
16,19,6753.000,429.570,-25.800,38,-36.100,277,20.100,50.02999,14.73774
16,20,6758.900,429.210,-25.900,38,-36.100,277,20.100,50.02997,14.73798
16,21,6765.400,428.830,-26.000,38,-36.200,277,20.100,50.02994,14.73825
16,22,6773.000,428.380,-26.000,38,-36.300,278,20.200,50.02992,14.73855
16,23,6781.500,427.880,-26.100,38,-36.300,278,20.200,50.02992,14.73886
16,24,6789.400,427.410,-26.200,38,-36.300,278,20.200,50.02992,14.73914
16,25,6794.900,427.090,-26.300,38,-36.300,278,20.300,50.02989,14.73941
16,26,6798.300,426.890,-26.300,39,-36.300,278,20.300,50.02985,14.73968
16,27,6801.700,426.680,-26.400,39,-36.300,278,20.300,50.02978,14.73998
16,28,6806.600,426.400,-26.400,39,-36.300,278,20.300,50.02971,14.74030
16,29,6812.400,426.050,-26.400,39,-36.200,278,20.400,50.02966,14.74060
16,30,6818.300,425.700,-26.500,40,-36.100,278,20.400,50.02961,14.74085
16,31,6822.900,425.430,-26.600,41,-35.900,278,20.400,50.02959,14.74106
16,32,6826.600,425.210,-26.600,43,-35.500,278,20.400,50.02960,14.74128
16,33,6831.900,424.900,-26.700,45,-35.100,278,20.500,50.02960,14.74156
16,34,6839.700,424.440,-26.800,47,-34.800,278,20.500,50.02959,14.74190
16,35,6848.700,423.910,-26.800,47,-34.700,278,20.500,50.02955,14.74226
16,36,6857.100,423.420,-26.900,48,-34.700,278,20.500,50.02948,14.74260
16,37,6864.100,423.010,-26.900,48,-34.700,278,20.500,50.02942,14.74291
16,38,6870.200,422.650,-27.000,48,-34.800,278,20.500,50.02938,14.74317
16,39,6876.100,422.300,-27.100,48,-34.900,278,20.500,50.02936,14.74341
16,40,6882.100,421.960,-27.100,48,-35.000,278,20.500,50.02937,14.74362
16,41,6887.900,421.620,-27.200,48,-35.000,278,20.500,50.02939,14.74385
16,42,6893.800,421.270,-27.300,48,-35.000,278,20.500,50.02939,14.74411
16,43,6900.400,420.880,-27.300,48,-35.000,278,20.500,50.02935,14.74441
16,44,6907.500,420.470,-27.400,48,-35.100,277,20.500,50.02929,14.74474
16,45,6914.800,420.040,-27.400,48,-35.100,277,20.500,50.02922,14.74506
16,46,6922.400,419.600,-27.500,49,-35.100,277,20.500,50.02917,14.74538
16,47,6930.200,419.150,-27.600,49,-35.100,277,20.500,50.02915,14.74569
16,48,6938.000,418.690,-27.700,49,-35.100,277,20.500,50.02916,14.74598
16,49,6945.800,418.230,-27.700,50,-35.000,277,20.500,50.02917,14.74627
16,50,6953.600,417.780,-27.800,50,-35.100,277,20.400,50.02916,14.74657
16,51,6960.800,417.360,-27.900,50,-35.200,277,20.400,50.02911,14.74686
16,52,6967.400,416.980,-27.900,50,-35.200,277,20.400,50.02905,14.74714
16,53,6973.700,416.620,-28.000,50,-35.300,276,20.400,50.02898,14.74742
16,54,6979.700,416.260,-28.100,50,-35.300,276,20.400,50.02894,14.74771
16,55,6985.600,415.920,-28.100,51,-35.200,276,20.400,50.02894,14.74800
16,56,6991.900,415.560,-28.200,51,-35.200,276,20.400,50.02897,14.74827
16,57,6998.500,415.170,-28.300,52,-35.200,276,20.300,50.02899,14.74850
16,58,7005.400,414.770,-28.300,52,-35.200,276,20.300,50.02898,14.74872
16,59,7012.300,414.380,-28.400,52,-35.200,276,20.300,50.02894,14.74897
17,0,7019.000,413.990,-28.500,53,-35.100,276,20.300,50.02888,14.74924
17,1,7025.800,413.600,-28.600,54,-35.100,276,20.300,50.02881,14.74954
17,2,7033.100,413.170,-28.600,54,-35.000,276,20.300,50.02876,14.74986
17,3,7041.300,412.700,-28.700,55,-35.000,276,20.200,50.02876,14.75016
17,4,7049.800,412.210,-28.800,55,-35.000,276,20.200,50.02877,14.75043
17,5,7058.000,411.740,-28.800,55,-35.100,276,20.200,50.02878,14.75067
17,6,7065.000,411.340,-28.900,55,-35.200,276,20.200,50.02876,14.75090
17,7,7071.000,410.990,-29.000,55,-35.300,276,20.100,50.02871,14.75116
17,8,7076.500,410.680,-29.000,55,-35.300,276,20.100,50.02866,14.75146
17,9,7082.400,410.340,-29.100,55,-35.300,277,20.100,50.02862,14.75180
17,10,7089.200,409.950,-29.100,56,-35.300,277,20.000,50.02861,14.75214
17,11,7096.800,409.510,-29.200,56,-35.300,277,20.000,50.02860,14.75244
17,12,7104.300,409.080,-29.300,56,-35.400,277,20.000,50.02860,14.75270
17,13,7111.100,408.690,-29.300,56,-35.400,277,19.900,50.02859,14.75293
17,14,7116.500,408.380,-29.400,56,-35.400,277,19.900,50.02855,14.75315
17,15,7121.300,408.110,-29.400,56,-35.400,277,19.900,50.02852,14.75339
17,16,7127.200,407.770,-29.500,57,-35.400,277,19.800,50.02849,14.75366
17,17,7134.900,407.330,-29.600,57,-35.400,277,19.800,50.02846,14.75397
17,18,7143.100,406.860,-29.700,58,-35.400,277,19.700,50.02845,14.75428
17,19,7150.700,406.430,-29.700,58,-35.300,277,19.700,50.02845,14.75457
17,20,7157.800,406.030,-29.800,59,-35.200,277,19.700,50.02843,14.75483
17,21,7164.500,405.640,-29.800,60,-35.100,277,19.600,50.02839,14.75507
17,22,7171.400,405.250,-29.900,60,-35.100,277,19.600,50.02834,14.75532
17,23,7178.400,404.850,-30.000,61,-35.200,277,19.600,50.02830,14.75562
17,24,7185.400,404.450,-30.000,61,-35.200,277,19.500,50.02828,14.75594
17,25,7192.300,404.060,-30.100,61,-35.300,277,19.500,50.02829,14.75626
17,26,7199.100,403.680,-30.100,61,-35.300,277,19.500,50.02829,14.75655
17,27,7206.100,403.280,-30.200,61,-35.400,277,19.500,50.02827,14.75681
17,28,7213.400,402.870,-30.300,61,-35.400,277,19.500,50.02823,14.75704
17,29,7220.800,402.440,-30.300,61,-35.500,277,19.500,50.02817,14.75727
17,30,7228.600,402.010,-30.400,62,-35.400,277,19.500,50.02812,14.75752
17,31,7236.200,401.580,-30.500,63,-35.300,277,19.500,50.02810,14.75779
17,32,7243.100,401.190,-30.500,63,-35.300,277,19.500,50.02811,14.75805
17,33,7249.100,400.850,-30.600,63,-35.300,277,19.500,50.02814,14.75830
17,34,7254.700,400.530,-30.600,63,-35.400,277,19.500,50.02815,14.75853
17,35,7260.600,400.200,-30.700,63,-35.500,277,19.500,50.02813,14.75875
17,36,7267.100,399.830,-30.800,63,-35.500,277,19.600,50.02810,14.75899
17,37,7273.800,399.460,-30.800,64,-35.500,277,19.600,50.02807,14.75928
17,38,7280.000,399.110,-30.900,64,-35.500,278,19.600,50.02805,14.75961
17,39,7285.600,398.790,-30.900,65,-35.400,278,19.700,50.02805,14.75995
17,40,7291.200,398.480,-31.000,65,-35.400,278,19.700,50.02805,14.76027
17,41,7297.300,398.140,-31.100,66,-35.400,278,19.800,50.02803,14.76057
17,42,7303.500,397.780,-31.100,66,-35.400,278,19.800,50.02799,14.76084
17,43,7309.700,397.440,-31.200,66,-35.500,278,19.900,50.02793,14.76110
17,44,7316.000,397.080,-31.200,66,-35.500,279,19.900,50.02787,14.76133
17,45,7322.900,396.700,-31.300,67,-35.500,279,20.000,50.02783,14.76156
17,46,7330.300,396.280,-31.400,67,-35.500,279,20.000,50.02782,14.76180
17,47,7338.200,395.840,-31.400,67,-35.500,279,20.100,50.02782,14.76206
17,48,7346.300,395.390,-31.500,67,-35.600,279,20.100,50.02779,14.76236
17,49,7353.900,394.960,-31.500,67,-35.700,280,20.200,50.02772,14.76269
17,50,7360.200,394.610,-31.500,67,-35.700,280,20.200,50.02765,14.76305
17,51,7365.400,394.320,-31.600,67,-35.700,280,20.200,50.02762,14.76339
17,52,7371.700,393.970,-31.600,67,-35.800,280,20.300,50.02761,14.76367
17,53,7381.000,393.460,-31.700,66,-35.900,280,20.300,50.02759,14.76385
17,54,7391.200,392.890,-31.700,65,-36.100,280,20.400,50.02754,14.76401
17,55,7399.100,392.450,-31.800,65,-36.200,280,20.400,50.02750,14.76421
17,56,7404.700,392.140,-31.800,65,-36.300,281,20.400,50.02745,14.76448
17,57,7409.100,391.890,-31.900,65,-36.200,281,20.400,50.02741,14.76480
17,58,7413.400,391.650,-31.900,66,-36.200,281,20.400,50.02738,14.76515
17,59,7418.000,391.400,-32.000,66,-36.200,281,20.500,50.02735,14.76549
18,0,7423.100,391.120,-32.000,67,-36.200,281,20.500,50.02730,14.76580
18,1,7428.600,390.810,-32.100,67,-36.100,281,20.500,50.02725,14.76606
18,2,7434.800,390.470,-32.100,68,-36.100,281,20.500,50.02720,14.76629
18,3,7441.800,390.080,-32.200,68,-36.100,281,20.500,50.02718,14.76652
18,4,7449.500,389.660,-32.200,69,-36.100,281,20.500,50.02717,14.76677
18,5,7457.100,389.240,-32.300,69,-36.100,281,20.500,50.02714,14.76708
18,6,7463.800,388.870,-32.400,70,-36.100,281,20.500,50.02708,14.76742
18,7,7469.000,388.580,-32.400,70,-36.100,281,20.500,50.02702,14.76775
18,8,7473.500,388.330,-32.500,70,-36.100,281,20.500,50.02697,14.76804
18,9,7479.900,387.980,-32.600,70,-36.200,281,20.500,50.02697,14.76829
18,10,7488.900,387.480,-32.600,70,-36.300,281,20.500,50.02699,14.76850
18,11,7497.000,387.040,-32.700,69,-36.400,281,20.500,50.02698,14.76878
18,12,7501.000,386.820,-32.700,69,-36.500,281,20.400,50.02694,14.76914
18,13,7502.700,386.720,-32.800,69,-36.600,281,20.400,50.02688,14.76953
18,14,7506.700,386.510,-32.800,69,-36.700,281,20.400,50.02682,14.76988
18,15,7517.300,385.930,-32.900,69,-36.700,281,20.300,50.02678,14.77015
18,16,7527.800,385.350,-33.000,69,-36.700,281,20.300,50.02677,14.77038
18,17,7538.400,384.770,-33.000,70,-36.700,281,20.300,50.02677,14.77060
18,18,7548.100,384.240,-33.100,70,-36.700,281,20.200,50.02676,14.77084
18,19,7555.600,383.830,-33.100,70,-36.700,281,20.200,50.02674,14.77107
18,20,7562.300,383.460,-33.200,71,-36.700,281,20.100,50.02671,14.77127
18,21,7569.400,383.080,-33.200,71,-36.800,281,20.000,50.02668,14.77148
18,22,7577.400,382.640,-33.300,70,-36.900,281,19.900,50.02663,14.77173
18,23,7586.200,382.160,-33.400,70,-37.000,281,19.800,50.02656,14.77203
18,24,7594.700,381.700,-33.400,69,-37.200,281,19.700,50.02647,14.77237
18,25,7601.200,381.340,-33.500,69,-37.200,281,19.600,50.02639,14.77273
18,26,7604.700,381.150,-33.500,69,-37.300,281,19.500,50.02637,14.77306
18,27,7607.000,381.030,-33.500,69,-37.200,281,19.400,50.02638,14.77337
18,28,7610.300,380.850,-33.600,70,-37.200,281,19.300,50.02639,14.77361
18,29,7615.700,380.560,-33.600,71,-37.100,280,19.200,50.02637,14.77379
18,30,7622.400,380.190,-33.600,72,-37.000,280,19.000,50.02633,14.77396
18,31,7629.800,379.790,-33.600,72,-36.900,280,18.900,50.02626,14.77417
18,32,7637.500,379.380,-33.600,73,-36.800,280,18.700,50.02621,14.77441
18,33,7645.000,378.970,-33.600,74,-36.800,280,18.600,50.02618,14.77468
18,34,7651.700,378.610,-33.700,74,-36.800,280,18.400,50.02617,14.77498
18,35,7657.600,378.290,-33.700,74,-36.800,280,18.300,50.02618,14.77527
18,36,7663.700,377.960,-33.700,74,-36.800,280,18.100,50.02618,14.77554
18,37,7670.100,377.610,-33.800,74,-36.800,280,18.000,50.02616,14.77581
18,38,7676.100,377.290,-33.800,74,-36.900,280,17.800,50.02611,14.77608
18,39,7681.100,377.030,-33.800,73,-37.000,280,17.600,50.02605,14.77637
18,40,7685.300,376.790,-33.900,72,-37.100,280,17.500,50.02600,14.77665
18,41,7691.000,376.490,-33.900,72,-37.300,279,17.300,50.02594,14.77691
18,42,7699.000,376.060,-34.000,71,-37.400,279,17.200,50.02590,14.77712
18,43,7708.100,375.570,-34.000,70,-37.600,279,17.000,50.02588,14.77732
18,44,7716.000,375.150,-34.100,70,-37.700,279,16.900,50.02588,14.77754
18,45,7721.700,374.840,-34.100,70,-37.800,279,16.700,50.02590,14.77777
18,46,7726.400,374.590,-34.100,69,-37.800,279,16.600,50.02593,14.77800
18,47,7731.500,374.320,-34.200,70,-37.800,279,16.500,50.02595,14.77822
18,48,7737.900,373.980,-34.300,70,-37.900,279,16.300,50.02593,14.77845
18,49,7745.000,373.600,-34.300,70,-37.900,279,16.200,50.02589,14.77865
18,50,7752.500,373.200,-34.400,70,-37.900,279,16.100,50.02583,14.77883
18,51,7760.500,372.770,-34.400,71,-37.900,279,16.000,50.02578,14.77900
18,52,7768.800,372.330,-34.500,71,-37.900,279,15.800,50.02576,14.77917
18,53,7776.200,371.930,-34.500,71,-38.000,279,15.700,50.02574,14.77938
18,54,7782.300,371.610,-34.600,71,-38.000,279,15.600,50.02572,14.77964
18,55,7787.100,371.350,-34.600,71,-38.000,279,15.500,50.02569,14.77992
18,56,7791.300,371.130,-34.600,71,-38.100,279,15.400,50.02565,14.78020
18,57,7795.500,370.910,-34.700,71,-38.100,279,15.200,50.02560,14.78042
18,58,7800.600,370.630,-34.700,71,-38.100,279,15.100,50.02556,14.78060
18,59,7807.100,370.290,-34.800,72,-38.100,279,15.000,50.02554,14.78075
19,0,7814.400,369.900,-34.800,73,-38.000,279,14.900,50.02553,14.78092
19,1,7821.500,369.530,-34.800,73,-38.000,279,14.700,50.02554,14.78112
19,2,7827.700,369.200,-34.800,73,-37.900,279,14.600,50.02552,14.78138
19,3,7833.600,368.890,-34.800,73,-38.000,279,14.500,50.02548,14.78164
19,4,7839.500,368.570,-34.900,73,-38.100,279,14.300,50.02543,14.78188
19,5,7846.000,368.230,-34.900,72,-38.200,279,14.200,50.02540,14.78207
19,6,7853.500,367.830,-34.900,72,-38.300,279,14.000,50.02538,14.78221
19,7,7862.200,367.380,-35.000,71,-38.400,278,13.900,50.02538,14.78235
19,8,7872.100,366.860,-35.100,71,-38.400,278,13.700,50.02536,14.78253
19,9,7882.800,366.290,-35.100,71,-38.500,278,13.600,50.02530,14.78278
19,10,7891.900,365.810,-35.200,72,-38.500,278,13.400,50.02521,14.78304
19,11,7897.100,365.540,-35.200,72,-38.500,277,13.300,50.02518,14.78326
19,12,7900.600,365.360,-35.200,73,-38.400,277,13.100,50.02518,14.78345
19,13,7905.000,365.130,-35.300,74,-38.300,277,13.000,50.02520,14.78360
19,14,7909.700,364.880,-35.400,75,-38.200,276,12.900,50.02522,14.78374
19,15,7913.800,364.670,-35.400,76,-38.100,276,12.700,50.02522,14.78388
19,16,7917.800,364.460,-35.400,77,-38.100,275,12.600,50.02523,14.78403
19,17,7922.700,364.200,-35.400,77,-38.100,275,12.500,50.02524,14.78421
19,18,7929.400,363.850,-35.400,77,-38.100,275,12.400,50.02525,14.78438
19,19,7937.600,363.420,-35.500,77,-38.100,274,12.300,50.02524,14.78453
19,20,7946.400,362.960,-35.500,77,-38.200,274,12.200,50.02522,14.78466
19,21,7955.100,362.510,-35.600,77,-38.200,274,12.100,50.02519,14.78478
19,22,7963.500,362.070,-35.600,77,-38.300,273,12.100,50.02517,14.78491
19,23,7971.200,361.670,-35.700,77,-38.300,273,12.000,50.02518,14.78503
19,24,7977.800,361.330,-35.800,76,-38.500,273,12.000,50.02520,14.78517
19,25,7983.500,361.030,-35.800,76,-38.600,272,12.000,50.02521,14.78535
19,26,7989.200,360.740,-35.900,74,-38.900,272,12.000,50.02522,14.78556
19,27,7994.900,360.440,-35.900,73,-39.100,272,12.000,50.02521,14.78580
19,28,8000.100,360.170,-36.000,72,-39.300,272,12.000,50.02517,14.78605
19,29,8005.200,359.900,-36.100,71,-39.400,272,12.000,50.02514,14.78625
19,30,8011.800,359.560,-36.100,71,-39.500,272,12.000,50.02511,14.78638
19,31,8019.900,359.140,-36.200,71,-39.500,271,12.000,50.02510,14.78648
19,32,8028.200,358.710,-36.300,71,-39.600,271,12.100,50.02511,14.78660
19,33,8035.500,358.340,-36.300,71,-39.700,271,12.100,50.02513,14.78678
19,34,8041.700,358.020,-36.400,70,-39.900,271,12.200,50.02516,14.78700
19,35,8047.800,357.700,-36.400,69,-40.000,271,12.200,50.02517,14.78722
19,36,8054.400,357.360,-36.500,69,-40.200,271,12.200,50.02516,14.78740
19,37,8061.600,356.990,-36.600,68,-40.300,271,12.300,50.02514,14.78754
19,38,8069.200,356.600,-36.600,69,-40.300,271,12.300,50.02513,14.78764
19,39,8077.300,356.180,-36.700,70,-40.300,271,12.400,50.02515,14.78772
19,40,8085.500,355.760,-36.700,70,-40.200,271,12.400,50.02516,14.78784
19,41,8093.500,355.350,-36.800,70,-40.300,271,12.400,50.02516,14.78802
19,42,8101.300,354.950,-36.900,70,-40.400,271,12.500,50.02515,14.78824
19,43,8108.800,354.560,-36.900,69,-40.600,272,12.500,50.02512,14.78848
19,44,8116.100,354.190,-37.000,68,-40.800,272,12.500,50.02509,14.78872
19,45,8123.600,353.810,-37.000,67,-40.900,272,12.500,50.02505,14.78894
19,46,8131.700,353.390,-37.100,67,-41.100,272,12.500,50.02503,14.78913
19,47,8140.100,352.960,-37.200,67,-41.200,272,12.600,50.02504,14.78931
19,48,8147.600,352.580,-37.200,66,-41.300,272,12.600,50.02506,14.78950
19,49,8154.000,352.250,-37.300,66,-41.400,272,12.600,50.02509,14.78969
19,50,8160.500,351.920,-37.300,66,-41.500,272,12.500,50.02512,14.78986
19,51,8167.900,351.540,-37.400,65,-41.600,273,12.500,50.02514,14.79001
19,52,8175.800,351.140,-37.400,65,-41.600,273,12.500,50.02514,14.79014
19,53,8182.800,350.790,-37.500,65,-41.700,273,12.500,50.02511,14.79027
19,54,8188.300,350.500,-37.600,65,-41.700,273,12.500,50.02508,14.79042
19,55,8192.600,350.290,-37.600,65,-41.700,273,12.500,50.02506,14.79059
19,56,8196.800,350.080,-37.700,65,-41.800,273,12.500,50.02504,14.79079
19,57,8202.100,349.810,-37.700,65,-41.900,274,12.500,50.02502,14.79099
19,58,8208.800,349.460,-37.800,66,-41.900,274,12.500,50.02502,14.79115
19,59,8216.500,349.080,-37.800,67,-41.800,274,12.500,50.02504,14.79128
20,0,8224.200,348.690,-37.900,68,-41.600,274,12.400,50.02507,14.79144
20,1,8231.600,348.310,-37.900,70,-41.500,275,12.400,50.02508,14.79162
20,2,8238.400,347.970,-38.000,70,-41.500,275,12.400,50.02506,14.79180
20,3,8245.000,347.640,-38.100,70,-41.500,275,12.500,50.02502,14.79196
20,4,8251.600,347.300,-38.100,70,-41.600,275,12.500,50.02497,14.79213
20,5,8258.400,346.950,-38.200,70,-41.700,276,12.500,50.02493,14.79234
20,6,8265.600,346.590,-38.200,69,-41.800,276,12.500,50.02493,14.79257
20,7,8273.200,346.210,-38.300,69,-41.900,276,12.500,50.02493,14.79277
20,8,8281.000,345.820,-38.300,68,-42.100,276,12.500,50.02493,14.79294
20,9,8288.400,345.450,-38.400,67,-42.300,276,12.600,50.02491,14.79306
20,10,8294.900,345.120,-38.400,66,-42.500,277,12.600,50.02488,14.79316
20,11,8300.500,344.840,-38.500,65,-42.600,277,12.600,50.02485,14.79326
20,12,8306.100,344.560,-38.500,65,-42.700,277,12.700,50.02481,14.79337
20,13,8313.000,344.210,-38.600,65,-42.700,277,12.700,50.02478,14.79353
20,14,8321.500,343.790,-38.700,65,-42.800,277,12.700,50.02476,14.79371
20,15,8330.500,343.340,-38.700,65,-42.900,277,12.800,50.02476,14.79393
20,16,8339.300,342.900,-38.800,64,-43.100,277,12.800,50.02476,14.79416
20,17,8347.400,342.490,-38.800,63,-43.300,277,12.900,50.02474,14.79440
20,18,8354.300,342.150,-38.900,61,-43.600,277,12.900,50.02471,14.79459
20,19,8360.200,341.850,-38.900,59,-43.900,277,13.000,50.02468,14.79473
20,20,8366.400,341.540,-39.000,58,-44.300,277,13.000,50.02467,14.79485
20,21,8373.600,341.180,-39.100,56,-44.600,277,13.000,50.02467,14.79499
20,22,8381.300,340.800,-39.100,54,-45.000,277,13.100,50.02466,14.79515
20,23,8388.700,340.430,-39.200,53,-45.300,277,13.100,50.02463,14.79534
20,24,8395.100,340.110,-39.300,52,-45.500,277,13.200,50.02458,14.79553
20,25,8401.600,339.790,-39.300,51,-45.700,277,13.200,50.02454,14.79574
20,26,8409.300,339.410,-39.400,51,-45.800,278,13.300,50.02453,14.79595
20,27,8418.000,338.980,-39.400,51,-45.900,278,13.300,50.02456,14.79613
20,28,8426.000,338.580,-39.500,50,-46.000,278,13.300,50.02459,14.79629
20,29,8432.400,338.270,-39.500,49,-46.200,278,13.400,50.02461,14.79643
20,30,8437.300,338.030,-39.600,49,-46.400,278,13.400,50.02460,14.79655
20,31,8442.100,337.790,-39.700,49,-46.400,279,13.500,50.02459,14.79668
20,32,8448.500,337.470,-39.700,49,-46.500,279,13.500,50.02455,14.79686
20,33,8456.800,337.060,-39.800,49,-46.500,279,13.600,50.02451,14.79710
20,34,8466.300,336.590,-39.800,49,-46.600,280,13.600,50.02448,14.79735
20,35,8476.600,336.090,-39.900,48,-46.800,280,13.700,50.02447,14.79756
20,36,8486.400,335.610,-39.900,45,-47.300,280,13.700,50.02449,14.79774
20,37,8494.100,335.220,-39.800,42,-47.900,281,13.800,50.02449,14.79792
20,38,8500.300,334.920,-39.800,39,-48.600,281,13.800,50.02446,14.79811
20,39,8506.100,334.640,-39.800,37,-49.100,282,13.900,50.02440,14.79828
20,40,8512.200,334.340,-39.800,36,-49.300,282,13.900,50.02432,14.79846
20,41,8519.000,334.000,-39.900,36,-49.400,283,14.000,50.02426,14.79866
20,42,8526.700,333.630,-40.000,36,-49.400,283,14.000,50.02423,14.79885
20,43,8534.700,333.240,-40.000,37,-49.300,284,14.000,50.02423,14.79902
20,44,8542.500,332.860,-40.100,37,-49.200,284,14.100,50.02425,14.79916
20,45,8550.400,332.470,-40.100,38,-49.100,285,14.100,50.02427,14.79931
20,46,8558.600,332.070,-40.200,39,-49.000,285,14.200,50.02428,14.79949
20,47,8566.900,331.670,-40.200,39,-49.000,285,14.200,50.02426,14.79971
20,48,8574.600,331.300,-40.300,39,-49.000,286,14.200,50.02420,14.79993
20,49,8581.600,330.950,-40.300,39,-49.000,286,14.200,50.02412,14.80012
20,50,8588.600,330.620,-40.400,39,-49.000,286,14.200,50.02403,14.80027
20,51,8596.000,330.260,-40.400,40,-49.000,287,14.200,50.02396,14.80043
20,52,8603.700,329.880,-40.500,40,-49.000,287,14.200,50.02391,14.80063
20,53,8611.100,329.520,-40.600,40,-49.000,287,14.200,50.02387,14.80088
20,54,8617.900,329.200,-40.600,41,-49.000,288,14.200,50.02383,14.80113
20,55,8624.300,328.890,-40.700,41,-49.000,288,14.200,50.02380,14.80138
20,56,8631.000,328.560,-40.700,41,-49.100,288,14.200,50.02377,14.80161
20,57,8638.600,328.190,-40.800,41,-49.100,288,14.100,50.02373,14.80181
20,58,8647.200,327.780,-40.900,41,-49.100,289,14.100,50.02366,14.80200
20,59,8656.100,327.350,-40.900,41,-49.100,289,14.100,50.02359,14.80217
21,0,8664.200,326.960,-41.000,42,-49.100,289,14.000,50.02355,14.80232
21,1,8670.600,326.660,-41.100,42,-49.100,289,14.000,50.02354,14.80246
21,2,8675.800,326.400,-41.100,42,-49.100,290,14.000,50.02355,14.80263
21,3,8681.100,326.150,-41.200,42,-49.200,290,13.900,50.02356,14.80281
21,4,8687.300,325.850,-41.200,41,-49.400,290,13.900,50.02353,14.80300
21,5,8694.600,325.500,-41.300,41,-49.500,290,13.900,50.02348,14.80317
21,6,8702.500,325.120,-41.400,41,-49.600,290,13.900,50.02341,14.80332
21,7,8710.300,324.750,-41.400,41,-49.600,291,13.800,50.02334,14.80344
21,8,8718.300,324.370,-41.500,41,-49.600,291,13.800,50.02326,14.80358
21,9,8726.600,323.970,-41.600,42,-49.600,291,13.800,50.02320,14.80373
21,10,8735.200,323.560,-41.600,42,-49.600,291,13.800,50.02315,14.80391
21,11,8743.800,323.150,-41.700,43,-49.600,291,13.900,50.02313,14.80412
21,12,8752.500,322.740,-41.800,43,-49.600,292,13.900,50.02313,14.80434
21,13,8761.100,322.320,-41.800,43,-49.700,292,13.900,50.02312,14.80453
21,14,8769.700,321.920,-41.900,43,-49.800,292,13.900,50.02309,14.80469
21,15,8778.000,321.520,-42.000,42,-49.900,292,14.000,50.02304,14.80484
21,16,8786.200,321.130,-42.000,42,-50.000,293,14.000,50.02296,14.80499
21,17,8794.800,320.730,-42.100,42,-50.100,293,14.100,50.02287,14.80517
21,18,8803.900,320.290,-42.200,42,-50.200,293,14.100,50.02280,14.80538
21,19,8813.200,319.850,-42.300,42,-50.200,293,14.200,50.02276,14.80559
21,20,8822.000,319.440,-42.400,42,-50.200,294,14.200,50.02273,14.80577
21,21,8830.300,319.040,-42.400,43,-50.300,294,14.300,50.02271,14.80591
21,22,8838.400,318.660,-42.500,43,-50.300,294,14.300,50.02266,14.80603
21,23,8846.400,318.280,-42.600,43,-50.300,295,14.400,50.02259,14.80618
21,24,8854.400,317.900,-42.700,43,-50.300,295,14.400,50.02251,14.80638
21,25,8862.300,317.540,-42.700,43,-50.400,295,14.500,50.02246,14.80663
21,26,8870.100,317.170,-42.800,43,-50.500,296,14.500,50.02242,14.80688
21,27,8878.400,316.780,-42.900,43,-50.500,296,14.500,50.02240,14.80712
21,28,8887.100,316.370,-43.000,43,-50.600,296,14.600,50.02236,14.80731
21,29,8895.600,315.970,-43.100,43,-50.700,297,14.600,50.02230,14.80747
21,30,8903.600,315.600,-43.100,43,-50.700,297,14.600,50.02222,14.80761
21,31,8911.500,315.220,-43.200,43,-50.800,297,14.600,50.02212,14.80776
21,32,8919.500,314.850,-43.300,44,-50.800,298,14.600,50.02203,14.80794
21,33,8927.400,314.480,-43.300,44,-50.800,298,14.600,50.02195,14.80817
21,34,8935.100,314.120,-43.400,44,-50.800,298,14.700,50.02189,14.80843
21,35,8943.400,313.740,-43.500,45,-50.700,299,14.700,50.02184,14.80868
21,36,8952.100,313.330,-43.500,46,-50.700,299,14.700,50.02179,14.80890
21,37,8960.600,312.930,-43.600,46,-50.600,299,14.700,50.02175,14.80906
21,38,8968.000,312.590,-43.700,47,-50.600,300,14.700,50.02169,14.80918
21,39,8974.400,312.290,-43.700,48,-50.500,300,14.700,50.02162,14.80928
21,40,8980.200,312.020,-43.800,48,-50.400,301,14.700,50.02155,14.80938
21,41,8986.300,311.740,-43.800,49,-50.400,301,14.700,50.02147,14.80950
21,42,8993.300,311.410,-43.900,49,-50.400,301,14.700,50.02141,14.80965
21,43,9001.400,311.040,-44.000,50,-50.400,301,14.700,50.02137,14.80981
21,44,9010.300,310.620,-44.000,50,-50.400,302,14.700,50.02134,14.81000
21,45,9019.700,310.190,-44.100,50,-50.400,302,14.700,50.02128,14.81020
21,46,9028.600,309.780,-44.200,51,-50.400,302,14.800,50.02118,14.81039
21,47,9036.600,309.410,-44.300,51,-50.400,302,14.800,50.02106,14.81056
21,48,9043.900,309.070,-44.300,51,-50.400,303,14.800,50.02095,14.81069
21,49,9051.000,308.740,-44.400,51,-50.500,303,14.800,50.02086,14.81082
21,50,9058.100,308.410,-44.500,51,-50.600,303,14.800,50.02079,14.81097
21,51,9065.400,308.080,-44.500,50,-50.700,303,14.800,50.02073,14.81118
21,52,9072.900,307.740,-44.600,49,-51.000,303,14.900,50.02065,14.81144
21,53,9080.600,307.380,-44.700,48,-51.200,303,14.900,50.02056,14.81170
21,54,9088.700,307.010,-44.700,47,-51.600,303,14.900,50.02049,14.81195
21,55,9097.400,306.610,-44.800,45,-51.900,303,14.900,50.02042,14.81217
21,56,9106.300,306.200,-44.900,44,-52.200,303,15.000,50.02035,14.81235
21,57,9114.600,305.820,-45.000,43,-52.400,303,15.000,50.02028,14.81249
21,58,9121.700,305.500,-45.100,43,-52.600,303,15.000,50.02021,14.81261
21,59,9127.900,305.210,-45.100,43,-52.600,303,15.100,50.02015,14.81271
22,0,9133.900,304.940,-45.200,44,-52.600,303,15.100,50.02010,14.81284
22,1,9140.200,304.650,-45.200,44,-52.500,303,15.200,50.02003,14.81297
22,2,9146.900,304.340,-45.300,45,-52.400,303,15.200,50.01992,14.81312
22,3,9154.300,304.010,-45.300,45,-52.400,303,15.300,50.01980,14.81326
22,4,9162.300,303.640,-45.400,46,-52.400,303,15.300,50.01970,14.81340
22,5,9170.900,303.250,-45.500,46,-52.400,303,15.400,50.01963,14.81357
22,6,9179.400,302.870,-45.600,46,-52.500,303,15.400,50.01959,14.81376
22,7,9187.400,302.500,-45.700,46,-52.600,303,15.500,50.01956,14.81397
22,8,9195.300,302.140,-45.700,45,-52.800,303,15.500,50.01953,14.81418
22,9,9203.800,301.760,-45.800,44,-53.100,303,15.600,50.01949,14.81440
22,10,9213.300,301.320,-45.900,43,-53.500,303,15.700,50.01943,14.81461
22,11,9223.100,300.880,-46.000,41,-53.800,303,15.800,50.01934,14.81482
22,12,9232.200,300.470,-46.000,40,-54.100,303,15.800,50.01921,14.81502
22,13,9240.400,300.100,-46.100,39,-54.400,303,15.900,50.01907,14.81520
22,14,9248.500,299.740,-46.200,38,-54.600,303,16.000,50.01894,14.81539
22,15,9256.600,299.370,-46.300,38,-54.800,303,16.100,50.01884,14.81561
22,16,9264.800,299.000,-46.400,38,-54.900,303,16.200,50.01878,14.81584
22,17,9272.900,298.630,-46.400,37,-55.100,303,16.200,50.01874,14.81604
22,18,9281.000,298.270,-46.500,37,-55.200,303,16.300,50.01871,14.81621
22,19,9288.800,297.920,-46.600,37,-55.300,303,16.400,50.01865,14.81634
22,20,9296.100,297.590,-46.600,36,-55.500,303,16.400,50.01858,14.81646
22,21,9303.000,297.280,-46.700,36,-55.500,303,16.500,50.01848,14.81659
22,22,9309.900,296.970,-46.800,37,-55.600,303,16.600,50.01836,14.81675
22,23,9317.000,296.660,-46.900,37,-55.500,303,16.700,50.01824,14.81695
22,24,9324.600,296.320,-47.000,38,-55.500,303,16.700,50.01813,14.81719
22,25,9332.600,295.960,-47.000,38,-55.400,303,16.800,50.01805,14.81743
22,26,9340.900,295.590,-47.100,39,-55.300,303,16.800,50.01800,14.81766
22,27,9349.200,295.220,-47.200,40,-55.200,303,16.800,50.01796,14.81786
22,28,9357.300,294.850,-47.200,40,-55.100,303,16.900,50.01791,14.81806
22,29,9365.000,294.510,-47.300,41,-55.100,302,16.900,50.01782,14.81826
22,30,9372.500,294.180,-47.400,42,-55.000,302,16.900,50.01770,14.81848
22,31,9380.200,293.830,-47.400,42,-55.000,302,17.000,50.01756,14.81869
22,32,9388.200,293.480,-47.500,43,-54.900,302,17.000,50.01744,14.81889
22,33,9396.200,293.130,-47.600,44,-54.900,302,17.000,50.01734,14.81912
22,34,9404.200,292.770,-47.700,44,-54.800,302,17.000,50.01727,14.81936
22,35,9412.300,292.410,-47.800,45,-54.700,302,17.000,50.01720,14.81960
22,36,9420.700,292.040,-47.900,46,-54.700,302,17.000,50.01713,14.81978
22,37,9429.300,291.660,-47.900,46,-54.700,301,17.000,50.01706,14.81992
22,38,9438.400,291.260,-48.000,47,-54.600,301,17.000,50.01697,14.82006
22,39,9447.500,290.850,-48.100,47,-54.700,301,17.000,50.01690,14.82024
22,40,9456.300,290.460,-48.200,47,-54.800,301,17.000,50.01684,14.82047
22,41,9465.000,290.080,-48.300,47,-54.900,301,17.000,50.01679,14.82073
22,42,9473.700,289.700,-48.300,46,-55.200,301,17.000,50.01672,14.82098
22,43,9482.700,289.300,-48.400,44,-55.500,301,17.000,50.01663,14.82118
22,44,9492.300,288.880,-48.500,43,-55.900,301,16.900,50.01651,14.82137
22,45,9502.300,288.440,-48.600,41,-56.300,301,16.900,50.01639,14.82154
22,46,9511.300,288.050,-48.700,39,-56.700,301,16.900,50.01632,14.82171
22,47,9517.900,287.760,-48.700,38,-57.100,301,16.900,50.01626,14.82191
22,48,9523.900,287.490,-48.800,36,-57.500,301,16.900,50.01620,14.82212
22,49,9531.300,287.170,-48.900,35,-57.700,301,16.800,50.01616,14.82231
22,50,9540.300,286.780,-49.000,35,-57.900,301,16.800,50.01611,14.82249
22,51,9549.900,286.360,-49.100,35,-58.000,301,16.800,50.01605,14.82266
22,52,9559.400,285.940,-49.200,35,-58.000,301,16.800,50.01598,14.82286
22,53,9568.800,285.530,-49.200,36,-57.800,301,16.700,50.01589,14.82310
22,54,9578.100,285.130,-49.300,38,-57.600,301,16.700,50.01577,14.82337
22,55,9587.200,284.730,-49.400,40,-57.200,301,16.700,50.01562,14.82361
22,56,9595.700,284.360,-49.500,43,-56.800,301,16.600,50.01548,14.82380
22,57,9604.000,284.000,-49.600,45,-56.300,301,16.600,50.01535,14.82393
22,58,9612.700,283.630,-49.700,49,-55.900,301,16.600,50.01528,14.82405
22,59,9621.800,283.230,-49.800,52,-55.500,301,16.600,50.01524,14.82419
23,0,9630.800,282.840,-49.800,54,-55.100,301,16.500,50.01522,14.82439
23,1,9639.400,282.470,-49.900,56,-54.800,301,16.500,50.01517,14.82464
23,2,9648.100,282.100,-49.900,58,-54.600,301,16.500,50.01510,14.82491
23,3,9656.700,281.720,-50.000,59,-54.500,302,16.400,50.01501,14.82515
23,4,9665.200,281.360,-50.100,60,-54.600,302,16.400,50.01493,14.82534
23,5,9673.900,280.980,-50.200,60,-54.600,302,16.400,50.01485,14.82547
23,6,9683.000,280.590,-50.300,59,-54.700,302,16.400,50.01478,14.82559
23,7,9692.000,280.200,-50.300,59,-54.900,302,16.400,50.01468,14.82573
23,8,9699.800,279.870,-50.400,59,-55.000,302,16.300,50.01456,14.82593
23,9,9706.000,279.600,-50.500,59,-55.100,302,16.300,50.01443,14.82618
23,10,9711.900,279.350,-50.600,59,-55.100,302,16.300,50.01431,14.82646
23,11,9719.000,279.050,-50.600,59,-55.100,302,16.300,50.01422,14.82674
23,12,9727.700,278.670,-50.700,60,-55.100,302,16.300,50.01416,14.82700
23,13,9736.900,278.280,-50.800,60,-55.200,303,16.200,50.01410,14.82721
23,14,9745.300,277.920,-50.900,61,-55.200,303,16.200,50.01404,14.82738
23,15,9752.600,277.610,-51.000,61,-55.200,303,16.200,50.01398,14.82749
23,16,9759.000,277.340,-51.100,61,-55.200,303,16.200,50.01392,14.82758
23,17,9765.900,277.040,-51.100,62,-55.300,303,16.200,50.01387,14.82770
23,18,9774.600,276.670,-51.200,62,-55.300,303,16.200,50.01381,14.82792
23,19,9784.800,276.240,-51.300,63,-55.200,303,16.200,50.01377,14.82820
23,20,9795.200,275.790,-51.400,64,-55.200,303,16.200,50.01373,14.82850
23,21,9805.000,275.380,-51.400,65,-55.100,304,16.200,50.01365,14.82877
23,22,9814.200,274.990,-51.500,66,-55.100,304,16.200,50.01355,14.82900
23,23,9822.500,274.640,-51.600,67,-55.100,304,16.200,50.01343,14.82919
23,24,9829.800,274.330,-51.700,68,-55.000,304,16.200,50.01331,14.82934
23,25,9836.000,274.070,-51.700,68,-55.000,304,16.200,50.01318,14.82948
23,26,9841.300,273.840,-51.800,69,-55.000,304,16.200,50.01305,14.82963
23,27,9846.200,273.640,-51.800,69,-55.000,304,16.200,50.01293,14.82981
23,28,9851.300,273.420,-51.900,69,-55.000,304,16.300,50.01282,14.83001
23,29,9857.300,273.160,-52.000,69,-55.100,304,16.300,50.01273,14.83021
23,30,9864.200,272.870,-52.000,69,-55.200,304,16.300,50.01268,14.83038
23,31,9871.600,272.560,-52.100,68,-55.400,304,16.300,50.01265,14.83053
23,32,9879.400,272.230,-52.200,68,-55.500,304,16.400,50.01262,14.83069
23,33,9887.100,271.910,-52.200,67,-55.700,304,16.400,50.01256,14.83088
23,34,9894.300,271.610,-52.300,66,-55.900,304,16.400,50.01248,14.83110
23,35,9900.900,271.330,-52.400,64,-56.100,304,16.400,50.01237,14.83135
23,36,9907.300,271.060,-52.400,63,-56.400,304,16.500,50.01225,14.83160
23,37,9914.100,270.780,-52.500,61,-56.700,304,16.500,50.01214,14.83183
23,38,9921.100,270.480,-52.500,59,-57.000,304,16.500,50.01204,14.83203
23,39,9927.900,270.200,-52.600,57,-57.300,303,16.600,50.01197,14.83217
23,40,9934.000,269.940,-52.600,55,-57.700,303,16.600,50.01191,14.83229
23,41,9939.500,269.710,-52.700,53,-58.000,303,16.600,50.01184,14.83240
23,42,9945.300,269.470,-52.800,52,-58.300,303,16.700,50.01176,14.83256
23,43,9952.900,269.150,-52.900,51,-58.500,303,16.700,50.01169,14.83279
23,44,9962.500,268.750,-52.900,50,-58.700,303,16.700,50.01161,14.83304
23,45,9972.600,268.330,-53.000,50,-58.800,303,16.800,50.01152,14.83327
23,46,9981.700,267.950,-53.100,50,-58.800,303,16.800,50.01143,14.83346
23,47,9989.400,267.630,-53.200,50,-58.900,303,16.800,50.01136,14.83364
23,48,9996.300,267.350,-53.200,50,-58.900,304,16.900,50.01130,14.83386
23,49,10003.900,267.030,-53.300,50,-59.000,304,16.900,50.01125,14.83412
23,50,10013.000,266.650,-53.300,50,-59.100,304,16.900,50.01118,14.83441
23,51,10022.500,266.260,-53.400,49,-59.300,304,17.000,50.01110,14.83466
23,52,10031.400,265.890,-53.500,48,-59.600,304,17.000,50.01101,14.83486
23,53,10039.600,265.550,-53.600,46,-60.000,304,17.000,50.01091,14.83503
23,54,10047.000,265.250,-53.700,44,-60.400,304,17.000,50.01080,14.83519
23,55,10053.600,264.980,-53.700,42,-60.800,304,17.000,50.01069,14.83535
23,56,10059.900,264.720,-53.800,40,-61.400,304,17.000,50.01058,14.83552
23,57,10066.200,264.460,-53.800,37,-61.900,304,17.100,50.01049,14.83568
23,58,10072.100,264.210,-53.900,35,-62.500,304,17.100,50.01044,14.83583
23,59,10077.800,263.980,-54.000,33,-63.000,305,17.100,50.01040,14.83598
24,0,10083.500,263.740,-54.000,31,-63.600,305,17.100,50.01034,14.83615
24,1,10089.700,263.490,-54.100,29,-64.100,305,17.100,50.01022,14.83635
24,2,10096.100,263.230,-54.100,27,-64.700,305,17.200,50.01008,14.83657
24,3,10102.500,262.960,-54.200,25,-65.200,305,17.200,50.00995,14.83680
24,4,10109.200,262.690,-54.200,24,-65.700,305,17.200,50.00987,14.83702
24,5,10116.200,262.400,-54.300,22,-66.200,305,17.200,50.00983,14.83721
24,6,10123.300,262.110,-54.300,21,-66.600,305,17.200,50.00979,14.83738
24,7,10130.600,261.810,-54.300,20,-67.000,305,17.200,50.00971,14.83754
24,8,10138.500,261.490,-54.400,20,-67.300,305,17.300,50.00961,14.83770
24,9,10146.900,261.150,-54.500,19,-67.600,306,17.300,50.00951,14.83790
24,10,10155.800,260.780,-54.600,19,-67.700,306,17.300,50.00941,14.83814
24,11,10165.800,260.380,-54.700,19,-67.700,306,17.300,50.00932,14.83842
24,12,10176.300,259.950,-54.700,19,-67.600,306,17.300,50.00923,14.83870
24,13,10186.300,259.540,-54.800,20,-67.600,306,17.400,50.00916,14.83892
24,14,10195.700,259.160,-54.900,20,-67.500,306,17.400,50.00910,14.83908
24,15,10205.000,258.790,-54.900,21,-67.400,306,17.400,50.00905,14.83922
24,16,10213.600,258.440,-55.000,21,-67.400,306,17.400,50.00896,14.83937
24,17,10221.100,258.130,-55.000,21,-67.400,306,17.400,50.00884,14.83955
24,18,10227.700,257.870,-55.100,21,-67.400,306,17.400,50.00868,14.83976
24,19,10234.100,257.610,-55.200,21,-67.500,306,17.300,50.00854,14.83999
24,20,10241.000,257.330,-55.200,21,-67.600,306,17.300,50.00842,14.84019
24,21,10248.900,257.010,-55.300,21,-67.600,306,17.300,50.00833,14.84035
24,22,10257.000,256.680,-55.400,21,-67.700,307,17.300,50.00827,14.84049
24,23,10264.600,256.380,-55.400,21,-67.700,307,17.200,50.00822,14.84067
24,24,10270.900,256.130,-55.500,21,-67.700,307,17.100,50.00815,14.84092
24,25,10276.500,255.900,-55.500,21,-67.700,307,17.100,50.00809,14.84119
24,26,10282.200,255.670,-55.600,22,-67.600,307,17.000,50.00801,14.84145
24,27,10288.400,255.420,-55.600,22,-67.500,307,16.900,50.00791,14.84164
24,28,10295.000,255.160,-55.700,23,-67.400,307,16.800,50.00780,14.84177
24,29,10302.000,254.880,-55.800,23,-67.200,307,16.800,50.00768,14.84188
24,30,10309.400,254.580,-55.800,24,-67.000,307,16.700,50.00756,14.84202
24,31,10317.500,254.260,-55.900,25,-66.900,307,16.600,50.00746,14.84219
24,32,10326.200,253.910,-56.000,26,-66.700,307,16.500,50.00736,14.84240
24,33,10335.000,253.560,-56.100,26,-66.500,307,16.400,50.00727,14.84264
24,34,10343.800,253.210,-56.200,27,-66.400,307,16.300,50.00718,14.84289
24,35,10352.700,252.850,-56.200,28,-66.300,307,16.200,50.00711,14.84312
24,36,10361.800,252.490,-56.300,28,-66.200,307,16.100,50.00706,14.84329
24,37,10370.700,252.140,-56.300,29,-66.100,307,16.000,50.00700,14.84340
24,38,10379.300,251.800,-56.400,29,-66.100,307,15.900,50.00690,14.84350
24,39,10387.400,251.470,-56.400,30,-66.000,307,15.900,50.00677,14.84364
24,40,10395.400,251.160,-56.500,30,-66.100,307,15.800,50.00664,14.84384
24,41,10403.300,250.840,-56.600,30,-66.100,307,15.700,50.00654,14.84408
24,42,10411.200,250.530,-56.600,30,-66.100,307,15.700,50.00648,14.84432
24,43,10418.700,250.240,-56.700,30,-66.200,307,15.700,50.00645,14.84451
24,44,10426.100,249.950,-56.800,30,-66.200,308,15.600,50.00643,14.84467
24,45,10433.500,249.650,-56.900,30,-66.300,308,15.600,50.00640,14.84482
24,46,10441.600,249.330,-56.900,30,-66.400,308,15.600,50.00636,14.84498
24,47,10449.700,249.010,-57.000,30,-66.500,308,15.600,50.00630,14.84514
24,48,10456.600,248.740,-57.100,30,-66.500,309,15.600,50.00621,14.84527
24,49,10461.000,248.570,-57.100,30,-66.600,309,15.700,50.00609,14.84538
24,50,10463.500,248.470,-57.200,30,-66.600,309,15.700,50.00594,14.84549
24,51,10467.200,248.330,-57.300,30,-66.700,309,15.700,50.00579,14.84565
24,52,10475.500,248.000,-57.400,30,-66.700,309,15.700,50.00569,14.84587
24,53,10488.200,247.500,-57.500,31,-66.700,309,15.700,50.00562,14.84610
24,54,10501.100,247.000,-57.500,31,-66.700,310,15.700,50.00554,14.84632
24,55,10511.300,246.600,-57.600,31,-66.700,310,15.700,50.00546,14.84646
24,56,10518.700,246.310,-57.700,32,-66.700,310,15.700,50.00539,14.84662
24,57,10523.400,246.120,-57.700,32,-66.600,310,15.700,50.00535,14.84686
24,58,10525.500,246.040,-57.800,32,-66.600,310,15.700,50.00533,14.84707
24,59,10529.300,245.900,-57.900,33,-66.600,310,15.600,50.00526,14.84709
25,0,10539.900,245.480,-58.000,33,-66.600,310,15.600,50.00508,14.84717
25,1,10554.600,244.910,-58.100,33,-66.700,310,15.500,50.00490,14.84733
25,2,10568.000,244.390,-58.200,34,-66.700,309,15.400,50.00475,14.84752
25,3,10577.600,244.010,-58.200,34,-66.700,309,15.300,50.00462,14.84772
25,4,10584.100,243.760,-58.300,34,-66.700,309,15.200,50.00448,14.84791
25,5,10589.200,243.570,-58.400,34,-66.700,309,15.100,50.00435,14.84809
25,6,10594.500,243.360,-58.400,35,-66.700,308,15.000,50.00425,14.84826
25,7,10600.400,243.130,-58.500,35,-66.700,308,14.900,50.00418,14.84845
25,8,10606.900,242.880,-58.600,35,-66.700,308,14.700,50.00414,14.84864
25,9,10614.200,242.600,-58.600,35,-66.700,307,14.600,50.00411,14.84886
25,10,10622.400,242.280,-58.700,36,-66.700,307,14.500,50.00405,14.84907
25,11,10631.100,241.950,-58.800,36,-66.800,306,14.400,50.00396,14.84926
25,12,10639.600,241.620,-58.900,36,-66.800,306,14.300,50.00387,14.84940
25,13,10647.500,241.310,-59.000,37,-66.800,306,14.100,50.00379,14.84951
25,14,10654.900,241.030,-59.000,37,-66.700,305,14.100,50.00375,14.84960
25,15,10661.900,240.760,-59.100,38,-66.700,305,14.000,50.00373,14.84969
25,16,10668.500,240.510,-59.100,38,-66.600,304,13.900,50.00370,14.84980
25,17,10674.500,240.280,-59.200,39,-66.600,304,13.900,50.00366,14.84996
25,18,10680.500,240.050,-59.300,39,-66.600,304,13.800,50.00362,14.85013
25,19,10686.700,239.810,-59.300,39,-66.600,303,13.800,50.00358,14.85027
25,20,10693.000,239.570,-59.400,40,-66.600,303,13.800,50.00352,14.85037
25,21,10698.700,239.350,-59.400,40,-66.500,303,13.800,50.00344,14.85045
25,22,10703.100,239.180,-59.500,40,-66.500,303,13.800,50.00335,14.85056
25,23,10707.700,239.010,-59.600,41,-66.500,302,13.800,50.00327,14.85077
25,24,10714.900,238.730,-59.700,41,-66.500,302,13.900,50.00323,14.85105
25,25,10724.200,238.380,-59.700,42,-66.500,302,13.900,50.00322,14.85127
25,26,10732.800,238.050,-59.700,42,-66.400,302,14.000,50.00317,14.85146
25,27,10739.600,237.790,-59.800,43,-66.400,302,14.000,50.00309,14.85161
25,28,10745.200,237.580,-59.900,43,-66.400,303,14.100,50.00299,14.85171
25,29,10750.300,237.380,-59.900,44,-66.400,303,14.200,50.00289,14.85181
25,30,10756.800,237.130,-60.000,44,-66.400,303,14.200,50.00282,14.85194
25,31,10766.400,236.770,-60.100,44,-66.400,303,14.300,50.00276,14.85215
25,32,10777.700,236.340,-60.200,45,-66.400,304,14.400,50.00269,14.85239
25,33,10788.100,235.950,-60.300,45,-66.400,304,14.400,50.00260,14.85262
25,34,10796.600,235.630,-60.400,46,-66.400,304,14.500,50.00251,14.85284
25,35,10803.800,235.350,-60.400,46,-66.400,305,14.500,50.00243,14.85305
25,36,10810.200,235.110,-60.500,47,-66.400,305,14.500,50.00239,14.85324
25,37,10815.900,234.900,-60.500,47,-66.300,305,14.500,50.00234,14.85342
25,38,10820.600,234.720,-60.500,47,-66.300,306,14.500,50.00227,14.85358
25,39,10824.600,234.570,-60.600,48,-66.300,306,14.500,50.00217,14.85374
25,40,10828.600,234.410,-60.600,48,-66.300,307,14.500,50.00206,14.85389
25,41,10833.700,234.220,-60.700,48,-66.300,307,14.500,50.00196,14.85404
25,42,10839.900,233.990,-60.800,49,-66.300,307,14.400,50.00190,14.85418
25,43,10847.000,233.720,-60.900,49,-66.400,308,14.400,50.00186,14.85433
25,44,10854.300,233.450,-60.900,49,-66.400,308,14.300,50.00179,14.85449
25,45,10861.400,233.180,-61.000,49,-66.400,308,14.300,50.00167,14.85466
25,46,10868.000,232.940,-61.100,49,-66.500,309,14.200,50.00153,14.85483
25,47,10874.200,232.700,-61.100,50,-66.500,309,14.100,50.00139,14.85499
25,48,10880.900,232.450,-61.200,50,-66.600,309,14.000,50.00129,14.85513
25,49,10888.800,232.160,-61.300,50,-66.600,310,14.000,50.00123,14.85527
25,50,10897.500,231.830,-61.300,50,-66.700,310,13.900,50.00118,14.85541
25,51,10907.100,231.470,-61.400,50,-66.700,310,13.800,50.00112,14.85556
25,52,10917.300,231.090,-61.500,50,-66.800,310,13.700,50.00103,14.85572
25,53,10927.500,230.710,-61.600,50,-66.800,310,13.600,50.00093,14.85586
25,54,10936.800,230.360,-61.700,51,-66.900,310,13.500,50.00082,14.85597
25,55,10944.600,230.070,-61.700,51,-66.900,310,13.500,50.00075,14.85606
25,56,10951.000,229.840,-61.800,51,-66.900,310,13.400,50.00072,14.85615
25,57,10955.900,229.650,-61.800,52,-66.900,311,13.300,50.00070,14.85628
25,58,10960.200,229.490,-61.800,52,-66.900,311,13.300,50.00066,14.85642
25,59,10964.700,229.330,-61.900,52,-66.900,310,13.200,50.00058,14.85655
26,0,10970.000,229.130,-61.900,52,-67.000,310,13.200,50.00048,14.85666
26,1,10976.000,228.910,-62.000,52,-67.100,310,13.100,50.00038,14.85676
26,2,10982.100,228.680,-62.100,51,-67.100,310,13.100,50.00030,14.85691
26,3,10987.800,228.470,-62.100,51,-67.200,310,13.000,50.00023,14.85711
26,4,10993.500,228.260,-62.200,51,-67.300,310,13.000,50.00018,14.85732
26,5,10999.700,228.030,-62.200,51,-67.300,310,13.000,50.00013,14.85751
26,6,11006.600,227.780,-62.300,51,-67.400,310,13.000,50.00007,14.85766
26,7,11014.300,227.490,-62.300,51,-67.500,310,13.000,50.00001,14.85780
26,8,11022.400,227.200,-62.400,51,-67.500,310,13.000,49.99993,14.85793
26,9,11030.400,226.900,-62.500,51,-67.600,310,13.000,49.99984,14.85807
26,10,11038.500,226.600,-62.600,51,-67.700,310,13.000,49.99974,14.85820
26,11,11047.000,226.290,-62.600,51,-67.800,309,13.000,49.99964,14.85834
26,12,11055.900,225.960,-62.700,51,-67.900,309,13.000,49.99953,14.85847
26,13,11064.600,225.650,-62.800,51,-68.000,309,13.000,49.99944,14.85859
26,14,11072.000,225.380,-62.900,51,-68.000,309,13.100,49.99938,14.85871
26,15,11077.600,225.170,-63.000,51,-68.100,309,13.100,49.99935,14.85881
26,16,11082.300,225.000,-63.000,51,-68.100,309,13.100,49.99933,14.85891
26,17,11086.800,224.830,-63.000,51,-68.200,309,13.200,49.99931,14.85902
26,18,11091.300,224.670,-63.100,51,-68.200,308,13.200,49.99925,14.85916
26,19,11095.500,224.520,-63.100,51,-68.200,308,13.300,49.99915,14.85930
26,20,11099.400,224.370,-63.200,50,-68.300,308,13.300,49.99903,14.85945
26,21,11103.300,224.230,-63.200,50,-68.400,308,13.300,49.99892,14.85959
26,22,11107.700,224.070,-63.300,50,-68.500,308,13.400,49.99883,14.85974
26,23,11112.600,223.890,-63.300,50,-68.600,308,13.400,49.99878,14.85990
26,24,11117.300,223.720,-63.400,50,-68.600,307,13.500,49.99873,14.86009
26,25,11122.100,223.540,-63.400,49,-68.700,307,13.500,49.99867,14.86027
26,26,11126.900,223.370,-63.500,49,-68.800,307,13.500,49.99861,14.86046
26,27,11131.700,223.190,-63.500,49,-68.900,307,13.600,49.99855,14.86063
26,28,11136.900,223.000,-63.500,48,-69.000,307,13.600,49.99846,14.86080
26,29,11142.600,222.800,-63.600,48,-69.100,306,13.600,49.99837,14.86097
26,30,11149.000,222.570,-63.700,48,-69.200,306,13.700,49.99828,14.86113
26,31,11156.100,222.310,-63.700,48,-69.300,306,13.700,49.99819,14.86127
26,32,11163.600,222.040,-63.800,48,-69.300,306,13.700,49.99811,14.86140
26,33,11171.200,221.760,-63.800,47,-69.400,306,13.700,49.99803,14.86154
26,34,11178.800,221.490,-63.900,47,-69.500,305,13.800,49.99796,14.86170
26,35,11186.600,221.210,-64.000,48,-69.500,305,13.800,49.99790,14.86189
26,36,11194.600,220.920,-64.000,48,-69.600,305,13.800,49.99784,14.86208
26,37,11202.800,220.620,-64.100,48,-69.600,305,13.800,49.99778,14.86228
26,38,11211.100,220.320,-64.200,48,-69.600,305,13.800,49.99772,14.86247
26,39,11219.200,220.030,-64.200,48,-69.700,305,13.800,49.99766,14.86265
26,40,11227.100,219.750,-64.300,48,-69.700,305,13.800,49.99759,14.86280
26,41,11234.700,219.470,-64.300,48,-69.700,305,13.900,49.99753,14.86291
26,42,11242.000,219.210,-64.400,49,-69.800,304,13.900,49.99746,14.86302
26,43,11249.300,218.950,-64.500,49,-69.900,304,13.900,49.99740,14.86314
26,44,11256.500,218.690,-64.600,49,-69.900,304,13.900,49.99735,14.86328
26,45,11263.800,218.430,-64.700,49,-70.000,304,13.900,49.99731,14.86345
26,46,11271.400,218.160,-64.700,49,-70.000,304,13.900,49.99726,14.86364
26,47,11279.100,217.880,-64.800,49,-70.000,304,13.900,49.99720,14.86381
26,48,11286.500,217.620,-64.800,49,-70.100,304,13.900,49.99711,14.86397
26,49,11293.500,217.370,-64.900,49,-70.100,304,13.900,49.99702,14.86411
26,50,11300.700,217.110,-64.900,49,-70.200,304,13.900,49.99693,14.86426
26,51,11308.400,216.840,-65.000,49,-70.300,304,13.900,49.99685,14.86443
26,52,11317.000,216.530,-65.100,49,-70.300,304,13.900,49.99677,14.86462
26,53,11326.100,216.210,-65.100,49,-70.400,304,13.800,49.99668,14.86482
26,54,11335.100,215.890,-65.200,49,-70.400,304,13.800,49.99658,14.86498
26,55,11343.700,215.580,-65.300,49,-70.500,303,13.800,49.99649,14.86512
26,56,11351.800,215.300,-65.300,50,-70.500,303,13.800,49.99641,14.86524
26,57,11359.600,215.020,-65.400,50,-70.600,303,13.800,49.99636,14.86537
26,58,11367.400,214.740,-65.500,50,-70.600,303,13.800,49.99632,14.86555
26,59,11375.400,214.460,-65.500,50,-70.600,303,13.800,49.99628,14.86576
27,0,11383.600,214.170,-65.600,51,-70.600,303,13.800,49.99622,14.86597
27,1,11392.000,213.880,-65.700,51,-70.700,303,13.800,49.99614,14.86616
27,2,11400.000,213.600,-65.800,51,-70.700,303,13.800,49.99606,14.86629
27,3,11406.700,213.360,-65.900,52,-70.700,303,13.700,49.99599,14.86640
27,4,11412.100,213.170,-65.900,52,-70.700,303,13.700,49.99595,14.86653
27,5,11417.300,212.990,-66.000,53,-70.700,303,13.700,49.99592,14.86667
27,6,11422.800,212.800,-66.000,53,-70.700,303,13.700,49.99588,14.86683
27,7,11429.000,212.580,-66.100,53,-70.700,304,13.600,49.99582,14.86701
27,8,11436.100,212.330,-66.100,54,-70.700,304,13.600,49.99574,14.86720
27,9,11443.800,212.060,-66.200,54,-70.800,304,13.600,49.99567,14.86736
27,10,11451.700,211.780,-66.300,54,-70.800,304,13.600,49.99560,14.86750
27,11,11459.400,211.520,-66.300,54,-70.900,304,13.600,49.99553,14.86765
27,12,11466.700,211.260,-66.400,54,-70.900,304,13.500,49.99547,14.86783
27,13,11473.800,211.010,-66.400,54,-71.000,304,13.500,49.99541,14.86803
27,14,11480.600,210.770,-66.500,54,-71.000,304,13.500,49.99536,14.86824
27,15,11487.000,210.550,-66.500,54,-71.100,304,13.500,49.99529,14.86842
27,16,11492.700,210.350,-66.600,53,-71.200,304,13.500,49.99520,14.86856
27,17,11498.000,210.170,-66.600,53,-71.200,305,13.500,49.99510,14.86867
27,18,11503.200,209.990,-66.700,53,-71.300,305,13.500,49.99500,14.86879
27,19,11508.200,209.810,-66.800,53,-71.400,305,13.500,49.99492,14.86893
27,20,11514.000,209.610,-66.800,53,-71.500,305,13.500,49.99486,14.86910
27,21,11522.700,209.310,-66.900,53,-71.600,304,13.500,49.99480,14.86931
27,22,11533.800,208.930,-67.000,53,-71.700,304,13.500,49.99474,14.86950
27,23,11544.700,208.550,-67.100,53,-71.700,304,13.500,49.99467,14.86965
27,24,11553.800,208.240,-67.100,52,-71.800,304,13.600,49.99460,14.86976
27,25,11562.000,207.950,-67.200,52,-71.900,304,13.600,49.99456,14.86985
27,26,11570.400,207.660,-67.300,52,-72.000,304,13.600,49.99452,14.86996
27,27,11579.200,207.360,-67.400,53,-72.000,303,13.600,49.99448,14.87011
27,28,11588.200,207.050,-67.400,53,-72.100,303,13.600,49.99441,14.87030
27,29,11596.800,206.750,-67.500,53,-72.100,302,13.600,49.99432,14.87051
27,30,11604.600,206.490,-67.500,53,-72.200,302,13.600,49.99422,14.87072
27,31,11611.600,206.250,-67.600,53,-72.200,302,13.600,49.99411,14.87090
27,32,11618.100,206.020,-67.700,53,-72.300,301,13.600,49.99400,14.87107
27,33,11624.800,205.790,-67.700,53,-72.300,301,13.600,49.99392,14.87123
27,34,11632.300,205.540,-67.800,53,-72.400,300,13.600,49.99386,14.87138
27,35,11640.500,205.260,-67.800,53,-72.400,300,13.600,49.99382,14.87155
27,36,11649.000,204.970,-67.900,53,-72.500,299,13.600,49.99381,14.87172
27,37,11657.100,204.690,-67.900,53,-72.500,298,13.700,49.99379,14.87189
27,38,11664.500,204.440,-68.000,53,-72.600,298,13.700,49.99376,14.87207
27,39,11671.800,204.190,-68.100,53,-72.600,297,13.700,49.99372,14.87225
27,40,11679.600,203.920,-68.100,53,-72.700,297,13.700,49.99367,14.87243
27,41,11687.900,203.640,-68.200,53,-72.800,297,13.600,49.99360,14.87258
27,42,11696.400,203.350,-68.300,53,-72.900,296,13.600,49.99353,14.87273
27,43,11705.000,203.060,-68.300,53,-72.900,296,13.600,49.99346,14.87288
27,44,11713.600,202.770,-68.400,53,-73.000,295,13.600,49.99338,14.87305
27,45,11722.600,202.470,-68.500,53,-73.000,295,13.600,49.99332,14.87325
27,46,11732.100,202.150,-68.500,53,-73.000,295,13.600,49.99327,14.87344
27,47,11741.500,201.830,-68.500,53,-73.100,294,13.600,49.99323,14.87362
27,48,11750.000,201.540,-68.600,53,-73.100,294,13.600,49.99320,14.87377
27,49,11757.000,201.310,-68.700,54,-73.100,294,13.600,49.99319,14.87391
27,50,11762.900,201.110,-68.700,54,-73.100,294,13.600,49.99319,14.87405
27,51,11769.000,200.910,-68.700,55,-73.100,294,13.600,49.99320,14.87423
27,52,11776.100,200.670,-68.800,55,-73.100,294,13.600,49.99319,14.87443
27,53,11784.600,200.380,-68.900,55,-73.100,293,13.600,49.99316,14.87465
27,54,11793.200,200.090,-69.000,56,-73.100,293,13.600,49.99309,14.87487
27,55,11800.700,199.840,-69.000,56,-73.100,293,13.600,49.99300,14.87506
27,56,11806.500,199.650,-69.100,56,-73.200,293,13.600,49.99290,14.87522
27,57,11811.700,199.480,-69.100,56,-73.200,293,13.600,49.99279,14.87537
27,58,11816.800,199.300,-69.200,56,-73.300,293,13.600,49.99271,14.87552
27,59,11821.900,199.130,-69.200,56,-73.300,293,13.600,49.99266,14.87567
28,0,11827.100,198.960,-69.200,56,-73.400,293,13.600,49.99264,14.87583
28,1,11832.600,198.780,-69.300,56,-73.500,293,13.600,49.99260,14.87600
28,2,11838.800,198.570,-69.300,55,-73.500,293,13.600,49.99254,14.87616
28,3,11846.100,198.330,-69.400,55,-73.700,293,13.600,49.99246,14.87631
28,4,11854.200,198.060,-69.500,54,-73.800,293,13.600,49.99239,14.87646
28,5,11862.700,197.780,-69.600,54,-73.900,294,13.600,49.99234,14.87661
28,6,11870.400,197.520,-69.700,54,-74.100,294,13.600,49.99233,14.87678
28,7,11877.000,197.300,-69.700,53,-74.200,294,13.500,49.99233,14.87697
28,8,11882.600,197.120,-69.800,53,-74.300,294,13.500,49.99233,14.87718
28,9,11887.900,196.940,-69.800,53,-74.300,294,13.500,49.99230,14.87742
28,10,11893.400,196.760,-69.800,52,-74.400,294,13.500,49.99224,14.87766
28,11,11899.100,196.570,-69.900,52,-74.500,294,13.400,49.99217,14.87788
28,12,11904.500,196.390,-69.900,52,-74.500,294,13.400,49.99208,14.87807
28,13,11909.500,196.230,-70.000,52,-74.600,294,13.300,49.99201,14.87823
28,14,11914.300,196.070,-70.000,51,-74.700,294,13.300,49.99194,14.87837
28,15,11918.900,195.920,-70.100,51,-74.800,294,13.200,49.99191,14.87848
28,16,11923.300,195.770,-70.100,51,-74.900,294,13.200,49.99189,14.87859
28,17,11927.600,195.630,-70.100,50,-75.000,294,13.100,49.99187,14.87870
28,18,11932.300,195.480,-70.200,50,-75.100,294,13.000,49.99181,14.87884
28,19,11938.100,195.290,-70.300,49,-75.200,294,12.900,49.99173,14.87902
28,20,11945.100,195.060,-70.300,49,-75.300,294,12.900,49.99163,14.87923
28,21,11952.500,194.810,-70.400,49,-75.400,294,12.800,49.99158,14.87943
28,22,11959.900,194.570,-70.400,48,-75.500,294,12.700,49.99156,14.87962
28,23,11967.400,194.320,-70.500,48,-75.600,294,12.600,49.99157,14.87979
28,24,11975.300,194.070,-70.600,48,-75.700,294,12.600,49.99156,14.87994
28,25,11983.700,193.790,-70.600,48,-75.800,294,12.500,49.99150,14.88010
28,26,11992.200,193.520,-70.700,48,-75.900,294,12.400,49.99142,14.88024
28,27,12000.600,193.240,-70.800,48,-76.000,294,12.400,49.99133,14.88037
28,28,12008.400,192.990,-70.900,48,-76.000,294,12.300,49.99125,14.88047
28,29,12015.700,192.750,-70.900,48,-76.100,293,12.200,49.99120,14.88056
28,30,12022.900,192.510,-71.000,48,-76.100,293,12.200,49.99115,14.88068
28,31,12030.100,192.280,-71.100,48,-76.200,293,12.100,49.99108,14.88086
28,32,12037.600,192.040,-71.100,48,-76.200,293,12.000,49.99102,14.88107
28,33,12045.700,191.770,-71.200,48,-76.300,292,11.900,49.99097,14.88127
28,34,12053.900,191.510,-71.300,48,-76.400,292,11.900,49.99093,14.88144
28,35,12061.800,191.250,-71.400,48,-76.400,292,11.800,49.99092,14.88155
28,36,12069.400,191.010,-71.400,48,-76.500,292,11.800,49.99091,14.88166
28,37,12076.800,190.760,-71.500,48,-76.500,291,11.700,49.99089,14.88180
28,38,12084.800,190.510,-71.600,49,-76.600,291,11.700,49.99087,14.88199
28,39,12093.500,190.230,-71.700,49,-76.600,291,11.600,49.99085,14.88222
28,40,12102.300,189.940,-71.800,49,-76.700,291,11.600,49.99083,14.88243
28,41,12110.600,189.680,-71.800,49,-76.700,291,11.600,49.99080,14.88259
28,42,12117.900,189.440,-71.900,49,-76.800,291,11.500,49.99078,14.88269
28,43,12124.800,189.220,-71.900,49,-76.800,291,11.500,49.99075,14.88276
28,44,12132.000,188.990,-72.000,49,-76.900,291,11.500,49.99072,14.88283
28,45,12139.900,188.740,-72.100,49,-76.900,291,11.500,49.99068,14.88297
28,46,12147.800,188.480,-72.200,49,-77.000,291,11.500,49.99061,14.88317
28,47,12155.400,188.240,-72.200,49,-77.100,291,11.500,49.99054,14.88340
28,48,12162.600,188.010,-72.300,49,-77.200,291,11.500,49.99049,14.88360
28,49,12169.500,187.790,-72.400,49,-77.200,292,11.500,49.99046,14.88375
28,50,12176.300,187.570,-72.400,49,-77.300,292,11.500,49.99046,14.88388
28,51,12183.300,187.350,-72.500,49,-77.400,293,11.500,49.99044,14.88400
28,52,12190.500,187.120,-72.600,49,-77.500,293,11.500,49.99042,14.88415
28,53,12198.000,186.880,-72.600,49,-77.500,293,11.500,49.99040,14.88430
28,54,12205.800,186.630,-72.700,49,-77.600,294,11.500,49.99037,14.88445
28,55,12213.800,186.380,-72.800,49,-77.700,295,11.500,49.99033,14.88460
28,56,12221.900,186.120,-72.900,49,-77.800,295,11.500,49.99029,14.88475
28,57,12230.000,185.860,-72.900,48,-77.900,296,11.500,49.99023,14.88490
28,58,12238.300,185.600,-73.000,48,-78.000,296,11.500,49.99015,14.88505
28,59,12246.200,185.350,-73.100,48,-78.100,297,11.600,49.99008,14.88519
29,0,12253.400,185.120,-73.100,48,-78.100,298,11.600,49.99001,14.88532
29,1,12260.000,184.910,-73.200,48,-78.200,298,11.600,49.98997,14.88543
29,2,12266.300,184.710,-73.200,48,-78.200,299,11.600,49.98995,14.88553
29,3,12272.900,184.500,-73.300,48,-78.300,300,11.600,49.98993,14.88565
29,4,12279.500,184.300,-73.400,48,-78.400,300,11.600,49.98989,14.88581
29,5,12286.000,184.090,-73.400,48,-78.400,301,11.600,49.98984,14.88599
29,6,12292.700,183.880,-73.500,48,-78.500,301,11.600,49.98978,14.88620
29,7,12300.000,183.650,-73.600,48,-78.600,302,11.600,49.98972,14.88642
29,8,12307.400,183.420,-73.600,48,-78.600,302,11.600,49.98965,14.88660
29,9,12313.900,183.210,-73.700,48,-78.700,303,11.700,49.98957,14.88674
29,10,12319.200,183.050,-73.700,48,-78.700,303,11.700,49.98949,14.88683
29,11,12323.700,182.910,-73.700,48,-78.800,304,11.700,49.98941,14.88692
29,12,12328.200,182.760,-73.800,47,-78.800,304,11.700,49.98934,14.88701
29,13,12333.200,182.610,-73.800,47,-78.800,304,11.700,49.98929,14.88712
29,14,12339.000,182.430,-73.800,47,-78.800,304,11.800,49.98925,14.88724
29,15,12345.300,182.230,-73.800,47,-78.900,305,11.800,49.98921,14.88736
29,16,12351.500,182.040,-73.900,47,-78.900,305,11.800,49.98915,14.88747
29,17,12357.300,181.860,-73.900,47,-79.000,305,11.800,49.98908,14.88759
29,18,12362.900,181.680,-74.000,47,-79.100,305,11.900,49.98900,14.88771
29,19,12368.300,181.510,-74.000,47,-79.100,305,11.900,49.98893,14.88783
29,20,12374.200,181.330,-74.100,47,-79.200,305,12.000,49.98888,14.88794
29,21,12381.000,181.120,-74.100,46,-79.300,305,12.000,49.98884,14.88806
29,22,12388.800,180.880,-74.200,46,-79.300,305,12.000,49.98880,14.88819
29,23,12397.100,180.620,-74.200,46,-79.400,304,12.100,49.98874,14.88836
29,24,12404.800,180.380,-74.300,46,-79.400,304,12.200,49.98866,14.88854
29,25,12411.200,180.180,-74.300,46,-79.500,304,12.200,49.98857,14.88872
29,26,12416.400,180.020,-74.400,46,-79.500,304,12.300,49.98848,14.88887
29,27,12421.300,179.870,-74.400,46,-79.600,303,12.300,49.98841,14.88900
29,28,12426.800,179.700,-74.500,46,-79.600,303,12.400,49.98835,14.88913
29,29,12433.000,179.510,-74.600,46,-79.700,303,12.400,49.98831,14.88929
29,30,12440.000,179.290,-74.600,47,-79.700,302,12.500,49.98827,14.88947
29,31,12447.400,179.060,-74.700,47,-79.800,302,12.500,49.98822,14.88965
29,32,12454.500,178.850,-74.700,47,-79.800,302,12.600,49.98816,14.88980
29,33,12461.100,178.640,-74.800,47,-79.900,302,12.700,49.98808,14.88992
29,34,12467.500,178.440,-74.900,47,-80.000,301,12.700,49.98801,14.89002
29,35,12473.900,178.250,-74.900,47,-80.000,301,12.800,49.98795,14.89014
29,36,12480.300,178.050,-75.000,47,-80.100,301,12.800,49.98789,14.89029
29,37,12486.900,177.850,-75.100,47,-80.100,301,12.800,49.98784,14.89047
29,38,12494.000,177.630,-75.100,47,-80.200,300,12.900,49.98780,14.89063
29,39,12501.400,177.400,-75.200,47,-80.300,300,12.900,49.98776,14.89077
29,40,12509.000,177.170,-75.200,47,-80.300,300,12.900,49.98771,14.89091
29,41,12516.400,176.950,-75.300,46,-80.400,300,13.000,49.98766,14.89105
29,42,12523.400,176.730,-75.400,46,-80.400,300,13.000,49.98760,14.89121
29,43,12529.400,176.550,-75.400,46,-80.500,300,13.000,49.98753,14.89139
29,44,12534.000,176.410,-75.400,46,-80.500,300,13.000,49.98743,14.89156
29,45,12537.700,176.300,-75.500,46,-80.600,300,13.000,49.98732,14.89173
29,46,12541.400,176.180,-75.500,46,-80.700,300,13.000,49.98721,14.89190
29,47,12545.100,176.070,-75.600,46,-80.700,300,13.000,49.98711,14.89207
29,48,12551.000,175.890,-75.700,46,-80.800,300,13.000,49.98705,14.89225
29,49,12557.700,175.690,-75.700,46,-80.900,300,13.000,49.98702,14.89243
29,50,12564.600,175.480,-75.700,46,-80.900,300,13.000,49.98701,14.89260
29,51,12571.100,175.280,-75.800,46,-81.000,301,12.900,49.98697,14.89274
29,52,12577.000,175.100,-75.800,45,-81.000,301,12.900,49.98691,14.89286
29,53,12582.400,174.940,-75.900,45,-81.100,301,12.900,49.98683,14.89298
29,54,12587.200,174.790,-76.000,45,-81.200,301,12.800,49.98674,14.89312
29,55,12591.600,174.660,-76.000,45,-81.200,302,12.800,49.98667,14.89330
29,56,12596.000,174.530,-76.000,45,-81.300,302,12.800,49.98662,14.89349
29,57,12601.600,174.360,-76.100,45,-81.300,302,12.700,49.98658,14.89370
29,58,12607.100,174.190,-76.100,45,-81.400,302,12.700,49.98652,14.89389
29,59,12613.900,173.980,-76.200,45,-81.400,303,12.600,49.98645,14.89405
30,0,12621.100,173.770,-76.200,45,-81.500,303,12.600,49.98639,14.89418
30,1,12627.900,173.560,-76.300,45,-81.600,303,12.500,49.98636,14.89428
30,2,12634.500,173.370,-76.300,45,-81.600,303,12.500,49.98633,14.89439
30,3,12640.800,173.170,-76.400,45,-81.700,304,12.400,49.98631,14.89452
30,4,12646.900,172.990,-76.400,45,-81.700,304,12.400,49.98626,14.89465
30,5,12652.500,172.820,-76.500,44,-81.800,304,12.300,49.98617,14.89478
30,6,12657.900,172.660,-76.500,44,-81.800,304,12.300,49.98606,14.89491
30,7,12662.900,172.510,-76.600,44,-81.900,305,12.200,49.98595,14.89504
30,8,12667.500,172.370,-76.600,44,-81.900,305,12.200,49.98587,14.89517
30,9,12672.300,172.230,-76.600,44,-82.000,305,12.100,49.98582,14.89531
30,10,12678.200,172.050,-76.700,44,-82.000,305,12.100,49.98577,14.89545
30,11,12685.000,171.850,-76.700,44,-82.100,305,12.100,49.98572,14.89560
30,12,12692.300,171.630,-76.800,44,-82.200,305,12.000,49.98566,14.89577
30,13,12699.700,171.410,-76.900,44,-82.300,306,12.000,49.98559,14.89594
30,14,12707.000,171.190,-76.900,43,-82.300,306,12.000,49.98554,14.89610
30,15,12714.100,170.980,-77.000,43,-82.400,306,12.000,49.98548,14.89624
30,16,12720.800,170.780,-77.000,43,-82.400,306,12.000,49.98542,14.89634
30,17,12727.400,170.590,-77.000,43,-82.500,306,12.000,49.98536,14.89640
30,18,12734.000,170.390,-77.100,43,-82.600,306,12.000,49.98530,14.89645
30,19,12740.500,170.200,-77.100,43,-82.600,306,12.000,49.98524,14.89653
30,20,12746.700,170.010,-77.200,43,-82.600,306,12.000,49.98518,14.89665
30,21,12752.500,169.840,-77.200,43,-82.700,306,12.100,49.98514,14.89680
30,22,12758.600,169.660,-77.300,43,-82.700,307,12.100,49.98510,14.89695
30,23,12765.000,169.470,-77.300,43,-82.800,307,12.200,49.98504,14.89709
30,24,12771.700,169.270,-77.300,43,-82.800,307,12.300,49.98495,14.89724
30,25,12779.000,169.060,-77.400,43,-82.900,307,12.400,49.98486,14.89740
30,26,12787.400,168.810,-77.400,43,-82.900,307,12.500,49.98477,14.89758
30,27,12796.500,168.540,-77.500,43,-83.000,307,12.600,49.98470,14.89776
30,28,12805.700,168.270,-77.500,43,-83.000,307,12.700,49.98466,14.89794
30,29,12814.600,168.010,-77.500,43,-83.000,307,12.900,49.98462,14.89809
30,30,12822.900,167.770,-77.500,43,-83.000,308,13.000,49.98458,14.89821
30,31,12831.100,167.530,-77.600,43,-83.000,308,13.200,49.98453,14.89831
30,32,12839.200,167.290,-77.600,43,-83.100,308,13.400,49.98448,14.89840
30,33,12847.200,167.060,-77.700,43,-83.100,308,13.600,49.98443,14.89850
30,34,12855.100,166.830,-77.800,43,-83.200,308,13.700,49.98437,14.89860
30,35,12862.700,166.610,-77.800,43,-83.200,308,13.900,49.98428,14.89869
30,36,12869.800,166.400,-77.900,44,-83.200,308,14.200,49.98417,14.89879
30,37,12876.100,166.210,-77.900,44,-83.300,308,14.400,49.98404,14.89893
30,38,12881.500,166.060,-78.000,44,-83.300,308,14.600,49.98391,14.89912
30,39,12886.400,165.920,-78.000,44,-83.300,308,14.800,49.98381,14.89936
30,40,12891.100,165.780,-78.100,44,-83.300,308,15.000,49.98373,14.89961
30,41,12895.800,165.640,-78.100,44,-83.400,308,15.200,49.98366,14.89981
30,42,12900.400,165.510,-78.100,44,-83.400,308,15.400,49.98360,14.89995
30,43,12905.100,165.370,-78.200,44,-83.400,308,15.600,49.98353,14.90003
30,44,12910.500,165.220,-78.200,44,-83.400,308,15.900,49.98343,14.90011
30,45,12916.200,165.050,-78.300,45,-83.500,308,16.100,49.98333,14.90025
30,46,12921.400,164.900,-78.300,45,-83.500,308,16.300,49.98324,14.90047
30,47,12925.500,164.780,-78.300,45,-83.500,308,16.400,49.98315,14.90074
30,48,12929.100,164.680,-78.300,45,-83.500,308,16.600,49.98306,14.90102
30,49,12933.100,164.560,-78.300,45,-83.500,307,16.800,49.98297,14.90128
30,50,12937.600,164.430,-78.300,45,-83.500,307,17.000,49.98286,14.90147
30,51,12942.400,164.300,-78.300,45,-83.500,307,17.100,49.98277,14.90161
30,52,12947.400,164.150,-78.300,45,-83.500,307,17.300,49.98268,14.90174
30,53,12952.500,164.000,-78.300,45,-83.500,307,17.400,49.98260,14.90189
30,54,12957.500,163.860,-78.300,45,-83.400,307,17.600,49.98252,14.90210
30,55,12962.500,163.720,-78.200,45,-83.400,307,17.700,49.98243,14.90236
30,56,12967.400,163.580,-78.200,45,-83.300,307,17.800,49.98233,14.90264
30,57,12972.200,163.440,-78.200,45,-83.300,308,17.900,49.98222,14.90290
30,58,12976.800,163.310,-78.200,45,-83.300,308,18.100,49.98211,14.90311
30,59,12981.300,163.180,-78.200,45,-83.400,308,18.200,49.98201,14.90329
31,0,12985.800,163.050,-78.200,44,-83.400,308,18.300,49.98191,14.90345
31,1,12990.600,162.910,-78.200,44,-83.400,308,18.400,49.98181,14.90363
31,2,12995.400,162.780,-78.300,44,-83.500,308,18.500,49.98172,14.90384
31,3,12999.500,162.660,-78.300,44,-83.600,308,18.600,49.98163,14.90406
31,4,13002.400,162.580,-78.300,44,-83.600,308,18.700,49.98155,14.90427
31,5,13005.300,162.490,-78.300,44,-83.600,308,18.800,49.98146,14.90446
31,6,13008.200,162.410,-78.300,43,-83.600,308,18.900,49.98136,14.90463
31,7,13011.100,162.330,-78.200,43,-83.600,308,18.900,49.98124,14.90476
31,8,13014.600,162.230,-78.200,43,-83.600,308,19.000,49.98110,14.90489
31,9,13018.900,162.110,-78.200,43,-83.600,308,19.200,49.98097,14.90505
31,10,13023.300,161.980,-78.100,43,-83.600,308,19.300,49.98085,14.90526
31,11,13027.000,161.880,-78.100,42,-83.600,308,19.400,49.98076,14.90551
31,12,13030.200,161.790,-78.100,42,-83.600,308,19.400,49.98068,14.90577
31,13,13033.300,161.700,-78.000,42,-83.600,309,19.500,49.98062,14.90603
31,14,13036.900,161.600,-78.000,42,-83.600,309,19.600,49.98053,14.90627
31,15,13041.000,161.480,-78.000,41,-83.700,309,19.700,49.98042,14.90651
31,16,13045.800,161.350,-78.000,41,-83.700,309,19.700,49.98029,14.90674
31,17,13051.200,161.190,-78.000,41,-83.800,309,19.700,49.98015,14.90695
31,18,13057.100,161.030,-78.000,40,-83.800,309,19.700,49.98002,14.90715
31,19,13063.000,160.860,-77.900,40,-83.700,309,19.700,49.97992,14.90734
31,20,13068.500,160.700,-77.600,40,-83.600,309,19.700,49.97983,14.90753
31,21,13073.100,160.580,-77.300,39,-83.300,309,19.600,49.97973,14.90773
31,22,13076.700,160.480,-77.000,39,-83.100,309,19.600,49.97961,14.90794
31,23,13079.500,160.400,-76.800,38,-83.000,309,19.500,49.97944,14.90816
31,24,13082.200,160.320,-76.600,38,-82.900,309,19.300,49.97926,14.90841
31,25,13085.000,160.240,-76.600,38,-82.900,310,19.200,49.97910,14.90871
31,26,13088.600,160.140,-76.500,37,-83.000,310,19.000,49.97898,14.90900
31,27,13093.500,160.010,-76.400,37,-83.000,310,18.800,49.97888,14.90927
31,28,13099.700,159.830,-76.300,36,-82.900,310,18.500,49.97878,14.90947
31,29,13106.400,159.650,-76.100,36,-82.800,310,18.300,49.97867,14.90961
31,30,13112.200,159.490,-75.800,35,-82.600,310,18.100,49.97855,14.90974
31,31,13115.800,159.390,-75.600,35,-82.400,311,17.800,49.97841,14.90994
31,32,13119.400,159.290,-75.200,35,-82.200,311,17.600,49.97827,14.91019
31,33,13123.800,159.170,-74.900,34,-81.900,311,17.300,49.97814,14.91043
31,34,13130.000,159.000,-74.600,34,-81.800,311,17.000,49.97804,14.91065
31,35,13137.300,158.800,-74.400,34,-81.600,311,16.700,49.97796,14.91084
31,36,13144.700,158.600,-74.300,33,-81.600,311,16.300,49.97787,14.91099
31,37,13151.400,158.420,-74.200,33,-81.500,312,15.900,49.97777,14.91113
31,38,13157.200,158.260,-74.100,33,-81.400,312,15.600,49.97767,14.91126
31,39,13162.600,158.110,-74.000,33,-81.400,312,15.300,49.97758,14.91141
31,40,13168.000,157.970,-74.000,33,-81.300,312,15.000,49.97751,14.91155
31,41,13173.400,157.820,-73.900,33,-81.300,313,14.700,49.97744,14.91170
31,42,13179.100,157.670,-73.900,33,-81.200,313,14.300,49.97739,14.91185
31,43,13185.300,157.500,-73.800,33,-81.200,313,14.000,49.97732,14.91200
31,44,13192.200,157.310,-73.700,33,-81.100,313,13.600,49.97724,14.91214
31,45,13199.600,157.110,-73.600,33,-81.000,314,13.200,49.97714,14.91227
31,46,13206.800,156.920,-73.600,33,-81.000,314,12.900,49.97704,14.91238
31,47,13213.800,156.730,-73.600,33,-80.900,314,12.600,49.97696,14.91246
31,48,13220.500,156.550,-73.600,33,-80.900,314,12.200,49.97690,14.91255
31,49,13227.200,156.370,-73.600,33,-80.900,315,12.000,49.97684,14.91264
31,50,13233.900,156.190,-73.600,33,-80.900,315,11.700,49.97678,14.91274
31,51,13240.800,156.010,-73.600,34,-80.900,315,11.400,49.97670,14.91287
31,52,13247.900,155.820,-73.600,34,-80.900,315,11.200,49.97662,14.91299
31,53,13255.100,155.630,-73.700,34,-80.900,315,11.000,49.97653,14.91311
31,54,13261.800,155.450,-73.700,34,-81.000,315,10.800,49.97644,14.91322
31,55,13268.000,155.280,-73.800,34,-81.000,315,10.600,49.97638,14.91331
31,56,13274.100,155.120,-73.800,34,-81.000,315,10.400,49.97633,14.91338
31,57,13280.200,154.960,-73.800,34,-81.000,315,10.300,49.97629,14.91343
31,58,13286.100,154.800,-73.800,34,-81.000,315,10.100,49.97621,14.91349
31,59,13291.700,154.650,-73.900,34,-81.100,315,10.000,49.97611,14.91356
32,0,13297.300,154.510,-73.900,34,-81.100,315,10.000,49.97600,14.91363
32,1,13302.900,154.360,-74.000,34,-81.100,315,9.900,49.97591,14.91371
32,2,13308.200,154.220,-74.000,34,-81.200,315,9.800,49.97586,14.91379
32,3,13313.900,154.070,-74.000,34,-81.200,315,9.700,49.97583,14.91387
32,4,13320.100,153.900,-74.100,34,-81.200,315,9.600,49.97582,14.91396
32,5,13326.100,153.740,-74.100,34,-81.300,314,9.500,49.97578,14.91405
32,6,13330.700,153.620,-74.100,34,-81.300,314,9.400,49.97570,14.91415
32,7,13334.300,153.530,-74.200,34,-81.400,314,9.400,49.97558,14.91426
32,8,13338.100,153.430,-74.200,34,-81.400,313,9.300,49.97546,14.91437
32,9,13343.800,153.280,-74.300,34,-81.500,313,9.200,49.97535,14.91448
32,10,13351.900,153.060,-74.300,34,-81.500,313,9.100,49.97530,14.91458
32,11,13361.300,152.820,-74.400,34,-81.500,312,9.100,49.97529,14.91468
32,12,13369.500,152.600,-74.400,34,-81.600,312,9.000,49.97528,14.91479
32,13,13375.800,152.440,-74.400,34,-81.600,311,8.900,49.97523,14.91491
32,14,13380.500,152.310,-74.400,34,-81.600,311,8.800,49.97514,14.91501
32,15,13384.500,152.210,-74.500,34,-81.700,310,8.700,49.97504,14.91510
32,16,13388.400,152.110,-74.500,34,-81.700,310,8.700,49.97494,14.91516
32,17,13393.400,151.980,-74.500,34,-81.700,309,8.600,49.97487,14.91524
32,18,13400.000,151.800,-74.600,34,-81.800,308,8.500,49.97485,14.91535
32,19,13408.200,151.590,-74.600,34,-81.800,308,8.400,49.97485,14.91549
32,20,13417.100,151.360,-74.700,34,-81.800,307,8.400,49.97487,14.91564
32,21,13425.800,151.130,-74.700,34,-81.900,306,8.300,49.97486,14.91575
32,22,13433.200,150.940,-74.700,34,-81.900,305,8.200,49.97483,14.91582
32,23,13438.900,150.790,-74.700,34,-81.900,304,8.200,49.97477,14.91584
32,24,13443.800,150.660,-74.800,34,-81.900,303,8.200,49.97471,14.91585
32,25,13449.000,150.530,-74.800,34,-82.000,302,8.100,49.97466,14.91587
32,26,13454.900,150.380,-74.800,34,-82.000,301,8.100,49.97462,14.91592
32,27,13461.200,150.210,-74.800,34,-82.000,300,8.100,49.97458,14.91601
32,28,13467.500,150.050,-74.800,33,-82.000,298,8.100,49.97453,14.91612
32,29,13473.700,149.890,-74.800,33,-82.000,297,8.200,49.97447,14.91624
32,30,13479.700,149.740,-74.700,33,-82.000,296,8.200,49.97440,14.91634
32,31,13485.900,149.580,-74.700,33,-81.900,294,8.200,49.97434,14.91643
32,32,13492.800,149.400,-74.600,33,-81.900,293,8.300,49.97433,14.91650
32,33,13500.800,149.190,-74.500,33,-81.800,292,8.400,49.97434,14.91658
32,34,13509.300,148.970,-74.500,33,-81.800,290,8.500,49.97437,14.91670
32,35,13517.300,148.770,-74.500,33,-81.900,289,8.600,49.97436,14.91685
32,36,13524.500,148.590,-74.500,33,-81.900,288,8.700,49.97433,14.91702
32,37,13531.200,148.410,-74.500,33,-81.900,286,8.800,49.97429,14.91719
32,38,13537.700,148.250,-74.400,33,-81.900,285,9.000,49.97427,14.91731
32,39,13543.700,148.100,-74.400,33,-81.800,283,9.100,49.97426,14.91739
32,40,13549.600,147.950,-74.400,33,-81.800,282,9.300,49.97426,14.91745
32,41,13555.900,147.790,-74.400,33,-81.800,281,9.400,49.97426,14.91751
32,42,13563.000,147.600,-74.400,33,-81.800,280,9.600,49.97423,14.91761
32,43,13570.400,147.420,-74.500,33,-81.800,279,9.800,49.97418,14.91776
32,44,13577.200,147.250,-74.500,33,-81.900,278,9.900,49.97412,14.91796
32,45,13583.200,147.090,-74.600,33,-81.900,277,10.100,49.97407,14.91819
32,46,13588.900,146.950,-74.600,33,-81.900,276,10.300,49.97404,14.91842
32,47,13595.000,146.790,-74.700,34,-81.900,275,10.400,49.97404,14.91862
32,48,13601.800,146.620,-74.800,34,-81.900,274,10.600,49.97406,14.91877
32,49,13609.300,146.440,-74.800,34,-81.900,273,10.800,49.97410,14.91887
32,50,13617.700,146.220,-74.800,34,-81.900,272,10.900,49.97413,14.91892
32,51,13627.300,145.980,-74.900,35,-81.900,272,11.100,49.97415,14.91897
32,52,13637.900,145.720,-75.000,35,-81.900,271,11.200,49.97413,14.91905
32,53,13648.300,145.450,-75.000,35,-81.900,271,11.400,49.97410,14.91919
32,54,13656.800,145.240,-75.100,35,-81.900,270,11.500,49.97410,14.91938
32,55,13662.900,145.090,-75.100,35,-81.900,270,11.600,49.97413,14.91959
32,56,13667.300,144.980,-75.100,36,-81.900,269,11.700,49.97419,14.91981
32,57,13671.600,144.870,-75.100,36,-81.800,269,11.900,49.97425,14.92002
32,58,13676.400,144.750,-75.100,36,-81.800,269,12.000,49.97430,14.92020
32,59,13681.500,144.620,-75.100,36,-81.800,268,12.100,49.97430,14.92035
33,0,13686.500,144.500,-75.100,36,-81.800,268,12.100,49.97427,14.92049
33,1,13691.600,144.370,-75.200,36,-81.800,268,12.200,49.97423,14.92066
33,2,13696.900,144.240,-75.200,36,-81.900,268,12.300,49.97418,14.92087
33,3,13702.000,144.110,-75.300,37,-81.900,268,12.400,49.97417,14.92110
33,4,13706.800,143.990,-75.300,37,-81.900,268,12.500,49.97419,14.92130
33,5,13711.600,143.870,-75.300,37,-81.900,268,12.500,49.97422,14.92145
33,6,13716.600,143.750,-75.300,37,-81.900,268,12.600,49.97426,14.92156
33,7,13722.200,143.610,-75.300,37,-81.900,268,12.700,49.97428,14.92167
33,8,13727.800,143.470,-75.400,37,-81.900,269,12.700,49.97428,14.92181
33,9,13732.500,143.360,-75.400,37,-81.900,269,12.800,49.97427,14.92200
33,10,13736.200,143.260,-75.400,37,-81.900,269,12.900,49.97426,14.92222
33,11,13739.700,143.180,-75.500,37,-81.900,269,12.900,49.97424,14.92245
33,12,13743.300,143.090,-75.500,38,-82.000,269,13.000,49.97424,14.92266
33,13,13747.300,142.990,-75.600,38,-82.000,269,13.100,49.97424,14.92283
33,14,13751.600,142.880,-75.600,38,-82.000,270,13.200,49.97426,14.92297
33,15,13756.200,142.770,-75.600,38,-82.000,270,13.300,49.97428,14.92311
33,16,13761.200,142.640,-75.700,38,-82.000,270,13.400,49.97429,14.92325
33,17,13766.400,142.520,-75.700,38,-82.000,270,13.600,49.97429,14.92342
33,18,13772.000,142.380,-75.700,38,-82.000,271,13.700,49.97428,14.92360
33,19,13777.700,142.240,-75.700,38,-82.000,271,13.800,49.97429,14.92379
33,20,13783.100,142.110,-75.700,39,-82.000,271,14.000,49.97429,14.92399
33,21,13788.100,141.980,-75.700,39,-81.900,271,14.200,49.97429,14.92419
33,22,13793.100,141.860,-75.700,39,-81.900,272,14.300,49.97427,14.92437
33,23,13798.700,141.720,-75.700,39,-81.900,272,14.500,49.97425,14.92454
33,24,13804.900,141.570,-75.700,39,-81.900,272,14.700,49.97424,14.92471
33,25,13811.500,141.410,-75.800,39,-82.000,272,14.900,49.97425,14.92491
33,26,13818.500,141.240,-75.900,39,-82.000,273,15.200,49.97427,14.92513
33,27,13825.800,141.060,-75.900,39,-82.100,273,15.400,49.97429,14.92538
33,28,13833.200,140.880,-76.000,39,-82.100,273,15.600,49.97429,14.92563
33,29,13840.800,140.690,-76.000,39,-82.100,273,15.900,49.97427,14.92585
33,30,13848.700,140.500,-76.100,40,-82.100,273,16.100,49.97425,14.92605
33,31,13856.400,140.310,-76.100,40,-82.200,274,16.400,49.97423,14.92624
33,32,13863.200,140.150,-76.200,40,-82.200,274,16.600,49.97420,14.92644
33,33,13869.100,140.000,-76.200,40,-82.200,274,16.900,49.97418,14.92667
33,34,13875.600,139.850,-76.300,40,-82.300,274,17.100,49.97414,14.92693
33,35,13884.100,139.640,-76.300,40,-82.300,275,17.200,49.97410,14.92720
33,36,13892.600,139.440,-76.300,40,-82.300,275,17.400,49.97406,14.92746
33,37,13901.100,139.230,-76.400,40,-82.300,275,17.600,49.97405,14.92769
33,38,13908.400,139.050,-76.400,40,-82.300,275,17.900,49.97405,14.92791
33,39,13914.400,138.910,-76.400,40,-82.300,275,18.100,49.97406,14.92814
33,40,13919.500,138.790,-76.300,40,-82.300,276,18.400,49.97409,14.92841
33,41,13924.300,138.670,-76.300,40,-82.300,276,18.600,49.97412,14.92870
33,42,13929.300,138.550,-76.300,40,-82.300,276,18.900,49.97414,14.92902
33,43,13934.800,138.420,-76.300,40,-82.300,277,19.100,49.97413,14.92935
33,44,13941.000,138.270,-76.200,40,-82.300,277,19.400,49.97409,14.92967
33,45,13948.000,138.100,-76.200,39,-82.300,277,19.600,49.97404,14.92997
33,46,13955.400,137.920,-76.200,39,-82.300,277,19.900,49.97399,14.93024
33,47,13962.400,137.760,-76.100,39,-82.300,278,20.100,49.97396,14.93049
33,48,13968.800,137.600,-76.000,39,-82.300,278,20.300,49.97393,14.93072
33,49,13975.600,137.440,-75.900,38,-82.200,278,20.600,49.97391,14.93095
33,50,13983.300,137.260,-75.700,38,-82.100,278,20.800,49.97388,14.93118
33,51,13991.600,137.060,-75.500,38,-81.900,279,21.100,49.97385,14.93142
33,52,13999.600,136.870,-75.400,37,-81.900,279,21.300,49.97383,14.93169
33,53,14006.600,136.710,-75.300,37,-81.900,279,21.500,49.97382,14.93200
33,54,14012.500,136.570,-75.300,37,-81.900,280,21.800,49.97379,14.93234
33,55,14017.700,136.440,-75.300,36,-82.000,280,22.000,49.97376,14.93269
33,56,14023.000,136.320,-75.300,36,-82.000,280,22.300,49.97371,14.93303
33,57,14029.000,136.180,-75.400,36,-82.100,280,22.500,49.97365,14.93334
33,58,14035.900,136.020,-75.400,35,-82.200,281,22.700,49.97358,14.93362
33,59,14043.500,135.840,-75.300,35,-82.200,281,23.000,49.97353,14.93390
34,0,14051.700,135.650,-75.300,35,-82.200,281,23.200,49.97349,14.93419
34,1,14059.800,135.460,-75.300,35,-82.200,281,23.400,49.97347,14.93451
34,2,14067.100,135.290,-75.200,34,-82.300,282,23.600,49.97344,14.93488
34,3,14073.700,135.130,-75.200,34,-82.300,282,23.900,49.97339,14.93528
34,4,14080.000,134.990,-75.200,34,-82.300,282,24.100,49.97334,14.93566
34,5,14086.300,134.840,-75.200,33,-82.400,282,24.300,49.97329,14.93599
34,6,14093.000,134.680,-75.200,33,-82.400,283,24.500,49.97325,14.93628
34,7,14100.500,134.510,-75.200,33,-82.500,283,24.700,49.97321,14.93655
34,8,14108.000,134.330,-75.200,32,-82.500,283,24.900,49.97318,14.93683
34,9,14115.000,134.170,-75.100,32,-82.600,283,25.100,49.97316,14.93715
34,10,14121.200,134.030,-75.100,32,-82.600,284,25.300,49.97313,14.93751
34,11,14126.700,133.900,-75.100,31,-82.700,284,25.500,49.97307,14.93790
34,12,14131.900,133.780,-75.100,31,-82.700,284,25.700,49.97299,14.93830
34,13,14137.200,133.660,-75.000,31,-82.700,285,25.900,49.97292,14.93870
34,14,14143.100,133.520,-74.800,30,-82.700,285,26.100,49.97284,14.93907
34,15,14149.500,133.380,-74.700,30,-82.600,285,26.300,49.97278,14.93944
34,16,14156.500,133.220,-74.600,29,-82.600,286,26.400,49.97273,14.93981
34,17,14163.300,133.060,-74.500,29,-82.600,286,26.600,49.97268,14.94017
34,18,14169.500,132.920,-74.400,29,-82.600,286,26.700,49.97263,14.94051
34,19,14175.100,132.790,-74.400,28,-82.700,286,26.900,49.97257,14.94084
34,20,14180.900,132.660,-74.400,28,-82.800,287,27.100,49.97249,14.94116
34,21,14187.400,132.510,-74.400,27,-82.900,287,27.200,49.97241,14.94147
34,22,14194.800,132.340,-74.400,27,-83.000,287,27.400,49.97232,14.94179
34,23,14202.900,132.160,-74.300,26,-83.100,288,27.500,49.97222,14.94214
34,24,14210.800,131.980,-74.300,26,-83.100,288,27.600,49.97212,14.94252
34,25,14217.900,131.820,-74.200,25,-83.200,288,27.800,49.97203,14.94293
34,26,14223.900,131.680,-74.200,25,-83.300,288,27.900,49.97195,14.94335
34,27,14229.300,131.560,-74.100,25,-83.300,288,28.000,49.97187,14.94377
34,28,14234.800,131.440,-74.000,24,-83.300,289,28.100,49.97179,14.94416
34,29,14240.500,131.310,-73.900,24,-83.300,289,28.200,49.97172,14.94453
34,30,14246.700,131.170,-73.800,24,-83.300,289,28.300,49.97163,14.94486
34,31,14253.300,131.020,-73.700,23,-83.300,289,28.400,49.97155,14.94519
34,32,14260.400,130.860,-73.500,23,-83.300,289,28.500,49.97147,14.94551
34,33,14267.900,130.690,-73.400,23,-83.200,289,28.600,49.97139,14.94586
34,34,14275.500,130.520,-73.200,22,-83.100,289,28.700,49.97130,14.94623
34,35,14283.000,130.360,-73.000,22,-83.000,290,28.700,49.97122,14.94665
34,36,14290.300,130.200,-72.900,22,-83.000,290,28.800,49.97113,14.94707
34,37,14297.000,130.050,-72.900,21,-83.000,290,28.800,49.97105,14.94748
34,38,14303.100,129.910,-72.800,21,-83.100,290,28.800,49.97096,14.94787
34,39,14308.700,129.790,-72.800,21,-83.100,290,28.900,49.97085,14.94823
34,40,14314.300,129.660,-72.800,21,-83.200,290,28.900,49.97074,14.94859
34,41,14320.400,129.530,-72.800,21,-83.200,290,28.900,49.97062,14.94897
34,42,14326.800,129.390,-72.800,21,-83.300,290,28.900,49.97051,14.94938
34,43,14333.100,129.250,-72.800,20,-83.300,290,28.900,49.97042,14.94981
34,44,14339.200,129.110,-72.800,20,-83.400,290,28.800,49.97036,14.95022
34,45,14344.800,128.990,-72.900,20,-83.400,290,28.800,49.97030,14.95062
34,46,14350.000,128.870,-72.900,20,-83.500,291,28.800,49.97023,14.95098
34,47,14354.900,128.770,-72.900,20,-83.500,291,28.700,49.97015,14.95132
34,48,14359.800,128.660,-72.900,20,-83.500,291,28.700,49.97005,14.95166
34,49,14365.000,128.550,-72.900,20,-83.500,291,28.600,49.96994,14.95202
34,50,14370.800,128.420,-72.900,20,-83.600,291,28.600,49.96984,14.95240
34,51,14377.100,128.280,-72.900,20,-83.600,291,28.500,49.96974,14.95279
34,52,14383.400,128.140,-72.900,20,-83.600,291,28.400,49.96966,14.95318
34,53,14389.800,128.000,-72.900,20,-83.700,292,28.400,49.96958,14.95357
34,54,14396.400,127.860,-72.900,19,-83.700,292,28.300,49.96950,14.95395
34,55,14403.200,127.710,-72.900,19,-83.700,292,28.200,49.96941,14.95432
34,56,14409.700,127.570,-72.900,19,-83.700,292,28.200,49.96933,14.95468
34,57,14415.400,127.440,-72.800,19,-83.700,292,28.100,49.96923,14.95503
34,58,14420.500,127.330,-72.800,19,-83.700,293,28.000,49.96912,14.95537
34,59,14425.500,127.230,-72.800,19,-83.700,293,28.000,49.96901,14.95571
35,0,14430.800,127.110,-72.800,19,-83.700,293,28.000,49.96889,14.95605
35,1,14436.200,126.990,-72.800,19,-83.700,293,27.900,49.96879,14.95641
35,2,14441.800,126.870,-72.700,19,-83.700,294,27.900,49.96870,14.95677
35,3,14447.500,126.750,-72.700,19,-83.800,294,27.900,49.96862,14.95712
35,4,14453.200,126.630,-72.700,19,-83.800,294,27.900,49.96854,14.95745
35,5,14459.000,126.500,-72.700,18,-83.800,294,27.900,49.96845,14.95778
35,6,14465.100,126.370,-72.800,18,-83.900,295,27.900,49.96834,14.95811
35,7,14471.500,126.230,-72.800,18,-83.900,295,27.900,49.96821,14.95844
35,8,14477.900,126.100,-72.800,18,-84.000,295,27.900,49.96808,14.95879
35,9,14483.700,125.970,-72.800,18,-84.000,295,27.900,49.96797,14.95914
35,10,14488.800,125.860,-72.800,18,-84.100,296,27.900,49.96787,14.95949
35,11,14493.300,125.760,-72.800,18,-84.100,296,28.000,49.96779,14.95983
35,12,14497.700,125.670,-72.800,18,-84.100,296,28.000,49.96771,14.96016
35,13,14502.100,125.580,-72.800,18,-84.100,296,28.000,49.96763,14.96049
35,14,14506.800,125.480,-72.800,18,-84.100,296,28.100,49.96752,14.96083
35,15,14511.800,125.370,-72.800,18,-84.200,296,28.100,49.96740,14.96119
35,16,14517.200,125.250,-72.800,18,-84.200,297,28.100,49.96727,14.96157
35,17,14522.800,125.130,-72.800,18,-84.200,297,28.100,49.96713,14.96195
35,18,14528.400,125.010,-72.800,18,-84.200,297,28.100,49.96699,14.96232
35,19,14533.700,124.900,-72.800,17,-84.200,297,28.100,49.96686,14.96266
35,20,14538.600,124.800,-72.800,17,-84.200,297,28.100,49.96673,14.96299
35,21,14543.100,124.700,-72.700,17,-84.200,297,28.100,49.96661,14.96332
35,22,14547.600,124.600,-72.700,17,-84.200,297,28.100,49.96649,14.96367
35,23,14552.500,124.500,-72.700,17,-84.200,297,28.100,49.96636,14.96403
35,24,14557.400,124.400,-72.600,17,-84.300,297,28.000,49.96622,14.96439
35,25,14562.100,124.300,-72.600,17,-84.300,297,28.000,49.96608,14.96475
35,26,14566.800,124.200,-72.600,17,-84.300,296,27.900,49.96596,14.96510
35,27,14571.700,124.090,-72.600,17,-84.300,296,27.800,49.96585,14.96544
35,28,14577.100,123.980,-72.600,17,-84.300,296,27.800,49.96575,14.96579
35,29,14582.800,123.860,-72.600,17,-84.300,296,27.700,49.96564,14.96614
35,30,14588.600,123.740,-72.500,17,-84.300,296,27.600,49.96553,14.96649
35,31,14594.400,123.610,-72.500,17,-84.300,295,27.500,49.96542,14.96683
35,32,14600.200,123.490,-72.500,17,-84.300,295,27.300,49.96531,14.96716
35,33,14605.800,123.380,-72.500,16,-84.300,295,27.200,49.96520,14.96748
35,34,14611.200,123.260,-72.500,16,-84.300,295,27.100,49.96510,14.96781
35,35,14616.600,123.150,-72.500,16,-84.400,294,27.000,49.96501,14.96815
35,36,14621.800,123.040,-72.500,16,-84.400,294,26.800,49.96493,14.96850
35,37,14627.000,122.930,-72.500,16,-84.400,294,26.700,49.96485,14.96887
35,38,14632.500,122.820,-72.400,16,-84.400,294,26.600,49.96477,14.96924
35,39,14638.100,122.700,-72.400,16,-84.300,293,26.500,49.96468,14.96960
35,40,14644.000,122.580,-72.400,16,-84.400,293,26.400,49.96457,14.96994
35,41,14650.100,122.450,-72.400,16,-84.400,293,26.300,49.96446,14.97027
35,42,14656.300,122.320,-72.500,16,-84.400,292,26.200,49.96435,14.97059
35,43,14662.200,122.200,-72.500,16,-84.500,292,26.100,49.96425,14.97090
35,44,14667.600,122.080,-72.500,16,-84.500,292,26.000,49.96417,14.97122
35,45,14672.900,121.980,-72.500,16,-84.500,292,25.900,49.96410,14.97156
35,46,14678.400,121.860,-72.500,16,-84.600,292,25.900,49.96404,14.97190
35,47,14684.500,121.740,-72.500,16,-84.600,291,25.800,49.96398,14.97224
35,48,14690.700,121.610,-72.500,16,-84.600,291,25.800,49.96391,14.97257
35,49,14696.900,121.480,-72.400,16,-84.600,291,25.700,49.96384,14.97290
35,50,14703.000,121.350,-72.400,16,-84.600,291,25.700,49.96375,14.97320
35,51,14709.200,121.220,-72.400,16,-84.600,291,25.700,49.96366,14.97351
35,52,14715.700,121.090,-72.400,15,-84.700,291,25.700,49.96358,14.97380
35,53,14722.200,120.960,-72.400,15,-84.700,291,25.700,49.96351,14.97411
35,54,14728.600,120.820,-72.400,15,-84.700,291,25.700,49.96345,14.97442
35,55,14735.400,120.680,-72.400,15,-84.800,291,25.700,49.96339,14.97476
35,56,14742.900,120.530,-72.400,15,-84.800,291,25.800,49.96333,14.97510
35,57,14750.600,120.370,-72.400,15,-84.900,291,25.800,49.96327,14.97545
35,58,14758.200,120.220,-72.400,15,-84.900,290,25.800,49.96319,14.97578
35,59,14765.600,120.070,-72.400,15,-84.900,290,25.900,49.96311,14.97610
36,0,14772.700,119.920,-72.300,15,-84.900,290,25.900,49.96301,14.97643
36,1,14779.600,119.780,-72.300,14,-85.000,290,26.000,49.96290,14.97675
36,2,14786.100,119.650,-72.300,14,-85.000,290,26.000,49.96280,14.97708
36,3,14792.600,119.520,-72.300,14,-85.100,290,26.000,49.96269,14.97741
36,4,14799.400,119.380,-72.300,14,-85.100,290,26.000,49.96259,14.97775
36,5,14806.300,119.240,-72.300,14,-85.200,290,26.100,49.96250,14.97811
36,6,14813.200,119.100,-72.300,14,-85.200,290,26.100,49.96242,14.97850
36,7,14819.800,118.960,-72.300,14,-85.300,290,26.100,49.96234,14.97889
36,8,14826.100,118.840,-72.200,13,-85.300,289,26.100,49.96228,14.97927
36,9,14832.400,118.710,-72.200,13,-85.400,289,26.100,49.96221,14.97964
36,10,14839.100,118.570,-72.100,13,-85.400,289,26.100,49.96213,14.97998
36,11,14846.400,118.430,-72.000,13,-85.400,289,26.000,49.96203,14.98031
36,12,14853.800,118.280,-71.900,13,-85.400,288,26.000,49.96192,14.98064
36,13,14861.200,118.130,-71.800,13,-85.400,288,26.000,49.96182,14.98099
36,14,14868.500,117.980,-71.700,12,-85.400,287,26.000,49.96173,14.98135
36,15,14875.900,117.840,-71.500,12,-85.300,287,25.900,49.96166,14.98172
36,16,14883.900,117.680,-71.300,12,-85.200,287,25.900,49.96160,14.98210
36,17,14892.500,117.500,-71.100,12,-85.100,286,25.800,49.96155,14.98246
36,18,14900.900,117.340,-70.700,12,-84.900,286,25.700,49.96149,14.98279
36,19,14908.300,117.190,-70.500,12,-84.700,285,25.700,49.96143,14.98309
36,20,14915.100,117.060,-70.300,11,-84.700,284,25.600,49.96136,14.98334
36,21,14922.300,116.920,-70.300,11,-84.700,284,25.500,49.96130,14.98358
36,22,14930.900,116.750,-70.300,11,-84.800,283,25.500,49.96124,14.98383
36,23,14940.500,116.560,-70.300,11,-84.900,282,25.400,49.96117,14.98412
36,24,14950.200,116.370,-70.300,11,-85.000,282,25.300,49.96111,14.98447
36,25,14959.000,116.200,-70.400,11,-85.000,281,25.200,49.96106,14.98486
36,26,14966.600,116.050,-70.400,11,-85.100,280,25.100,49.96102,14.98530
36,27,14973.600,115.910,-70.400,11,-85.200,279,25.000,49.96100,14.98576
36,28,14980.600,115.770,-70.400,11,-85.200,278,25.000,49.96098,14.98620
36,29,14987.800,115.630,-70.400,11,-85.300,278,24.900,49.96096,14.98660
36,30,14995.400,115.490,-70.400,10,-85.300,277,24.800,49.96094,14.98695
36,31,15003.100,115.340,-70.400,10,-85.300,276,24.700,49.96090,14.98727
36,32,15011.200,115.180,-70.300,10,-85.300,275,24.600,49.96084,14.98757
36,33,15019.800,115.010,-70.300,10,-85.300,275,24.600,49.96079,14.98788
36,34,15028.900,114.830,-70.200,10,-85.300,274,24.500,49.96077,14.98822
36,35,15037.300,114.670,-70.100,10,-85.200,273,24.400,49.96078,14.98859
36,36,15044.400,114.540,-69.900,10,-85.200,272,24.400,49.96082,14.98898
36,37,15050.900,114.410,-69.800,10,-85.100,271,24.300,49.96087,14.98935
36,38,15057.500,114.290,-69.700,10,-85.000,271,24.300,49.96093,14.98967
36,39,15064.200,114.160,-69.500,10,-85.000,270,24.200,49.96097,14.98996
36,40,15071.200,114.020,-69.400,10,-84.900,269,24.200,49.96098,14.99021
36,41,15078.400,113.890,-69.400,10,-84.900,269,24.200,49.96097,14.99047
36,42,15086.100,113.740,-69.300,10,-85.000,268,24.200,49.96095,14.99077
36,43,15094.200,113.580,-69.400,9,-85.000,267,24.200,49.96093,14.99111
36,44,15102.500,113.430,-69.400,9,-85.000,267,24.200,49.96094,14.99149
36,45,15110.500,113.270,-69.400,9,-85.100,266,24.200,49.96096,14.99187
36,46,15117.600,113.140,-69.400,9,-85.100,266,24.300,49.96099,14.99223
36,47,15123.900,113.020,-69.500,9,-85.200,265,24.300,49.96103,14.99257
36,48,15130.700,112.890,-69.500,9,-85.300,265,24.400,49.96107,14.99286
36,49,15138.300,112.750,-69.600,9,-85.300,264,24.500,49.96111,14.99313
36,50,15146.000,112.600,-69.700,9,-85.400,264,24.600,49.96114,14.99339
36,51,15153.500,112.460,-69.700,9,-85.400,264,24.700,49.96118,14.99366
36,52,15160.600,112.330,-69.800,9,-85.500,263,24.800,49.96121,14.99395
36,53,15167.400,112.200,-69.900,9,-85.500,263,24.900,49.96123,14.99427
36,54,15174.600,112.060,-69.900,9,-85.500,263,25.000,49.96126,14.99463
36,55,15182.200,111.920,-70.000,9,-85.600,262,25.100,49.96129,14.99502
36,56,15189.900,111.770,-70.000,9,-85.600,262,25.200,49.96131,14.99542
36,57,15197.500,111.630,-70.100,9,-85.600,262,25.300,49.96134,14.99580
36,58,15204.400,111.500,-70.100,10,-85.600,262,25.500,49.96136,14.99616
36,59,15210.700,111.380,-70.100,10,-85.600,261,25.500,49.96137,14.99653
37,0,15217.000,111.270,-70.200,10,-85.600,261,25.600,49.96138,14.99690
37,1,15223.200,111.150,-70.200,10,-85.700,261,25.700,49.96139,14.99729
37,2,15229.700,111.030,-70.300,10,-85.700,261,25.800,49.96141,14.99771
37,3,15236.800,110.890,-70.400,10,-85.700,261,25.900,49.96145,14.99812
37,4,15244.600,110.750,-70.400,10,-85.700,261,26.000,49.96151,14.99850
37,5,15252.400,110.600,-70.500,10,-85.800,261,26.100,49.96158,14.99885
37,6,15260.100,110.460,-70.600,10,-85.800,261,26.200,49.96165,14.99916
37,7,15267.900,110.320,-70.700,10,-85.800,261,26.300,49.96172,14.99945
37,8,15275.800,110.170,-70.800,10,-85.900,261,26.400,49.96178,14.99975
37,9,15283.600,110.020,-70.900,10,-85.900,261,26.500,49.96182,15.00008
37,10,15290.800,109.890,-70.900,10,-86.000,261,26.600,49.96184,15.00045
37,11,15297.400,109.770,-71.000,10,-86.000,261,26.600,49.96186,15.00086
37,12,15303.800,109.650,-71.100,10,-86.000,261,26.700,49.96189,15.00129
37,13,15310.400,109.530,-71.100,10,-86.000,261,26.800,49.96194,15.00171
37,14,15317.200,109.400,-71.200,10,-86.000,261,26.800,49.96200,15.00211
37,15,15324.100,109.270,-71.200,10,-86.000,261,26.900,49.96206,15.00246
37,16,15331.000,109.150,-71.200,10,-86.000,261,27.000,49.96211,15.00279
37,17,15337.400,109.030,-71.200,10,-86.000,261,27.000,49.96214,15.00312
37,18,15343.500,108.910,-71.300,11,-86.000,261,27.100,49.96216,15.00346
37,19,15349.700,108.800,-71.300,11,-86.000,261,27.200,49.96216,15.00382
37,20,15356.100,108.680,-71.400,11,-86.100,261,27.300,49.96217,15.00421
37,21,15362.400,108.570,-71.500,11,-86.100,261,27.400,49.96220,15.00461
37,22,15368.300,108.460,-71.500,11,-86.100,261,27.500,49.96225,15.00501
37,23,15373.800,108.360,-71.500,11,-86.100,261,27.600,49.96230,15.00541
37,24,15379.700,108.250,-71.500,11,-86.100,261,27.700,49.96233,15.00579
37,25,15386.100,108.130,-71.600,11,-86.100,261,27.800,49.96236,15.00615
37,26,15393.000,108.000,-71.600,11,-86.100,260,28.000,49.96238,15.00647
37,27,15399.900,107.880,-71.700,11,-86.200,260,28.100,49.96241,15.00679
37,28,15406.700,107.750,-71.700,11,-86.200,260,28.200,49.96245,15.00712
37,29,15413.600,107.630,-71.700,11,-86.200,260,28.400,49.96250,15.00748
37,30,15420.800,107.500,-71.700,11,-86.200,260,28.500,49.96256,15.00788
37,31,15428.000,107.370,-71.800,11,-86.200,260,28.700,49.96260,15.00830
37,32,15434.700,107.240,-71.800,11,-86.200,260,28.800,49.96264,15.00872
37,33,15441.000,107.130,-71.800,11,-86.200,260,29.000,49.96267,15.00914
37,34,15447.100,107.020,-71.800,11,-86.200,260,29.100,49.96271,15.00955
37,35,15452.900,106.910,-71.800,11,-86.200,260,29.200,49.96276,15.00996
37,36,15458.500,106.810,-71.800,11,-86.200,259,29.400,49.96282,15.01037
37,37,15464.300,106.710,-71.800,11,-86.200,259,29.500,49.96289,15.01078
37,38,15471.100,106.580,-71.800,11,-86.100,259,29.700,49.96297,15.01121
37,39,15479.000,106.440,-71.800,11,-86.100,259,29.800,49.96305,15.01165
37,40,15487.200,106.290,-71.800,11,-86.100,259,30.000,49.96310,15.01209
37,41,15495.100,106.150,-71.800,11,-86.100,259,30.100,49.96313,15.01253
37,42,15502.300,106.020,-71.800,11,-86.100,260,30.200,49.96317,15.01295
37,43,15509.100,105.900,-71.700,11,-86.000,260,30.300,49.96322,15.01335
37,44,15515.800,105.780,-71.700,11,-86.000,260,30.500,49.96329,15.01372
37,45,15522.900,105.650,-71.700,11,-86.000,260,30.600,49.96338,15.01408
37,46,15530.300,105.520,-71.700,11,-86.000,260,30.700,49.96348,15.01445
37,47,15537.600,105.390,-71.800,11,-86.100,260,30.800,49.96355,15.01484
37,48,15544.200,105.270,-71.800,11,-86.100,261,30.900,49.96359,15.01525
37,49,15549.900,105.170,-71.800,11,-86.100,261,31.000,49.96361,15.01571
37,50,15555.200,105.070,-71.800,11,-86.100,261,31.200,49.96363,15.01620
37,51,15560.700,104.980,-71.900,11,-86.200,262,31.300,49.96366,15.01669
37,52,15566.700,104.870,-71.900,11,-86.200,262,31.400,49.96370,15.01716
37,53,15573.300,104.750,-71.900,11,-86.200,262,31.500,49.96377,15.01759
37,54,15580.200,104.630,-71.900,11,-86.200,263,31.600,49.96385,15.01797
37,55,15587.200,104.500,-71.900,11,-86.200,263,31.700,49.96391,15.01832
37,56,15593.900,104.380,-71.900,11,-86.200,263,31.800,49.96394,15.01868
37,57,15600.100,104.280,-71.800,11,-86.100,264,31.900,49.96395,15.01908
37,58,15605.500,104.180,-71.700,11,-86.100,264,32.000,49.96395,15.01953
37,59,15610.900,104.080,-71.700,11,-86.000,264,32.100,49.96397,15.02002
38,0,15616.800,103.980,-71.600,11,-86.000,265,32.200,49.96400,15.02053
38,1,15623.200,103.870,-71.600,11,-86.000,265,32.300,49.96403,15.02103
38,2,15629.600,103.760,-71.500,11,-86.000,265,32.400,49.96405,15.02152
38,3,15635.900,103.650,-71.500,11,-86.000,265,32.500,49.96406,15.02198
38,4,15642.100,103.540,-71.500,11,-86.000,266,32.600,49.96405,15.02243
38,5,15648.200,103.430,-71.500,11,-86.000,266,32.700,49.96403,15.02288
38,6,15654.200,103.320,-71.600,11,-86.000,266,32.800,49.96402,15.02332
38,7,15660.500,103.210,-71.600,11,-86.000,266,32.900,49.96401,15.02377
38,8,15667.300,103.090,-71.600,11,-86.100,267,32.900,49.96400,15.02422
38,9,15674.300,102.970,-71.700,11,-86.100,267,33.000,49.96401,15.02468
38,10,15681.000,102.860,-71.700,11,-86.200,267,33.100,49.96403,15.02513
38,11,15687.300,102.750,-71.700,11,-86.200,267,33.200,49.96406,15.02560
38,12,15693.100,102.640,-71.800,11,-86.200,268,33.200,49.96411,15.02606
38,13,15699.100,102.540,-71.800,11,-86.300,268,33.300,49.96416,15.02654
38,14,15705.400,102.430,-71.800,11,-86.300,268,33.400,49.96420,15.02701
38,15,15712.100,102.310,-71.800,11,-86.300,268,33.400,49.96422,15.02748
38,16,15718.400,102.210,-71.700,11,-86.300,268,33.500,49.96423,15.02792
38,17,15724.000,102.110,-71.700,11,-86.300,269,33.500,49.96422,15.02836
38,18,15729.000,102.020,-71.700,11,-86.300,269,33.600,49.96420,15.02881
38,19,15734.200,101.930,-71.800,11,-86.300,269,33.600,49.96418,15.02928
38,20,15740.000,101.830,-71.800,11,-86.400,269,33.700,49.96417,15.02976
38,21,15746.600,101.720,-71.800,11,-86.400,269,33.700,49.96418,15.03025
38,22,15753.800,101.590,-71.800,11,-86.400,270,33.800,49.96422,15.03074
38,23,15761.700,101.460,-71.700,11,-86.400,270,33.800,49.96426,15.03122
38,24,15770.100,101.310,-71.600,10,-86.300,270,33.800,49.96428,15.03170
38,25,15778.600,101.170,-71.600,10,-86.300,270,33.900,49.96430,15.03216
38,26,15786.900,101.030,-71.600,10,-86.300,271,33.900,49.96430,15.03261
38,27,15794.500,100.890,-71.600,10,-86.400,271,33.900,49.96429,15.03305
38,28,15801.500,100.770,-71.600,10,-86.500,271,33.900,49.96426,15.03351
38,29,15808.200,100.660,-71.700,10,-86.500,271,33.900,49.96423,15.03399
38,30,15815.100,100.540,-71.600,10,-86.500,272,34.000,49.96420,15.03449
38,31,15822.100,100.420,-71.600,10,-86.600,272,34.000,49.96417,15.03501
38,32,15829.000,100.310,-71.600,10,-86.600,272,34.000,49.96415,15.03552
38,33,15836.200,100.180,-71.500,10,-86.500,272,33.900,49.96412,15.03603
38,34,15843.800,100.060,-71.500,10,-86.500,272,33.900,49.96409,15.03652
38,35,15851.400,99.930,-71.400,10,-86.500,273,33.900,49.96406,15.03700
38,36,15858.700,99.800,-71.300,10,-86.500,273,33.900,49.96405,15.03746
38,37,15865.600,99.690,-71.200,10,-86.400,273,33.900,49.96403,15.03789
38,38,15872.500,99.570,-71.100,10,-86.300,273,33.800,49.96402,15.03831
38,39,15879.500,99.450,-71.000,10,-86.300,273,33.800,49.96400,15.03874
38,40,15886.700,99.330,-70.900,10,-86.200,273,33.700,49.96397,15.03918
38,41,15893.700,99.210,-70.900,10,-86.300,273,33.700,49.96394,15.03966
38,42,15900.700,99.100,-70.900,10,-86.300,273,33.600,49.96392,15.04016
38,43,15907.900,98.980,-70.900,9,-86.300,273,33.500,49.96390,15.04067
38,44,15915.500,98.850,-70.900,9,-86.300,273,33.500,49.96390,15.04117
38,45,15923.000,98.720,-70.900,9,-86.400,273,33.400,49.96390,15.04165
38,46,15930.100,98.610,-70.900,9,-86.400,273,33.300,49.96390,15.04210
38,47,15937.100,98.490,-70.900,9,-86.400,273,33.200,49.96389,15.04255
38,48,15944.300,98.370,-70.900,9,-86.400,273,33.100,49.96387,15.04300
38,49,15951.900,98.240,-70.900,9,-86.400,273,33.000,49.96383,15.04344
38,50,15959.700,98.110,-70.900,9,-86.400,273,32.900,49.96381,15.04389
38,51,15967.400,97.990,-70.900,9,-86.400,273,32.700,49.96378,15.04435
38,52,15975.100,97.860,-70.900,9,-86.400,273,32.600,49.96376,15.04482
38,53,15983.100,97.730,-70.800,9,-86.400,273,32.500,49.96374,15.04530
38,54,15991.500,97.590,-70.800,9,-86.400,273,32.400,49.96372,15.04578
38,55,15999.900,97.450,-70.800,9,-86.400,273,32.300,49.96372,15.04625
38,56,16007.800,97.320,-70.900,9,-86.400,273,32.100,49.96371,15.04670
38,57,16015.300,97.200,-70.900,9,-86.500,273,32.000,49.96371,15.04713
38,58,16022.800,97.070,-70.900,9,-86.500,273,31.900,49.96370,15.04754
38,59,16030.900,96.940,-70.900,9,-86.500,273,31.800,49.96369,15.04796
39,0,16039.400,96.800,-71.000,9,-86.600,273,31.700,49.96368,15.04838
39,1,16047.900,96.660,-71.000,9,-86.600,273,31.600,49.96366,15.04882
39,2,16056.000,96.530,-71.000,9,-86.600,273,31.500,49.96364,15.04925
39,3,16063.700,96.400,-71.000,9,-86.600,273,31.400,49.96363,15.04968
39,4,16071.500,96.280,-71.000,9,-86.600,273,31.300,49.96361,15.05011
39,5,16079.600,96.150,-71.000,9,-86.600,273,31.200,49.96360,15.05053
39,6,16087.600,96.020,-71.000,9,-86.600,273,31.100,49.96360,15.05096
39,7,16095.500,95.890,-71.000,9,-86.600,273,31.100,49.96361,15.05138
39,8,16103.100,95.770,-71.000,9,-86.600,273,31.000,49.96362,15.05181
39,9,16110.600,95.640,-71.000,9,-86.600,273,31.000,49.96361,15.05223
39,10,16118.000,95.520,-71.000,9,-86.600,273,31.000,49.96358,15.05264
39,11,16125.500,95.400,-71.100,9,-86.700,273,31.000,49.96354,15.05306
39,12,16133.300,95.280,-71.100,9,-86.700,274,31.000,49.96350,15.05348
39,13,16142.100,95.140,-71.100,9,-86.800,274,31.000,49.96347,15.05392
39,14,16152.100,94.980,-71.200,9,-86.800,274,31.000,49.96347,15.05435
39,15,16162.300,94.810,-71.200,9,-86.800,274,31.100,49.96348,15.05479
39,16,16172.200,94.650,-71.200,9,-86.800,274,31.100,49.96349,15.05522
39,17,16181.800,94.500,-71.200,9,-86.800,275,31.200,49.96349,15.05564
39,18,16191.000,94.350,-71.300,9,-86.900,275,31.300,49.96348,15.05606
39,19,16200.000,94.210,-71.300,9,-86.900,275,31.400,49.96346,15.05647
39,20,16209.200,94.060,-71.300,9,-86.900,275,31.500,49.96344,15.05689
39,21,16218.200,93.920,-71.400,9,-86.900,275,31.600,49.96341,15.05732
39,22,16226.700,93.780,-71.400,9,-86.900,276,31.700,49.96338,15.05775
39,23,16234.500,93.660,-71.300,9,-86.900,276,31.800,49.96333,15.05817
39,24,16242.100,93.540,-71.300,9,-86.900,276,31.900,49.96326,15.05860
39,25,16250.000,93.420,-71.400,9,-86.900,276,32.000,49.96320,15.05903
39,26,16258.500,93.280,-71.400,9,-87.000,276,32.200,49.96315,15.05946
39,27,16267.400,93.140,-71.400,9,-87.000,276,32.300,49.96310,15.05990
39,28,16276.400,93.000,-71.400,9,-87.000,276,32.400,49.96308,15.06034
39,29,16285.400,92.860,-71.400,9,-87.000,277,32.600,49.96306,15.06078
39,30,16294.500,92.710,-71.400,9,-87.000,277,32.700,49.96303,15.06124
39,31,16303.700,92.570,-71.400,9,-87.000,277,32.800,49.96299,15.06171
39,32,16312.800,92.430,-71.500,9,-87.000,277,32.900,49.96295,15.06219
39,33,16321.500,92.290,-71.500,9,-87.000,277,33.100,49.96290,15.06267
39,34,16329.600,92.160,-71.500,9,-87.100,277,33.200,49.96286,15.06315
39,35,16337.300,92.040,-71.500,9,-87.100,277,33.300,49.96282,15.06363
39,36,16345.300,91.920,-71.600,9,-87.100,277,33.400,49.96280,15.06409
39,37,16353.600,91.790,-71.600,9,-87.200,277,33.500,49.96277,15.06456
39,38,16362.000,91.660,-71.600,9,-87.200,277,33.500,49.96274,15.06502
39,39,16370.200,91.530,-71.600,9,-87.200,277,33.600,49.96271,15.06550
39,40,16378.300,91.410,-71.600,9,-87.200,277,33.700,49.96268,15.06597
39,41,16386.400,91.280,-71.600,9,-87.200,277,33.800,49.96264,15.06644
39,42,16394.800,91.150,-71.600,9,-87.200,277,33.800,49.96261,15.06692
39,43,16403.400,91.020,-71.600,9,-87.200,277,33.900,49.96256,15.06739
39,44,16412.200,90.880,-71.600,9,-87.200,277,34.000,49.96252,15.06787
39,45,16421.000,90.750,-71.600,9,-87.300,277,34.000,49.96247,15.06834
39,46,16429.900,90.610,-71.700,9,-87.300,277,34.100,49.96243,15.06880
39,47,16439.100,90.470,-71.700,9,-87.300,277,34.100,49.96240,15.06926
39,48,16448.000,90.330,-71.700,9,-87.400,277,34.200,49.96237,15.06973
39,49,16456.500,90.200,-71.800,9,-87.400,277,34.200,49.96235,15.07020
39,50,16464.600,90.080,-71.800,9,-87.500,277,34.200,49.96233,15.07067
39,51,16472.900,89.950,-71.800,9,-87.500,277,34.300,49.96230,15.07113
39,52,16481.300,89.820,-71.800,9,-87.500,277,34.300,49.96227,15.07159
39,53,16490.000,89.690,-71.700,9,-87.400,277,34.400,49.96222,15.07206
39,54,16498.800,89.560,-71.600,9,-87.400,277,34.400,49.96218,15.07253
39,55,16507.900,89.420,-71.500,9,-87.400,277,34.400,49.96214,15.07299
39,56,16517.300,89.280,-71.500,9,-87.300,277,34.400,49.96212,15.07346
39,57,16527.000,89.130,-71.500,9,-87.300,277,34.500,49.96211,15.07393
39,58,16536.600,88.990,-71.400,9,-87.300,277,34.500,49.96209,15.07441
39,59,16545.500,88.850,-71.400,9,-87.300,277,34.500,49.96206,15.07491
40,0,16553.700,88.730,-71.300,9,-87.200,277,34.500,49.96201,15.07542
40,1,16561.500,88.610,-71.300,9,-87.300,277,34.600,49.96193,15.07594
40,2,16569.400,88.490,-71.400,9,-87.300,277,34.600,49.96184,15.07646
40,3,16577.800,88.370,-71.400,9,-87.300,276,34.600,49.96174,15.07696
40,4,16586.700,88.240,-71.400,9,-87.400,276,34.600,49.96166,15.07744
40,5,16596.200,88.090,-71.400,9,-87.400,276,34.600,49.96160,15.07790
40,6,16606.000,87.950,-71.400,9,-87.300,276,34.600,49.96157,15.07835
40,7,16615.900,87.800,-71.400,9,-87.300,276,34.600,49.96156,15.07880
40,8,16625.300,87.660,-71.400,9,-87.300,276,34.600,49.96155,15.07926
40,9,16634.200,87.530,-71.400,9,-87.300,276,34.600,49.96154,15.07972
40,10,16642.900,87.400,-71.400,9,-87.400,276,34.600,49.96153,15.08018
40,11,16651.800,87.270,-71.400,9,-87.400,276,34.600,49.96152,15.08065
40,12,16660.700,87.140,-71.500,9,-87.400,276,34.600,49.96151,15.08114
40,13,16669.500,87.010,-71.500,9,-87.400,276,34.500,49.96150,15.08164
40,14,16678.000,86.880,-71.600,9,-87.500,276,34.500,49.96147,15.08216
40,15,16686.300,86.760,-71.600,9,-87.500,276,34.500,49.96143,15.08268
40,16,16694.400,86.640,-71.700,9,-87.600,276,34.500,49.96138,15.08318
40,17,16702.100,86.530,-71.700,9,-87.600,276,34.500,49.96134,15.08365
40,18,16709.800,86.410,-71.800,9,-87.700,276,34.400,49.96131,15.08408
40,19,16718.200,86.290,-71.800,9,-87.700,276,34.400,49.96131,15.08451
40,20,16727.400,86.160,-71.800,9,-87.700,276,34.400,49.96131,15.08495
40,21,16736.900,86.020,-71.800,9,-87.700,276,34.400,49.96131,15.08541
40,22,16746.500,85.880,-71.800,9,-87.700,276,34.400,49.96130,15.08588
40,23,16755.600,85.750,-71.800,9,-87.700,276,34.400,49.96128,15.08638
40,24,16764.100,85.620,-71.800,9,-87.700,276,34.400,49.96123,15.08689
40,25,16772.200,85.500,-71.700,9,-87.600,276,34.400,49.96118,15.08740
40,26,16780.000,85.390,-71.700,9,-87.600,276,34.400,49.96113,15.08791
40,27,16787.600,85.280,-71.600,9,-87.500,276,34.400,49.96108,15.08842
40,28,16795.300,85.170,-71.600,9,-87.500,276,34.400,49.96104,15.08891
40,29,16803.100,85.060,-71.600,9,-87.500,277,34.400,49.96100,15.08938
40,30,16810.900,84.940,-71.600,8,-87.600,277,34.400,49.96097,15.08982
40,31,16818.700,84.830,-71.700,8,-87.600,277,34.400,49.96093,15.09024
40,32,16826.000,84.730,-71.700,8,-87.600,277,34.400,49.96088,15.09067
40,33,16832.700,84.630,-71.700,8,-87.700,277,34.400,49.96083,15.09110
40,34,16839.000,84.540,-71.700,8,-87.700,277,34.400,49.96078,15.09157
40,35,16845.900,84.440,-71.800,8,-87.700,278,34.500,49.96074,15.09206
40,36,16854.300,84.320,-71.800,8,-87.700,278,34.500,49.96072,15.09256
40,37,16863.400,84.190,-71.800,8,-87.700,278,34.500,49.96070,15.09306
40,38,16872.200,84.070,-71.800,8,-87.800,278,34.500,49.96066,15.09356
40,39,16880.500,83.950,-71.800,8,-87.800,278,34.600,49.96062,15.09404
40,40,16888.000,83.840,-71.900,8,-87.800,278,34.600,49.96057,15.09450
40,41,16894.900,83.740,-71.900,8,-87.800,278,34.600,49.96052,15.09495
40,42,16901.800,83.640,-71.900,8,-87.800,278,34.600,49.96047,15.09540
40,43,16908.800,83.550,-71.900,8,-87.800,278,34.600,49.96041,15.09584
40,44,16915.200,83.450,-71.900,8,-87.800,278,34.600,49.96034,15.09630
40,45,16920.200,83.380,-71.900,8,-87.900,278,34.600,49.96026,15.09676
40,46,16923.600,83.340,-71.800,8,-87.900,278,34.600,49.96018,15.09725
40,47,16927.300,83.280,-71.800,8,-87.800,278,34.600,49.96009,15.09775
40,48,16933.700,83.190,-71.800,8,-87.800,278,34.600,49.96004,15.09827
40,49,16943.200,83.060,-71.800,8,-87.800,278,34.600,49.96002,15.09878
40,50,16953.500,82.910,-71.700,8,-87.800,278,34.600,49.96000,15.09928
40,51,16962.800,82.780,-71.700,8,-87.800,278,34.500,49.95997,15.09978
40,52,16970.800,82.670,-71.700,8,-87.800,278,34.500,49.95993,15.10026
40,53,16977.700,82.580,-71.600,8,-87.800,278,34.500,49.95988,15.10073
40,54,16984.200,82.480,-71.600,8,-87.800,277,34.400,49.95982,15.10120
40,55,16990.800,82.390,-71.600,8,-87.800,277,34.400,49.95975,15.10166
40,56,16997.900,82.290,-71.600,8,-87.800,277,34.300,49.95968,15.10212
40,57,17005.100,82.190,-71.500,8,-87.800,277,34.300,49.95962,15.10259
40,58,17012.500,82.090,-71.500,8,-87.700,277,34.200,49.95958,15.10306
40,59,17019.900,81.990,-71.500,8,-87.700,276,34.200,49.95955,15.10353
41,0,17027.100,81.890,-71.500,8,-87.700,276,34.100,49.95953,15.10401
41,1,17034.400,81.790,-71.500,8,-87.700,276,34.100,49.95952,15.10448
41,2,17041.400,81.690,-71.400,8,-87.700,276,34.000,49.95952,15.10494
41,3,17048.000,81.600,-71.400,8,-87.700,275,34.000,49.95953,15.10540
41,4,17054.200,81.510,-71.400,8,-87.700,275,34.000,49.95953,15.10586
41,5,17060.200,81.430,-71.400,8,-87.700,275,34.000,49.95953,15.10633
41,6,17066.100,81.350,-71.400,8,-87.700,275,33.900,49.95951,15.10680
41,7,17071.900,81.270,-71.400,8,-87.800,274,33.900,49.95949,15.10726
41,8,17077.800,81.190,-71.400,8,-87.800,274,34.000,49.95945,15.10772
41,9,17083.900,81.100,-71.400,8,-87.800,274,34.000,49.95942,15.10817
41,10,17090.100,81.020,-71.400,8,-87.800,274,34.000,49.95939,15.10862
41,11,17096.000,80.940,-71.400,8,-87.800,274,34.000,49.95937,15.10907
41,12,17101.300,80.860,-71.400,8,-87.800,273,34.100,49.95935,15.10953
41,13,17106.300,80.800,-71.300,8,-87.800,273,34.100,49.95934,15.10999
41,14,17111.500,80.720,-71.300,8,-87.800,273,34.200,49.95933,15.11046
41,15,17117.100,80.650,-71.200,8,-87.800,273,34.300,49.95933,15.11093
41,16,17122.700,80.570,-71.200,8,-87.800,273,34.400,49.95933,15.11141
41,17,17128.500,80.490,-71.200,8,-87.800,273,34.400,49.95932,15.11188
41,18,17134.300,80.410,-71.100,8,-87.800,273,34.500,49.95930,15.11236
41,19,17140.400,80.330,-71.100,8,-87.800,273,34.600,49.95928,15.11283
41,20,17146.200,80.250,-71.100,8,-87.800,272,34.700,49.95925,15.11330
41,21,17151.300,80.180,-71.100,8,-87.800,272,34.800,49.95923,15.11377
41,22,17156.200,80.120,-71.100,8,-87.800,272,34.900,49.95920,15.11426
41,23,17161.600,80.040,-71.100,8,-87.800,272,35.000,49.95919,15.11476
41,24,17167.500,79.960,-71.100,8,-87.800,272,35.100,49.95919,15.11527
41,25,17173.400,79.880,-71.100,8,-87.800,272,35.200,49.95918,15.11579
41,26,17179.000,79.810,-71.000,8,-87.800,272,35.300,49.95917,15.11632
41,27,17184.200,79.740,-71.000,8,-87.800,272,35.400,49.95916,15.11684
41,28,17189.400,79.670,-71.000,7,-87.700,272,35.500,49.95915,15.11734
41,29,17195.100,79.590,-71.000,7,-87.800,272,35.500,49.95913,15.11783
41,30,17200.900,79.510,-71.000,7,-87.800,272,35.600,49.95912,15.11829
41,31,17206.300,79.440,-71.000,7,-87.800,272,35.700,49.95911,15.11876
41,32,17211.500,79.370,-71.000,7,-87.800,272,35.700,49.95910,15.11923
41,33,17216.600,79.300,-71.000,7,-87.800,272,35.800,49.95910,15.11972
41,34,17221.900,79.230,-71.100,7,-87.900,272,35.800,49.95910,15.12022
41,35,17227.400,79.160,-71.100,7,-87.900,272,35.900,49.95909,15.12073
41,36,17232.600,79.090,-71.100,7,-87.900,272,35.900,49.95909,15.12125
41,37,17237.400,79.020,-71.100,7,-87.900,272,35.900,49.95908,15.12176
41,38,17242.200,78.960,-71.100,7,-87.900,271,36.000,49.95906,15.12227
41,39,17247.000,78.900,-71.100,7,-87.900,271,36.000,49.95905,15.12278
41,40,17252.000,78.830,-71.100,7,-87.900,271,36.000,49.95902,15.12329
41,41,17256.800,78.770,-71.100,7,-87.900,271,36.000,49.95900,15.12378
41,42,17261.600,78.700,-71.200,7,-87.900,271,36.000,49.95899,15.12428
41,43,17266.600,78.630,-71.200,7,-87.900,271,36.000,49.95899,15.12478
41,44,17272.100,78.560,-71.200,7,-87.900,271,36.000,49.95900,15.12529
41,45,17277.700,78.490,-71.100,7,-87.900,271,36.000,49.95901,15.12580
41,46,17282.900,78.420,-71.100,7,-87.900,271,36.000,49.95903,15.12631
41,47,17287.800,78.350,-71.100,7,-87.900,271,36.000,49.95903,15.12682
41,48,17292.900,78.290,-71.100,7,-87.900,272,36.000,49.95903,15.12733
41,49,17298.100,78.220,-71.100,7,-87.900,272,36.000,49.95903,15.12783
41,50,17303.500,78.150,-71.200,7,-87.900,272,36.000,49.95902,15.12832
41,51,17308.900,78.080,-71.200,7,-88.000,272,36.000,49.95901,15.12880
41,52,17314.100,78.010,-71.200,7,-88.000,272,36.100,49.95900,15.12927
41,53,17319.400,77.940,-71.300,7,-88.000,272,36.100,49.95898,15.12973
41,54,17325.100,77.860,-71.300,7,-88.000,272,36.100,49.95896,15.13021
41,55,17330.800,77.790,-71.300,7,-88.100,272,36.200,49.95895,15.13070
41,56,17336.300,77.710,-71.400,7,-88.100,272,36.200,49.95894,15.13120
41,57,17341.500,77.650,-71.400,7,-88.100,272,36.200,49.95894,15.13171
41,58,17346.300,77.580,-71.400,8,-88.100,272,36.300,49.95893,15.13222
41,59,17351.100,77.520,-71.400,8,-88.100,272,36.400,49.95892,15.13272
42,0,17356.000,77.460,-71.500,8,-88.200,272,36.400,49.95889,15.13323
42,1,17360.800,77.390,-71.500,8,-88.200,272,36.500,49.95887,15.13374
42,2,17365.500,77.330,-71.500,8,-88.200,272,36.600,49.95884,15.13425
42,3,17370.200,77.270,-71.500,8,-88.200,272,36.600,49.95882,15.13475
42,4,17375.000,77.200,-71.500,8,-88.200,273,36.700,49.95880,15.13524
42,5,17380.400,77.130,-71.600,8,-88.200,273,36.800,49.95879,15.13574
42,6,17386.200,77.060,-71.600,8,-88.200,273,36.800,49.95879,15.13624
42,7,17391.900,76.990,-71.600,8,-88.200,273,36.900,49.95877,15.13675
42,8,17397.000,76.920,-71.600,8,-88.200,273,37.000,49.95876,15.13727
42,9,17401.700,76.860,-71.600,8,-88.200,273,37.100,49.95873,15.13779
42,10,17406.400,76.800,-71.600,7,-88.300,273,37.100,49.95870,15.13831
42,11,17411.300,76.730,-71.600,7,-88.300,273,37.200,49.95867,15.13883
42,12,17416.500,76.660,-71.600,7,-88.300,273,37.200,49.95864,15.13936
42,13,17421.600,76.600,-71.600,7,-88.300,273,37.300,49.95862,15.13990
42,14,17426.600,76.530,-71.600,7,-88.300,273,37.300,49.95862,15.14043
42,15,17431.400,76.470,-71.600,7,-88.300,273,37.300,49.95863,15.14096
42,16,17436.300,76.410,-71.600,7,-88.300,273,37.300,49.95864,15.14148
42,17,17441.400,76.340,-71.600,7,-88.300,273,37.400,49.95865,15.14201
42,18,17446.300,76.280,-71.600,7,-88.300,273,37.400,49.95866,15.14254
42,19,17451.000,76.220,-71.600,7,-88.300,273,37.300,49.95865,15.14308
42,20,17455.500,76.160,-71.600,7,-88.300,273,37.300,49.95862,15.14362
42,21,17460.300,76.100,-71.600,7,-88.300,273,37.300,49.95857,15.14415
42,22,17465.600,76.030,-71.500,7,-88.300,274,37.300,49.95852,15.14466
42,23,17471.100,75.960,-71.500,7,-88.300,274,37.200,49.95847,15.14518
42,24,17476.300,75.890,-71.500,7,-88.300,274,37.200,49.95843,15.14568
42,25,17481.500,75.820,-71.500,7,-88.300,274,37.100,49.95840,15.14617
42,26,17486.700,75.760,-71.500,7,-88.300,274,37.000,49.95839,15.14667
42,27,17492.300,75.690,-71.500,7,-88.300,274,37.000,49.95838,15.14718
42,28,17497.900,75.610,-71.500,7,-88.300,274,36.900,49.95838,15.14770
42,29,17502.800,75.550,-71.500,7,-88.300,274,36.800,49.95838,15.14822
42,30,17506.900,75.500,-71.500,7,-88.300,274,36.700,49.95837,15.14875
42,31,17510.500,75.450,-71.500,7,-88.300,274,36.600,49.95835,15.14928
42,32,17514.400,75.400,-71.600,7,-88.300,274,36.500,49.95832,15.14980
42,33,17518.800,75.350,-71.600,7,-88.300,274,36.400,49.95828,15.15032
42,34,17523.500,75.290,-71.600,7,-88.400,274,36.400,49.95823,15.15084
42,35,17528.600,75.220,-71.600,7,-88.400,274,36.300,49.95818,15.15135
42,36,17534.100,75.150,-71.600,7,-88.400,274,36.200,49.95814,15.15184
42,37,17539.500,75.080,-71.700,7,-88.400,275,36.100,49.95812,15.15231
42,38,17544.700,75.020,-71.600,7,-88.400,275,36.000,49.95811,15.15278
42,39,17549.800,74.950,-71.600,7,-88.400,275,36.000,49.95810,15.15325
42,40,17554.900,74.890,-71.600,7,-88.400,275,35.900,49.95808,15.15374
42,41,17560.300,74.820,-71.600,7,-88.400,275,35.900,49.95806,15.15423
42,42,17565.700,74.750,-71.600,7,-88.400,275,35.800,49.95803,15.15472
42,43,17571.200,74.680,-71.700,7,-88.400,275,35.800,49.95800,15.15521
42,44,17576.700,74.610,-71.700,7,-88.400,275,35.800,49.95798,15.15569
42,45,17582.200,74.540,-71.800,7,-88.400,274,35.700,49.95795,15.15618
42,46,17587.800,74.470,-71.800,7,-88.500,274,35.700,49.95792,15.15666
42,47,17593.400,74.400,-71.800,7,-88.500,274,35.700,49.95788,15.15715
42,48,17598.900,74.330,-71.900,7,-88.500,274,35.800,49.95784,15.15764
42,49,17604.100,74.260,-71.900,7,-88.600,274,35.800,49.95780,15.15812
42,50,17609.100,74.200,-71.900,7,-88.600,274,35.800,49.95777,15.15861
42,51,17613.900,74.140,-71.900,7,-88.600,274,35.900,49.95775,15.15910
42,52,17618.800,74.080,-71.900,7,-88.600,274,36.000,49.95772,15.15959
42,53,17624.100,74.010,-71.900,7,-88.600,274,36.000,49.95770,15.16008
42,54,17629.800,73.940,-72.000,7,-88.600,274,36.100,49.95768,15.16057
42,55,17635.700,73.870,-72.000,7,-88.700,274,36.200,49.95767,15.16106
42,56,17641.500,73.790,-72.000,7,-88.700,274,36.300,49.95766,15.16156
42,57,17647.000,73.730,-71.900,7,-88.700,274,36.400,49.95765,15.16206
42,58,17652.300,73.660,-71.900,7,-88.700,274,36.500,49.95762,15.16255
42,59,17657.700,73.590,-71.900,7,-88.700,274,36.600,49.95760,15.16305
43,0,17663.200,73.520,-71.900,7,-88.700,274,36.700,49.95757,15.16354
43,1,17668.700,73.450,-71.900,7,-88.700,273,36.800,49.95755,15.16405
43,2,17674.200,73.390,-71.900,7,-88.700,273,37.000,49.95752,15.16457
43,3,17679.900,73.320,-71.900,7,-88.700,273,37.100,49.95750,15.16510
43,4,17685.500,73.240,-71.900,7,-88.700,273,37.200,49.95748,15.16564
43,5,17690.900,73.180,-71.800,7,-88.600,273,37.300,49.95746,15.16618
43,6,17696.100,73.110,-71.800,7,-88.600,273,37.400,49.95745,15.16672
43,7,17701.300,73.050,-71.700,7,-88.600,273,37.500,49.95744,15.16726
43,8,17706.800,72.980,-71.700,7,-88.600,273,37.600,49.95743,15.16779
43,9,17712.500,72.910,-71.700,7,-88.600,273,37.700,49.95741,15.16831
43,10,17718.200,72.840,-71.600,7,-88.500,273,37.800,49.95739,15.16884
43,11,17723.900,72.770,-71.600,7,-88.500,273,37.800,49.95736,15.16937
43,12,17729.600,72.700,-71.600,7,-88.500,273,37.900,49.95733,15.16990
43,13,17735.400,72.630,-71.500,7,-88.500,273,38.000,49.95729,15.17043
43,14,17741.400,72.550,-71.500,7,-88.500,273,38.000,49.95727,15.17096
43,15,17747.400,72.480,-71.500,7,-88.500,273,38.100,49.95725,15.17149
43,16,17753.200,72.410,-71.500,7,-88.500,273,38.100,49.95724,15.17203
43,17,17758.900,72.340,-71.600,7,-88.500,273,38.100,49.95724,15.17257
43,18,17764.700,72.270,-71.600,7,-88.500,273,38.200,49.95724,15.17310
43,19,17770.600,72.200,-71.600,7,-88.500,273,38.200,49.95725,15.17361
43,20,17776.500,72.120,-71.700,7,-88.600,273,38.200,49.95725,15.17412
43,21,17782.200,72.050,-71.700,7,-88.600,273,38.200,49.95724,15.17464
43,22,17787.700,71.990,-71.800,7,-88.700,273,38.200,49.95723,15.17517
43,23,17793.000,71.920,-71.800,7,-88.700,273,38.200,49.95722,15.17571
43,24,17798.200,71.860,-71.900,7,-88.700,273,38.200,49.95720,15.17626
43,25,17803.400,71.800,-71.900,7,-88.700,273,38.200,49.95717,15.17681
43,26,17808.900,71.730,-71.900,7,-88.700,273,38.200,49.95714,15.17736
43,27,17814.500,71.660,-71.900,7,-88.800,274,38.200,49.95710,15.17791
43,28,17820.100,71.590,-71.900,7,-88.800,274,38.200,49.95705,15.17844
43,29,17825.600,71.530,-71.900,7,-88.800,274,38.200,49.95701,15.17897
43,30,17831.200,71.460,-71.900,7,-88.800,274,38.200,49.95697,15.17948
43,31,17836.900,71.390,-71.900,7,-88.700,274,38.200,49.95694,15.17999
43,32,17842.800,71.320,-71.900,7,-88.700,274,38.200,49.95692,15.18049
43,33,17848.900,71.240,-71.900,7,-88.700,274,38.200,49.95692,15.18099
43,34,17854.900,71.170,-71.900,7,-88.700,274,38.200,49.95691,15.18150
43,35,17860.700,71.100,-71.900,7,-88.700,274,38.100,49.95689,15.18202
43,36,17866.300,71.030,-71.900,7,-88.700,274,38.100,49.95687,15.18256
43,37,17871.500,70.970,-72.000,7,-88.800,274,38.100,49.95684,15.18310
43,38,17876.600,70.910,-72.000,7,-88.800,275,38.200,49.95681,15.18366
43,39,17882.100,70.840,-72.000,7,-88.800,275,38.200,49.95679,15.18422
43,40,17888.000,70.770,-72.000,7,-88.800,275,38.200,49.95677,15.18478
43,41,17893.900,70.700,-72.000,7,-88.800,275,38.200,49.95674,15.18533
43,42,17899.800,70.630,-72.000,7,-88.800,275,38.200,49.95672,15.18587
43,43,17905.600,70.560,-72.000,7,-88.800,275,38.200,49.95669,15.18638
43,44,17911.500,70.490,-72.000,7,-88.800,275,38.300,49.95665,15.18688
43,45,17917.300,70.420,-72.000,7,-88.900,275,38.300,49.95661,15.18736
43,46,17923.200,70.350,-72.000,7,-88.900,276,38.300,49.95656,15.18785
43,47,17929.100,70.280,-72.100,7,-88.900,276,38.400,49.95653,15.18834
43,48,17934.500,70.210,-72.100,7,-89.000,276,38.500,49.95649,15.18886
43,49,17939.500,70.160,-72.100,7,-89.000,276,38.500,49.95645,15.18940
43,50,17944.600,70.090,-72.100,7,-89.000,276,38.600,49.95642,15.18995
43,51,17950.000,70.030,-72.100,7,-89.100,276,38.700,49.95639,15.19051
43,52,17955.500,69.970,-72.100,7,-89.100,276,38.700,49.95635,15.19106
43,53,17960.800,69.900,-72.100,7,-89.100,276,38.800,49.95631,15.19161
43,54,17966.300,69.840,-72.100,7,-89.100,277,38.900,49.95626,15.19215
43,55,17971.900,69.770,-72.100,7,-89.200,277,39.000,49.95621,15.19268
43,56,17977.800,69.700,-72.100,7,-89.200,277,39.100,49.95616,15.19319
43,57,17983.800,69.630,-72.100,7,-89.200,277,39.200,49.95611,15.19370
43,58,17989.700,69.560,-72.000,7,-89.200,277,39.300,49.95608,15.19420
43,59,17995.700,69.490,-71.900,7,-89.100,277,39.400,49.95604,15.19472
44,0,18001.600,69.420,-71.800,7,-89.000,277,39.500,49.95601,15.19525
44,1,18007.500,69.350,-71.700,7,-89.000,277,39.600,49.95598,15.19580
44,2,18013.000,69.280,-71.600,7,-88.900,277,39.700,49.95593,15.19636
44,3,18018.200,69.220,-71.500,7,-88.900,278,39.800,49.95589,15.19693
44,4,18023.300,69.160,-71.500,7,-88.900,278,39.800,49.95583,15.19751
44,5,18028.500,69.100,-71.500,7,-88.900,278,39.900,49.95578,15.19809
44,6,18034.200,69.040,-71.400,7,-88.900,278,40.000,49.95571,15.19867
44,7,18040.000,68.970,-71.400,7,-88.900,278,40.100,49.95565,15.19923
44,8,18046.000,68.900,-71.400,7,-88.900,278,40.100,49.95559,15.19979
44,9,18052.000,68.830,-71.300,6,-88.900,278,40.200,49.95553,15.20033
44,10,18057.900,68.760,-71.300,6,-88.900,278,40.200,49.95548,15.20088
44,11,18063.500,68.690,-71.300,6,-88.900,278,40.300,49.95543,15.20144
44,12,18069.100,68.630,-71.200,6,-88.900,278,40.300,49.95538,15.20199
44,13,18074.600,68.570,-71.200,6,-88.800,278,40.300,49.95534,15.20255
44,14,18079.800,68.510,-71.100,6,-88.800,278,40.400,49.95529,15.20311
44,15,18084.900,68.450,-71.100,6,-88.800,278,40.400,49.95523,15.20369
44,16,18090.100,68.390,-71.100,6,-88.800,278,40.400,49.95517,15.20427
44,17,18095.500,68.320,-71.000,6,-88.800,278,40.400,49.95511,15.20484
44,18,18101.100,68.260,-71.000,6,-88.800,278,40.400,49.95504,15.20539
44,19,18106.600,68.200,-71.000,6,-88.800,278,40.300,49.95498,15.20593
44,20,18111.800,68.140,-70.900,6,-88.800,278,40.300,49.95492,15.20646
44,21,18116.800,68.080,-70.900,6,-88.800,278,40.300,49.95486,15.20700
44,22,18121.900,68.020,-70.900,6,-88.700,278,40.200,49.95481,15.20754
44,23,18127.200,67.960,-70.900,6,-88.700,278,40.200,49.95477,15.20809
44,24,18132.600,67.900,-70.800,6,-88.700,278,40.100,49.95474,15.20865
44,25,18138.000,67.840,-70.800,6,-88.700,277,40.100,49.95471,15.20921
44,26,18143.300,67.770,-70.800,6,-88.700,277,40.100,49.95468,15.20978
44,27,18148.700,67.710,-70.800,6,-88.700,277,40.000,49.95464,15.21035
44,28,18154.300,67.650,-70.800,6,-88.700,277,40.000,49.95458,15.21093
44,29,18160.100,67.580,-70.700,6,-88.600,277,39.900,49.95453,15.21149
44,30,18166.100,67.520,-70.700,6,-88.600,277,39.900,49.95447,15.21204
44,31,18172.000,67.450,-70.800,6,-88.600,277,39.800,49.95441,15.21258
44,32,18177.900,67.380,-70.800,6,-88.700,277,39.800,49.95436,15.21312
44,33,18183.700,67.310,-70.800,6,-88.700,277,39.700,49.95430,15.21367
44,34,18189.700,67.250,-70.900,6,-88.700,277,39.700,49.95424,15.21421
44,35,18196.100,67.170,-70.900,6,-88.800,277,39.600,49.95420,15.21475
44,36,18202.600,67.100,-71.000,6,-88.800,276,39.600,49.95417,15.21527
44,37,18209.100,67.030,-71.100,6,-88.800,276,39.600,49.95416,15.21578
44,38,18215.300,66.960,-71.100,6,-88.900,276,39.600,49.95415,15.21630
44,39,18221.500,66.890,-71.100,6,-88.900,276,39.600,49.95415,15.21683
44,40,18227.300,66.820,-71.200,6,-88.900,276,39.600,49.95414,15.21739
44,41,18232.900,66.760,-71.200,6,-88.900,276,39.600,49.95411,15.21794
44,42,18238.300,66.700,-71.300,6,-89.000,276,39.600,49.95407,15.21850
44,43,18243.600,66.640,-71.300,6,-89.000,276,39.600,49.95402,15.21906
44,44,18249.000,66.580,-71.400,6,-89.000,276,39.600,49.95397,15.21962
44,45,18254.500,66.510,-71.400,6,-89.000,276,39.600,49.95391,15.22019
44,46,18260.200,66.450,-71.400,6,-89.100,276,39.600,49.95385,15.22074
44,47,18265.800,66.390,-71.500,6,-89.100,276,39.700,49.95381,15.22130
44,48,18271.500,66.320,-71.500,6,-89.100,275,39.700,49.95378,15.22184
44,49,18277.300,66.260,-71.500,6,-89.200,275,39.700,49.95376,15.22236
44,50,18283.000,66.190,-71.600,6,-89.200,275,39.800,49.95373,15.22288
44,51,18288.400,66.130,-71.600,6,-89.200,275,39.900,49.95370,15.22340
44,52,18293.400,66.080,-71.600,6,-89.200,275,39.900,49.95367,15.22392
44,53,18298.300,66.020,-71.500,6,-89.200,275,40.000,49.95363,15.22445
44,54,18302.700,65.970,-71.500,6,-89.200,275,40.100,49.95359,15.22500
44,55,18306.900,65.930,-71.400,6,-89.200,275,40.100,49.95354,15.22557
44,56,18311.300,65.880,-71.400,6,-89.100,275,40.200,49.95349,15.22615
44,57,18315.900,65.830,-71.300,6,-89.100,275,40.300,49.95345,15.22674
44,58,18320.400,65.770,-71.300,6,-89.100,274,40.400,49.95342,15.22733
44,59,18324.700,65.730,-71.200,6,-89.000,274,40.500,49.95340,15.22792
45,0,18328.700,65.680,-71.200,6,-89.000,274,40.600,49.95339,15.22849
45,1,18332.500,65.640,-71.100,6,-89.000,274,40.700,49.95339,15.22904
45,2,18336.100,65.600,-71.100,6,-89.000,274,40.800,49.95338,15.22956
45,3,18340.100,65.560,-71.100,6,-89.100,274,40.900,49.95336,15.23008
45,4,18344.300,65.510,-71.100,6,-89.100,274,41.000,49.95333,15.23060
45,5,18348.800,65.460,-71.200,6,-89.100,273,41.100,49.95329,15.23113
45,6,18353.300,65.410,-71.200,6,-89.200,273,41.200,49.95325,15.23170
45,7,18357.600,65.360,-71.200,6,-89.200,273,41.300,49.95321,15.23230
45,8,18361.900,65.310,-71.200,6,-89.200,273,41.400,49.95317,15.23291
45,9,18366.200,65.270,-71.200,6,-89.200,273,41.500,49.95315,15.23353
45,10,18370.500,65.220,-71.200,6,-89.200,273,41.600,49.95313,15.23414
45,11,18374.900,65.170,-71.200,6,-89.200,273,41.700,49.95312,15.23473
45,12,18379.500,65.120,-71.100,6,-89.200,272,41.800,49.95313,15.23530
45,13,18383.900,65.070,-71.000,6,-89.200,272,41.900,49.95313,15.23586
45,14,18388.200,65.030,-71.000,6,-89.200,272,42.000,49.95313,15.23641
45,15,18392.600,64.980,-70.900,6,-89.100,272,42.000,49.95312,15.23698
45,16,18397.300,64.920,-70.900,6,-89.100,272,42.100,49.95310,15.23756
45,17,18402.100,64.870,-70.900,6,-89.100,272,42.100,49.95308,15.23817
45,18,18406.900,64.820,-70.800,6,-89.100,272,42.200,49.95307,15.23879
45,19,18411.800,64.770,-70.800,6,-89.100,272,42.200,49.95307,15.23941
45,20,18416.900,64.710,-70.800,6,-89.100,272,42.300,49.95307,15.24003
45,21,18422.100,64.650,-70.800,6,-89.100,272,42.300,49.95308,15.24066
45,22,18427.500,64.590,-70.700,6,-89.100,272,42.300,49.95308,15.24129
45,23,18433.000,64.540,-70.700,6,-89.100,272,42.300,49.95308,15.24190
45,24,18438.300,64.480,-70.700,6,-89.100,272,42.300,49.95308,15.24249
45,25,18443.500,64.420,-70.600,6,-89.100,272,42.300,49.95308,15.24305
45,26,18448.600,64.370,-70.600,6,-89.100,273,42.300,49.95308,15.24360
45,27,18453.600,64.310,-70.500,6,-89.100,273,42.300,49.95307,15.24415
45,28,18458.900,64.250,-70.500,6,-89.100,273,42.300,49.95306,15.24470
45,29,18464.100,64.200,-70.500,6,-89.100,273,42.200,49.95304,15.24527
45,30,18469.000,64.140,-70.500,6,-89.100,273,42.200,49.95301,15.24586
45,31,18473.600,64.090,-70.500,6,-89.100,273,42.200,49.95298,15.24646
45,32,18478.100,64.050,-70.500,6,-89.100,274,42.100,49.95294,15.24708
45,33,18482.500,64.000,-70.500,6,-89.100,274,42.100,49.95290,15.24771
45,34,18486.600,63.950,-70.400,6,-89.100,274,42.100,49.95286,15.24833
45,35,18490.800,63.910,-70.400,6,-89.100,274,42.000,49.95282,15.24892
45,36,18495.300,63.860,-70.400,6,-89.100,274,42.000,49.95278,15.24948
45,37,18500.000,63.810,-70.400,6,-89.100,275,41.900,49.95274,15.25002
45,38,18504.700,63.760,-70.500,6,-89.100,275,41.900,49.95271,15.25055
45,39,18509.400,63.710,-70.500,5,-89.200,275,41.900,49.95268,15.25109
45,40,18514.100,63.660,-70.500,5,-89.200,275,41.800,49.95266,15.25166
45,41,18518.700,63.610,-70.600,5,-89.200,275,41.800,49.95265,15.25225
45,42,18523.100,63.560,-70.600,5,-89.300,275,41.700,49.95263,15.25287
45,43,18527.400,63.520,-70.600,5,-89.300,276,41.700,49.95261,15.25350
45,44,18531.800,63.470,-70.600,5,-89.300,276,41.700,49.95257,15.25412
45,45,18536.300,63.420,-70.600,5,-89.300,276,41.600,49.95252,15.25471
45,46,18540.900,63.370,-70.600,5,-89.300,276,41.600,49.95246,15.25527
45,47,18545.600,63.320,-70.600,5,-89.300,276,41.600,49.95239,15.25581
45,48,18550.300,63.270,-70.500,5,-89.300,276,41.500,49.95232,15.25634
45,49,18555.100,63.220,-70.500,5,-89.300,276,41.500,49.95226,15.25686
45,50,18560.100,63.170,-70.400,5,-89.200,276,41.400,49.95222,15.25739
45,51,18565.000,63.110,-70.400,5,-89.200,276,41.400,49.95218,15.25795
45,52,18569.700,63.060,-70.300,5,-89.200,277,41.400,49.95216,15.25853
45,53,18574.100,63.020,-70.200,5,-89.100,277,41.300,49.95213,15.25913
45,54,18578.500,62.970,-70.200,5,-89.100,277,41.300,49.95210,15.25974
45,55,18582.800,62.930,-70.200,5,-89.100,277,41.300,49.95206,15.26034
45,56,18587.100,62.880,-70.100,5,-89.100,277,41.300,49.95200,15.26093
45,57,18591.500,62.830,-70.100,5,-89.100,277,41.200,49.95193,15.26151
45,58,18595.900,62.790,-70.100,5,-89.100,277,41.200,49.95186,15.26207
45,59,18600.700,62.740,-70.100,5,-89.100,277,41.200,49.95180,15.26262
46,0,18605.900,62.680,-70.100,5,-89.100,277,41.100,49.95175,15.26315
46,1,18611.000,62.630,-70.100,5,-89.100,277,41.100,49.95170,15.26369
46,2,18616.000,62.580,-70.100,5,-89.100,277,41.100,49.95166,15.26424
46,3,18620.800,62.520,-70.100,5,-89.100,277,41.100,49.95163,15.26480
46,4,18625.800,62.470,-70.100,5,-89.200,277,41.000,49.95161,15.26538
46,5,18630.800,62.420,-70.100,5,-89.200,277,41.000,49.95158,15.26596
46,6,18635.700,62.370,-70.100,5,-89.200,277,41.000,49.95155,15.26655
46,7,18640.400,62.320,-70.100,5,-89.200,277,41.000,49.95152,15.26713
46,8,18645.200,62.270,-70.100,5,-89.200,277,40.900,49.95148,15.26771
46,9,18650.400,62.210,-70.200,5,-89.300,277,40.900,49.95143,15.26828
46,10,18655.900,62.160,-70.200,5,-89.300,277,40.900,49.95137,15.26884
46,11,18661.400,62.100,-70.200,5,-89.300,277,40.800,49.95131,15.26938
46,12,18666.800,62.040,-70.200,5,-89.300,277,40.800,49.95126,15.26992
46,13,18671.900,61.990,-70.100,5,-89.300,277,40.700,49.95121,15.27045
46,14,18676.900,61.940,-70.100,5,-89.300,276,40.700,49.95117,15.27100
46,15,18681.900,61.890,-70.100,5,-89.300,276,40.600,49.95114,15.27157
46,16,18686.900,61.830,-70.100,5,-89.300,276,40.600,49.95111,15.27214
46,17,18692.000,61.780,-70.100,5,-89.300,276,40.500,49.95107,15.27272
46,18,18697.300,61.730,-70.100,5,-89.400,276,40.500,49.95103,15.27330
46,19,18702.800,61.670,-70.100,5,-89.400,276,40.400,49.95099,15.27388
46,20,18708.500,61.610,-70.100,5,-89.400,276,40.300,49.95094,15.27446
46,21,18714.300,61.550,-70.100,5,-89.400,276,40.200,49.95090,15.27503
46,22,18720.100,61.490,-70.100,5,-89.400,276,40.200,49.95084,15.27559
46,23,18725.700,61.430,-70.100,5,-89.400,276,40.100,49.95078,15.27616
46,24,18731.300,61.370,-70.100,5,-89.400,276,40.000,49.95072,15.27671
46,25,18737.000,61.310,-70.000,5,-89.400,276,39.900,49.95067,15.27726
46,26,18742.600,61.260,-69.900,5,-89.400,276,39.800,49.95063,15.27780
46,27,18748.300,61.200,-69.800,5,-89.300,276,39.700,49.95060,15.27835
46,28,18754.100,61.140,-69.800,5,-89.200,276,39.600,49.95058,15.27890
46,29,18760.200,61.080,-69.700,5,-89.200,276,39.500,49.95056,15.27944
46,30,18766.400,61.010,-69.600,5,-89.100,276,39.400,49.95053,15.27998
46,31,18772.600,60.950,-69.500,5,-89.100,276,39.300,49.95050,15.28051
46,32,18778.500,60.890,-69.500,5,-89.100,276,39.200,49.95046,15.28104
46,33,18784.400,60.830,-69.400,5,-89.000,276,39.100,49.95043,15.28157
46,34,18790.500,60.770,-69.400,5,-89.000,275,39.000,49.95039,15.28210
46,35,18796.800,60.700,-69.400,5,-89.000,275,38.900,49.95034,15.28263
46,36,18803.100,60.640,-69.400,5,-89.000,275,38.800,49.95029,15.28316
46,37,18809.400,60.570,-69.400,5,-89.000,275,38.700,49.95025,15.28369
46,38,18815.800,60.510,-69.500,5,-89.000,275,38.600,49.95022,15.28423
46,39,18822.300,60.440,-69.500,5,-89.100,275,38.500,49.95019,15.28477
46,40,18829.000,60.370,-69.500,5,-89.100,275,38.400,49.95018,15.28531
46,41,18835.900,60.310,-69.600,5,-89.100,275,38.300,49.95016,15.28585
46,42,18842.600,60.240,-69.600,5,-89.100,274,38.200,49.95014,15.28638
46,43,18849.200,60.170,-69.700,5,-89.100,274,38.200,49.95013,15.28691
46,44,18855.800,60.100,-69.700,5,-89.200,274,38.100,49.95011,15.28743
46,45,18862.600,60.030,-69.700,5,-89.200,274,38.000,49.95009,15.28796
46,46,18869.600,59.960,-69.800,5,-89.200,274,37.900,49.95007,15.28849
46,47,18876.600,59.890,-69.800,5,-89.200,273,37.800,49.95003,15.28901
46,48,18883.700,59.820,-69.800,5,-89.200,273,37.700,49.94999,15.28953
46,49,18891.000,59.750,-69.900,5,-89.200,273,37.600,49.94994,15.29005
46,50,18898.600,59.670,-69.900,5,-89.200,273,37.500,49.94991,15.29057
46,51,18906.400,59.590,-69.900,5,-89.200,273,37.400,49.94989,15.29110
46,52,18914.100,59.520,-70.000,5,-89.200,272,37.300,49.94988,15.29161
46,53,18921.200,59.450,-70.000,5,-89.200,272,37.200,49.94988,15.29213
46,54,18927.700,59.380,-70.000,5,-89.200,272,37.100,49.94988,15.29264
46,55,18934.200,59.320,-70.000,5,-89.200,272,37.000,49.94989,15.29315
46,56,18941.400,59.250,-70.100,5,-89.200,272,36.900,49.94990,15.29367
46,57,18949.000,59.170,-70.100,5,-89.200,271,36.800,49.94990,15.29419
46,58,18956.700,59.090,-70.100,5,-89.200,271,36.700,49.94989,15.29471
46,59,18964.100,59.020,-70.200,5,-89.200,271,36.700,49.94988,15.29521
47,0,18971.400,58.950,-70.200,5,-89.200,271,36.600,49.94986,15.29571
47,1,18978.600,58.880,-70.200,5,-89.300,271,36.500,49.94983,15.29622
47,2,18986.100,58.800,-70.300,5,-89.300,270,36.500,49.94980,15.29672
47,3,18994.000,58.720,-70.300,5,-89.300,270,36.400,49.94979,15.29722
47,4,19001.800,58.650,-70.400,5,-89.300,270,36.400,49.94979,15.29771
47,5,19009.300,58.570,-70.400,5,-89.400,270,36.400,49.94981,15.29820
47,6,19016.500,58.500,-70.400,5,-89.400,270,36.400,49.94984,15.29869
47,7,19024.000,58.430,-70.500,5,-89.400,269,36.400,49.94986,15.29917
47,8,19031.800,58.350,-70.500,5,-89.400,269,36.400,49.94989,15.29966
47,9,19039.600,58.270,-70.500,5,-89.400,269,36.400,49.94991,15.30014
47,10,19047.400,58.200,-70.600,5,-89.500,269,36.500,49.94993,15.30063
47,11,19055.100,58.120,-70.600,5,-89.500,269,36.500,49.94994,15.30111
47,12,19063.000,58.040,-70.600,5,-89.500,269,36.600,49.94995,15.30161
47,13,19071.100,57.960,-70.600,5,-89.500,269,36.700,49.94996,15.30211
47,14,19079.500,57.880,-70.700,5,-89.600,269,36.800,49.94995,15.30262
47,15,19088.000,57.800,-70.700,5,-89.600,268,36.900,49.94995,15.30312
47,16,19096.300,57.720,-70.800,5,-89.600,268,37.000,49.94994,15.30363
47,17,19103.900,57.640,-70.800,5,-89.700,268,37.100,49.94994,15.30413
47,18,19111.000,57.580,-70.800,5,-89.700,268,37.200,49.94995,15.30463
47,19,19118.200,57.510,-70.800,5,-89.700,268,37.300,49.94996,15.30514
47,20,19125.800,57.430,-70.800,5,-89.700,268,37.500,49.94997,15.30565
47,21,19133.700,57.360,-70.800,5,-89.700,268,37.600,49.94999,15.30617
47,22,19142.200,57.270,-70.700,5,-89.600,268,37.700,49.95002,15.30669
47,23,19151.200,57.190,-70.600,5,-89.600,268,37.900,49.95005,15.30722
47,24,19160.000,57.100,-70.500,5,-89.500,268,38.000,49.95007,15.30776
47,25,19168.500,57.020,-70.400,5,-89.400,268,38.200,49.95008,15.30830
47,26,19176.900,56.940,-70.300,5,-89.400,268,38.300,49.95009,15.30885
47,27,19185.200,56.860,-70.300,5,-89.400,268,38.400,49.95010,15.30940
47,28,19193.500,56.780,-70.300,5,-89.400,268,38.600,49.95010,15.30995
47,29,19202.000,56.700,-70.300,5,-89.400,268,38.700,49.95011,15.31050
47,30,19210.700,56.620,-70.300,5,-89.400,268,38.800,49.95012,15.31106
47,31,19219.600,56.530,-70.300,5,-89.400,267,38.900,49.95013,15.31161
47,32,19228.500,56.450,-70.300,5,-89.400,267,39.100,49.95015,15.31216
47,33,19237.000,56.370,-70.300,5,-89.400,267,39.200,49.95016,15.31270
47,34,19245.200,56.290,-70.300,5,-89.400,267,39.300,49.95018,15.31324
47,35,19253.300,56.210,-70.400,5,-89.400,267,39.400,49.95019,15.31377
47,36,19261.600,56.130,-70.400,5,-89.400,267,39.500,49.95021,15.31430
47,37,19270.400,56.050,-70.400,5,-89.400,267,39.600,49.95022,15.31484
47,38,19279.400,55.960,-70.400,5,-89.400,267,39.600,49.95025,15.31538
47,39,19288.600,55.880,-70.400,5,-89.400,266,39.700,49.95027,15.31593
47,40,19297.700,55.790,-70.400,5,-89.400,266,39.800,49.95029,15.31649
47,41,19306.600,55.710,-70.400,5,-89.400,266,39.900,49.95030,15.31706
47,42,19315.300,55.630,-70.400,5,-89.400,266,39.900,49.95030,15.31763
47,43,19324.200,55.540,-70.400,5,-89.400,266,40.000,49.95031,15.31818
47,44,19333.600,55.460,-70.500,5,-89.400,265,40.000,49.95032,15.31873
47,45,19343.300,55.370,-70.500,5,-89.500,265,40.100,49.95034,15.31927
47,46,19352.900,55.280,-70.600,5,-89.500,265,40.100,49.95038,15.31982
47,47,19362.300,55.190,-70.600,5,-89.500,265,40.200,49.95043,15.32037
47,48,19371.200,55.110,-70.600,5,-89.500,264,40.200,49.95048,15.32094
47,49,19379.600,55.030,-70.700,5,-89.500,264,40.200,49.95054,15.32151
47,50,19388.000,54.950,-70.700,5,-89.500,264,40.200,49.95059,15.32210
47,51,19396.500,54.870,-70.700,5,-89.500,264,40.300,49.95063,15.32268
47,52,19405.200,54.790,-70.700,5,-89.500,264,40.300,49.95067,15.32326
47,53,19414.100,54.710,-70.700,5,-89.500,263,40.300,49.95071,15.32384
47,54,19423.300,54.620,-70.800,5,-89.500,263,40.300,49.95074,15.32439
47,55,19433.000,54.530,-70.800,5,-89.500,263,40.300,49.95078,15.32494
47,56,19442.800,54.440,-70.800,5,-89.500,263,40.400,49.95081,15.32549
47,57,19452.300,54.360,-70.800,5,-89.500,263,40.400,49.95086,15.32603
47,58,19461.500,54.270,-70.800,5,-89.500,262,40.400,49.95091,15.32657
47,59,19470.500,54.190,-70.800,5,-89.500,262,40.400,49.95098,15.32711
48,0,19479.400,54.110,-70.900,5,-89.500,262,40.400,49.95105,15.32767
48,1,19488.300,54.030,-70.900,6,-89.500,262,40.500,49.95112,15.32822
48,2,19497.300,53.940,-71.000,6,-89.500,262,40.500,49.95119,15.32878
48,3,19506.200,53.860,-71.000,6,-89.600,262,40.500,49.95125,15.32934
48,4,19515.300,53.780,-71.100,6,-89.600,262,40.600,49.95131,15.32989
48,5,19524.200,53.700,-71.100,6,-89.600,261,40.600,49.95136,15.33044
48,6,19533.000,53.620,-71.200,6,-89.600,261,40.600,49.95141,15.33098
48,7,19541.700,53.540,-71.200,6,-89.700,261,40.700,49.95146,15.33152
48,8,19550.500,53.460,-71.300,6,-89.700,261,40.800,49.95150,15.33207
48,9,19559.400,53.380,-71.300,6,-89.700,261,40.800,49.95154,15.33262
48,10,19568.300,53.300,-71.400,6,-89.700,261,40.900,49.95160,15.33318
48,11,19576.800,53.220,-71.400,6,-89.800,261,41.000,49.95166,15.33373
48,12,19584.900,53.150,-71.400,6,-89.800,261,41.100,49.95173,15.33428
48,13,19592.900,53.080,-71.500,6,-89.800,261,41.200,49.95180,15.33484
48,14,19601.300,53.000,-71.500,6,-89.900,261,41.300,49.95187,15.33539
48,15,19610.100,52.930,-71.600,6,-89.900,261,41.400,49.95193,15.33594
48,16,19619.000,52.840,-71.600,6,-89.900,261,41.500,49.95200,15.33650
48,17,19628.200,52.760,-71.700,6,-90.000,261,41.600,49.95206,15.33706
48,18,19637.200,52.680,-71.700,6,-90.000,261,41.700,49.95212,15.33763
48,19,19645.900,52.600,-71.700,6,-90.000,262,41.800,49.95218,15.33821
48,20,19654.300,52.530,-71.700,6,-90.000,262,41.900,49.95225,15.33880
48,21,19662.600,52.460,-71.700,6,-90.000,262,42.000,49.95231,15.33939
48,22,19670.900,52.380,-71.700,6,-90.000,262,42.200,49.95237,15.33999
48,23,19679.700,52.300,-71.800,6,-90.000,262,42.300,49.95243,15.34059
48,24,19688.800,52.220,-71.800,6,-90.000,262,42.400,49.95248,15.34120
48,25,19698.000,52.140,-71.800,6,-90.000,262,42.500,49.95253,15.34179
48,26,19707.000,52.060,-71.800,6,-90.000,262,42.600,49.95257,15.34237
48,27,19715.500,51.990,-71.800,6,-90.000,262,42.700,49.95262,15.34294
48,28,19723.800,51.910,-71.700,6,-90.000,262,42.900,49.95266,15.34350
48,29,19732.100,51.840,-71.700,6,-90.000,262,43.000,49.95269,15.34407
48,30,19740.500,51.770,-71.700,6,-90.000,262,43.000,49.95273,15.34464
48,31,19748.900,51.690,-71.700,6,-90.000,262,43.100,49.95277,15.34523
48,32,19757.100,51.620,-71.700,6,-90.000,262,43.200,49.95281,15.34582
48,33,19765.500,51.550,-71.700,6,-90.000,262,43.300,49.95285,15.34642
48,34,19774.100,51.470,-71.700,6,-90.000,262,43.400,49.95290,15.34705
48,35,19783.200,51.390,-71.600,6,-89.900,262,43.400,49.95294,15.34768
48,36,19792.500,51.310,-71.600,6,-89.900,262,43.500,49.95298,15.34832
48,37,19801.600,51.230,-71.600,6,-89.900,262,43.500,49.95302,15.34895
48,38,19810.100,51.160,-71.500,6,-89.900,262,43.600,49.95307,15.34957
48,39,19818.100,51.090,-71.600,6,-89.800,262,43.600,49.95312,15.35018
48,40,19825.800,51.020,-71.600,6,-89.900,262,43.600,49.95318,15.35078
48,41,19833.500,50.960,-71.600,6,-89.900,262,43.600,49.95325,15.35138
48,42,19841.200,50.890,-71.600,6,-89.900,262,43.700,49.95332,15.35197
48,43,19848.700,50.830,-71.700,6,-89.900,262,43.700,49.95338,15.35255
48,44,19856.000,50.760,-71.700,6,-89.900,262,43.700,49.95344,15.35313
48,45,19863.600,50.700,-71.800,6,-89.900,262,43.600,49.95351,15.35372
48,46,19871.400,50.630,-71.800,6,-90.000,262,43.600,49.95356,15.35432
48,47,19879.500,50.560,-71.800,6,-90.000,261,43.600,49.95361,15.35493
48,48,19887.500,50.490,-71.900,6,-90.000,261,43.600,49.95366,15.35553
48,49,19895.100,50.430,-71.900,6,-90.000,261,43.600,49.95371,15.35614
48,50,19902.300,50.370,-72.000,6,-90.000,261,43.500,49.95377,15.35675
48,51,19909.600,50.300,-72.000,6,-90.000,261,43.500,49.95383,15.35736
48,52,19917.000,50.240,-72.100,6,-90.000,261,43.400,49.95389,15.35797
48,53,19924.600,50.180,-72.100,6,-90.000,261,43.400,49.95396,15.35857
48,54,19932.000,50.110,-72.200,6,-90.000,261,43.300,49.95403,15.35915
48,55,19939.200,50.050,-72.200,6,-90.000,260,43.200,49.95410,15.35974
48,56,19946.400,49.990,-72.300,6,-90.100,260,43.200,49.95417,15.36032
48,57,19953.900,49.930,-72.300,6,-90.100,260,43.100,49.95424,15.36091
48,58,19961.700,49.860,-72.400,6,-90.100,260,43.000,49.95431,15.36150
48,59,19969.300,49.800,-72.400,6,-90.100,260,42.900,49.95437,15.36209
49,0,19976.500,49.730,-72.500,6,-90.100,260,42.900,49.95444,15.36267
49,1,19983.300,49.680,-72.600,6,-90.200,260,42.800,49.95450,15.36325
49,2,19990.100,49.620,-72.600,6,-90.200,260,42.700,49.95457,15.36384
49,3,19997.200,49.560,-72.700,6,-90.200,260,42.600,49.95464,15.36443
49,4,20004.600,49.500,-72.700,6,-90.200,260,42.500,49.95472,15.36502
49,5,20012.100,49.430,-72.800,6,-90.300,260,42.400,49.95480,15.36561
49,6,20019.400,49.370,-72.800,6,-90.300,260,42.300,49.95488,15.36620
49,7,20026.500,49.310,-72.900,6,-90.300,260,42.200,49.95496,15.36679
49,8,20033.600,49.250,-73.000,6,-90.300,260,42.100,49.95503,15.36738
49,9,20040.900,49.190,-73.000,6,-90.400,260,42.100,49.95510,15.36796
49,10,20048.200,49.130,-73.100,6,-90.400,261,42.000,49.95517,15.36852
49,11,20055.100,49.070,-73.100,6,-90.400,261,41.900,49.95523,15.36907
49,12,20061.500,49.020,-73.200,6,-90.400,261,41.800,49.95529,15.36960
49,13,20067.700,48.970,-73.200,6,-90.500,261,41.700,49.95534,15.37014
49,14,20073.800,48.920,-73.200,6,-90.500,261,41.700,49.95538,15.37068
49,15,20080.100,48.860,-73.300,6,-90.500,261,41.600,49.95543,15.37125
49,16,20086.600,48.810,-73.300,6,-90.500,261,41.600,49.95548,15.37183
49,17,20093.200,48.750,-73.300,6,-90.500,261,41.500,49.95553,15.37243
49,18,20099.800,48.700,-73.200,6,-90.500,261,41.500,49.95560,15.37304
49,19,20105.900,48.650,-73.200,6,-90.500,262,41.400,49.95567,15.37363
49,20,20111.400,48.600,-73.200,6,-90.400,262,41.400,49.95573,15.37421
49,21,20116.600,48.560,-73.200,6,-90.500,262,41.400,49.95579,15.37477
49,22,20121.600,48.520,-73.300,6,-90.500,262,41.400,49.95585,15.37532
49,23,20126.100,48.480,-73.300,6,-90.500,262,41.400,49.95590,15.37585
49,24,20130.800,48.440,-73.300,6,-90.600,262,41.400,49.95595,15.37637
49,25,20136.000,48.400,-73.400,6,-90.600,262,41.400,49.95599,15.37689
49,26,20141.700,48.350,-73.400,6,-90.600,263,41.500,49.95602,15.37743
49,27,20147.700,48.300,-73.400,6,-90.600,263,41.500,49.95605,15.37798
49,28,20153.900,48.250,-73.400,6,-90.600,263,41.500,49.95608,15.37855
49,29,20160.000,48.200,-73.400,6,-90.600,263,41.600,49.95612,15.37914
49,30,20166.000,48.150,-73.400,6,-90.600,263,41.600,49.95616,15.37974
49,31,20171.500,48.110,-73.300,6,-90.600,263,41.700,49.95621,15.38034
49,32,20176.900,48.060,-73.300,6,-90.500,263,41.700,49.95626,15.38094
49,33,20182.200,48.020,-73.200,6,-90.500,263,41.800,49.95632,15.38153
49,34,20187.800,47.970,-73.200,6,-90.500,263,41.800,49.95637,15.38211
49,35,20193.600,47.920,-73.200,6,-90.500,263,41.900,49.95642,15.38269
49,36,20199.300,47.880,-73.200,6,-90.500,263,42.000,49.95646,15.38327
49,37,20205.000,47.830,-73.200,6,-90.500,263,42.000,49.95649,15.38385
49,38,20210.500,47.790,-73.300,6,-90.600,264,42.100,49.95652,15.38442
49,39,20215.900,47.740,-73.300,6,-90.600,264,42.200,49.95654,15.38499
49,40,20221.100,47.700,-73.300,6,-90.600,264,42.300,49.95657,15.38558
49,41,20226.200,47.660,-73.300,6,-90.600,264,42.300,49.95661,15.38617
49,42,20231.400,47.620,-73.300,6,-90.600,264,42.400,49.95665,15.38676
49,43,20237.000,47.570,-73.300,6,-90.600,264,42.500,49.95671,15.38734
49,44,20242.600,47.520,-73.300,6,-90.600,264,42.600,49.95677,15.38792
49,45,20248.000,47.480,-73.300,6,-90.600,264,42.700,49.95683,15.38851
49,46,20253.300,47.440,-73.200,6,-90.500,264,42.700,49.95689,15.38910
49,47,20258.500,47.400,-73.200,6,-90.500,264,42.800,49.95694,15.38968
49,48,20263.800,47.350,-73.200,6,-90.500,264,42.900,49.95699,15.39027
49,49,20269.100,47.310,-73.200,6,-90.500,264,43.000,49.95703,15.39085
49,50,20274.300,47.270,-73.300,6,-90.500,264,43.100,49.95706,15.39144
49,51,20279.400,47.230,-73.300,6,-90.600,264,43.200,49.95709,15.39203
49,52,20284.400,47.190,-73.300,6,-90.600,265,43.300,49.95712,15.39263
49,53,20289.400,47.150,-73.400,6,-90.600,265,43.400,49.95714,15.39323
49,54,20294.400,47.110,-73.400,6,-90.600,265,43.600,49.95717,15.39383
49,55,20299.500,47.060,-73.500,6,-90.700,265,43.700,49.95719,15.39443
49,56,20304.600,47.020,-73.500,6,-90.700,265,43.800,49.95722,15.39503
49,57,20309.600,46.980,-73.500,6,-90.700,265,43.900,49.95726,15.39564
49,58,20314.400,46.940,-73.500,6,-90.700,265,44.100,49.95729,15.39625
49,59,20319.000,46.910,-73.600,6,-90.700,265,44.200,49.95733,15.39687
50,0,20323.600,46.870,-73.600,6,-90.800,265,44.300,49.95737,15.39748
50,1,20328.400,46.830,-73.600,6,-90.800,266,44.500,49.95740,15.39809
50,2,20333.400,46.790,-73.600,6,-90.800,266,44.600,49.95743,15.39870
50,3,20338.200,46.750,-73.600,6,-90.800,266,44.700,49.95746,15.39932
50,4,20342.700,46.720,-73.600,6,-90.800,266,44.900,49.95748,15.39993
50,5,20346.900,46.680,-73.600,6,-90.800,266,45.000,49.95750,15.40056
50,6,20351.100,46.650,-73.600,6,-90.800,266,45.200,49.95752,15.40118
50,7,20355.600,46.610,-73.600,6,-90.800,266,45.300,49.95753,15.40182
50,8,20360.400,46.580,-73.600,6,-90.800,266,45.400,49.95756,15.40246
50,9,20365.300,46.540,-73.600,6,-90.800,267,45.600,49.95759,15.40310
50,10,20370.100,46.500,-73.600,6,-90.800,267,45.700,49.95763,15.40375
50,11,20374.800,46.460,-73.600,6,-90.800,267,45.800,49.95766,15.40440
50,12,20379.300,46.430,-73.600,6,-90.800,267,46.000,49.95769,15.40504
50,13,20383.600,46.390,-73.600,6,-90.800,267,46.100,49.95772,15.40568
50,14,20387.900,46.360,-73.600,6,-90.800,267,46.200,49.95774,15.40631
50,15,20392.500,46.320,-73.600,6,-90.800,267,46.300,49.95777,15.40693
50,16,20397.400,46.280,-73.600,6,-90.800,267,46.400,49.95779,15.40756
50,17,20402.300,46.240,-73.600,6,-90.900,268,46.500,49.95781,15.40820
50,18,20407.300,46.200,-73.600,6,-90.900,268,46.600,49.95782,15.40884
50,19,20412.100,46.170,-73.700,6,-90.900,268,46.700,49.95784,15.40950
50,20,20416.500,46.130,-73.700,6,-90.900,268,46.800,49.95786,15.41016
50,21,20420.500,46.100,-73.700,6,-90.900,268,46.900,49.95788,15.41083
50,22,20424.400,46.070,-73.600,6,-90.900,268,47.000,49.95790,15.41150
50,23,20428.700,46.040,-73.600,6,-90.900,269,47.100,49.95791,15.41217
50,24,20433.300,46.000,-73.600,6,-90.900,269,47.200,49.95792,15.41284
50,25,20438.100,45.960,-73.600,6,-90.900,269,47.300,49.95793,15.41351
50,26,20442.900,45.920,-73.600,6,-90.900,269,47.300,49.95794,15.41416
50,27,20447.400,45.890,-73.500,6,-90.900,269,47.400,49.95794,15.41481
50,28,20451.700,45.850,-73.500,6,-90.900,269,47.500,49.95792,15.41546
50,29,20456.000,45.820,-73.500,6,-90.900,270,47.500,49.95791,15.41611
50,30,20460.900,45.780,-73.400,6,-90.900,270,47.600,49.95790,15.41677
50,31,20465.900,45.740,-73.400,6,-90.900,270,47.700,49.95791,15.41742
50,32,20470.700,45.710,-73.400,6,-90.900,270,47.700,49.95793,15.41809
50,33,20474.800,45.670,-73.400,6,-90.900,270,47.800,49.95793,15.41875
50,34,20478.800,45.640,-73.300,6,-90.900,271,47.900,49.95793,15.41942
50,35,20482.700,45.610,-73.300,6,-90.900,271,47.900,49.95793,15.42009
50,36,20486.700,45.580,-73.300,6,-90.900,271,48.000,49.95792,15.42075
50,37,20490.700,45.550,-73.300,6,-91.000,271,48.000,49.95792,15.42141
50,38,20494.700,45.520,-73.300,6,-91.000,271,48.000,49.95791,15.42208
50,39,20498.500,45.490,-73.300,6,-91.000,271,48.100,49.95789,15.42276
50,40,20502.400,45.460,-73.300,6,-91.000,272,48.100,49.95787,15.42343
50,41,20506.600,45.430,-73.200,6,-91.000,272,48.100,49.95785,15.42411
50,42,20511.100,45.390,-73.200,6,-91.000,272,48.200,49.95784,15.42478
50,43,20515.600,45.360,-73.200,6,-91.000,272,48.200,49.95783,15.42544
50,44,20520.100,45.320,-73.200,6,-91.000,272,48.200,49.95781,15.42610
50,45,20524.600,45.290,-73.100,6,-91.000,272,48.200,49.95780,15.42677
50,46,20529.100,45.250,-73.100,6,-91.000,272,48.200,49.95777,15.42744
50,47,20533.500,45.220,-73.000,6,-91.000,272,48.200,49.95774,15.42813
50,48,20538.200,45.180,-72.900,6,-91.000,272,48.100,49.95771,15.42881
50,49,20543.300,45.140,-72.900,6,-90.900,272,48.100,49.95767,15.42950
50,50,20548.500,45.100,-72.800,6,-90.900,273,48.100,49.95764,15.43019
50,51,20553.600,45.060,-72.700,6,-90.900,273,48.000,49.95760,15.43088
50,52,20558.300,45.030,-72.600,6,-90.800,273,48.000,49.95756,15.43157
50,53,20562.600,44.990,-72.500,6,-90.800,273,47.900,49.95753,15.43224
50,54,20566.900,44.960,-72.400,6,-90.700,273,47.900,49.95750,15.43290
50,55,20571.500,44.930,-72.300,5,-90.700,273,47.800,49.95749,15.43354
50,56,20576.200,44.890,-72.300,5,-90.600,272,47.700,49.95748,15.43419
50,57,20580.800,44.850,-72.200,5,-90.600,272,47.600,49.95747,15.43483
50,58,20585.400,44.820,-72.200,5,-90.600,272,47.500,49.95746,15.43548
50,59,20590.100,44.780,-72.200,5,-90.700,272,47.400,49.95745,15.43614
51,0,20595.400,44.740,-72.200,5,-90.700,272,47.300,49.95744,15.43679
51,1,20601.000,44.700,-72.200,5,-90.700,272,47.200,49.95742,15.43745
51,2,20606.600,44.660,-72.200,5,-90.700,272,47.100,49.95739,15.43812
51,3,20611.600,44.620,-72.300,5,-90.800,272,47.000,49.95737,15.43879
51,4,20616.200,44.590,-72.300,5,-90.800,272,46.900,49.95734,15.43945
51,5,20620.600,44.550,-72.300,5,-90.800,272,46.700,49.95733,15.44011
51,6,20625.300,44.520,-72.300,5,-90.800,272,46.600,49.95732,15.44077
51,7,20630.600,44.480,-72.300,5,-90.800,272,46.500,49.95732,15.44141
51,8,20636.200,44.430,-72.200,5,-90.800,272,46.400,49.95732,15.44207
51,9,20641.600,44.390,-72.200,5,-90.800,272,46.200,49.95731,15.44271
51,10,20646.600,44.360,-72.200,5,-90.800,272,46.100,49.95730,15.44336
51,11,20651.400,44.320,-72.100,5,-90.800,272,45.900,49.95729,15.44399
51,12,20656.300,44.280,-72.100,5,-90.800,272,45.800,49.95728,15.44462
51,13,20661.500,44.240,-72.100,5,-90.700,272,45.700,49.95727,15.44525
51,14,20666.900,44.200,-72.000,5,-90.700,272,45.500,49.95727,15.44588
51,15,20672.100,44.160,-72.000,5,-90.700,272,45.400,49.95726,15.44652
51,16,20677.200,44.130,-72.000,5,-90.700,272,45.300,49.95725,15.44714
51,17,20682.800,44.080,-71.900,5,-90.700,272,45.100,49.95724,15.44776
51,18,20688.700,44.040,-71.900,5,-90.700,272,45.000,49.95723,15.44838
51,19,20694.900,43.990,-71.900,5,-90.700,272,44.900,49.95721,15.44899
51,20,20700.800,43.950,-71.900,5,-90.700,272,44.800,49.95719,15.44961
51,21,20706.300,43.910,-71.900,5,-90.700,272,44.700,49.95716,15.45023
51,22,20711.600,43.870,-71.900,5,-90.700,273,44.600,49.95713,15.45085
51,23,20717.200,43.830,-72.000,5,-90.800,273,44.600,49.95709,15.45147
51,24,20723.100,43.780,-72.000,5,-90.800,273,44.500,49.95706,15.45208
51,25,20729.100,43.740,-72.000,5,-90.800,273,44.400,49.95703,15.45268
51,26,20734.800,43.700,-72.100,5,-90.800,273,44.400,49.95700,15.45329
51,27,20740.300,43.660,-72.100,5,-90.900,273,44.400,49.95698,15.45388
51,28,20745.900,43.610,-72.100,5,-90.900,273,44.400,49.95697,15.45446
51,29,20751.500,43.570,-72.100,5,-90.900,273,44.300,49.95696,15.45505
51,30,20757.300,43.530,-72.000,5,-90.900,273,44.400,49.95696,15.45563
51,31,20763.400,43.480,-72.000,5,-90.800,273,44.400,49.95695,15.45623
51,32,20769.500,43.440,-72.000,5,-90.800,273,44.400,49.95694,15.45684
51,33,20775.500,43.400,-72.000,5,-90.800,273,44.400,49.95692,15.45746
51,34,20781.400,43.350,-71.900,5,-90.800,273,44.500,49.95690,15.45808
51,35,20787.200,43.310,-71.900,5,-90.800,273,44.600,49.95687,15.45870
51,36,20792.900,43.270,-71.900,5,-90.800,273,44.600,49.95684,15.45933
51,37,20798.500,43.230,-71.800,5,-90.700,273,44.700,49.95680,15.45996
51,38,20804.100,43.190,-71.800,5,-90.700,273,44.800,49.95676,15.46058
51,39,20810.000,43.140,-71.700,5,-90.700,273,44.900,49.95674,15.46119
51,40,20816.200,43.100,-71.700,5,-90.700,273,45.000,49.95674,15.46180
51,41,20822.700,43.050,-71.700,5,-90.600,273,45.100,49.95674,15.46239
51,42,20829.300,43.000,-71.600,5,-90.600,273,45.200,49.95674,15.46300
51,43,20835.600,42.960,-71.600,5,-90.600,273,45.300,49.95674,15.46361
51,44,20841.400,42.910,-71.600,5,-90.600,273,45.400,49.95674,15.46423
51,45,20847.100,42.870,-71.600,5,-90.600,273,45.400,49.95672,15.46486
51,46,20853.100,42.830,-71.600,5,-90.600,273,45.500,49.95670,15.46551
51,47,20859.400,42.780,-71.600,5,-90.600,273,45.600,49.95667,15.46617
51,48,20865.700,42.740,-71.600,5,-90.600,274,45.700,49.95663,15.46683
51,49,20871.800,42.690,-71.600,5,-90.600,274,45.800,49.95658,15.46750
51,50,20878.000,42.650,-71.500,5,-90.600,274,45.900,49.95654,15.46815
51,51,20884.600,42.600,-71.500,5,-90.600,274,45.900,49.95650,15.46880
51,52,20891.800,42.550,-71.500,5,-90.600,274,46.000,49.95649,15.46943
51,53,20899.400,42.490,-71.500,5,-90.600,274,46.000,49.95648,15.47005
51,54,20907.200,42.440,-71.500,5,-90.600,274,46.100,49.95646,15.47067
51,55,20914.600,42.380,-71.500,5,-90.600,274,46.100,49.95645,15.47130
51,56,20921.200,42.340,-71.500,5,-90.600,274,46.100,49.95642,15.47194
51,57,20927.400,42.290,-71.500,5,-90.600,274,46.100,49.95639,15.47259
51,58,20933.600,42.250,-71.500,5,-90.600,274,46.100,49.95635,15.47326
51,59,20940.000,42.200,-71.500,5,-90.600,274,46.200,49.95630,15.47394
52,0,20946.700,42.150,-71.600,5,-90.600,274,46.200,49.95624,15.47462
52,1,20953.600,42.100,-71.600,5,-90.600,274,46.200,49.95618,15.47530
52,2,20960.700,42.050,-71.500,5,-90.600,274,46.200,49.95612,15.47596
52,3,20967.700,42.000,-71.500,5,-90.600,274,46.200,49.95608,15.47660
52,4,20974.300,41.960,-71.500,5,-90.500,274,46.200,49.95605,15.47721
52,5,20980.400,41.910,-71.500,5,-90.500,274,46.200,49.95603,15.47782
52,6,20986.600,41.870,-71.500,5,-90.500,274,46.200,49.95601,15.47842
52,7,20993.100,41.820,-71.500,5,-90.500,274,46.200,49.95599,15.47902
52,8,20999.800,41.780,-71.600,5,-90.600,274,46.300,49.95598,15.47964
52,9,21006.400,41.730,-71.600,5,-90.600,274,46.300,49.95596,15.48026
52,10,21013.300,41.680,-71.700,5,-90.600,274,46.300,49.95593,15.48088
52,11,21020.300,41.630,-71.700,5,-90.600,274,46.400,49.95589,15.48151
52,12,21027.400,41.580,-71.700,5,-90.700,274,46.500,49.95585,15.48214
52,13,21034.400,41.530,-71.800,5,-90.700,274,46.500,49.95580,15.48279
52,14,21041.400,41.480,-71.800,5,-90.700,274,46.600,49.95575,15.48344
52,15,21048.300,41.430,-71.800,5,-90.700,274,46.700,49.95570,15.48410
52,16,21055.100,41.390,-71.800,5,-90.700,274,46.700,49.95567,15.48475
52,17,21062.100,41.340,-71.800,5,-90.700,274,46.800,49.95566,15.48540
52,18,21069.400,41.290,-71.800,5,-90.700,274,46.900,49.95565,15.48604
52,19,21076.700,41.230,-71.800,5,-90.700,274,47.000,49.95564,15.48668
52,20,21084.000,41.180,-71.800,5,-90.700,274,47.100,49.95563,15.48732
52,21,21091.400,41.130,-71.800,5,-90.700,273,47.200,49.95562,15.48796
52,22,21098.600,41.080,-71.800,5,-90.700,273,47.400,49.95560,15.48860
52,23,21105.800,41.030,-71.800,5,-90.700,273,47.500,49.95557,15.48926
52,24,21112.800,40.980,-71.800,5,-90.800,273,47.600,49.95553,15.48993
52,25,21119.600,40.940,-71.800,5,-90.800,273,47.700,49.95548,15.49061
52,26,21126.500,40.890,-71.800,5,-90.800,273,47.800,49.95543,15.49129
52,27,21133.900,40.840,-71.800,5,-90.800,273,47.900,49.95539,15.49197
52,28,21141.500,40.780,-71.800,5,-90.800,273,48.000,49.95536,15.49265
52,29,21149.200,40.730,-71.800,5,-90.800,273,48.000,49.95534,15.49333
52,30,21156.600,40.680,-71.800,5,-90.800,273,48.100,49.95532,15.49401
52,31,21163.800,40.630,-71.800,5,-90.800,273,48.200,49.95531,15.49470
52,32,21170.900,40.580,-71.800,5,-90.800,273,48.200,49.95530,15.49537
52,33,21178.100,40.530,-71.700,5,-90.700,273,48.300,49.95529,15.49604
52,34,21185.500,40.480,-71.700,5,-90.700,273,48.300,49.95529,15.49670
52,35,21193.200,40.430,-71.700,5,-90.700,273,48.300,49.95527,15.49737
52,36,21200.900,40.380,-71.600,5,-90.700,272,48.300,49.95525,15.49804
52,37,21208.600,40.320,-71.600,5,-90.600,272,48.300,49.95523,15.49871
52,38,21216.100,40.270,-71.500,5,-90.600,272,48.300,49.95521,15.49940
52,39,21223.500,40.220,-71.500,5,-90.600,272,48.300,49.95518,15.50009
52,40,21230.900,40.170,-71.500,5,-90.500,272,48.300,49.95516,15.50079
52,41,21238.500,40.120,-71.400,5,-90.500,272,48.300,49.95514,15.50148
52,42,21246.200,40.070,-71.400,5,-90.500,272,48.200,49.95513,15.50218
52,43,21254.000,40.010,-71.300,5,-90.400,272,48.200,49.95512,15.50287
52,44,21261.700,39.960,-71.300,5,-90.400,272,48.100,49.95511,15.50354
52,45,21269.600,39.910,-71.300,5,-90.300,272,48.000,49.95511,15.50420
52,46,21277.400,39.860,-71.300,5,-90.300,272,48.000,49.95510,15.50485
52,47,21285.300,39.800,-71.300,5,-90.300,272,47.900,49.95509,15.50549
52,48,21293.200,39.750,-71.300,5,-90.300,272,47.800,49.95507,15.50614
52,49,21301.100,39.700,-71.400,5,-90.400,272,47.700,49.95505,15.50680
52,50,21308.700,39.640,-71.400,5,-90.400,272,47.600,49.95503,15.50746
52,51,21316.400,39.590,-71.500,5,-90.400,272,47.500,49.95500,15.50812
52,52,21324.300,39.540,-71.600,5,-90.400,272,47.400,49.95498,15.50879
52,53,21332.300,39.490,-71.600,5,-90.500,272,47.300,49.95496,15.50945
52,54,21340.200,39.430,-71.700,5,-90.500,272,47.200,49.95494,15.51012
52,55,21347.500,39.390,-71.800,5,-90.500,272,47.100,49.95493,15.51079
52,56,21354.400,39.340,-71.800,5,-90.500,272,47.000,49.95492,15.51145
52,57,21361.500,39.290,-71.900,5,-90.500,272,46.900,49.95491,15.51210
52,58,21369.100,39.240,-71.900,5,-90.600,272,46.800,49.95490,15.51273
52,59,21377.100,39.190,-72.000,5,-90.600,272,46.700,49.95488,15.51337
53,0,21385.000,39.140,-72.100,5,-90.600,271,46.600,49.95486,15.51400
53,1,21392.900,39.080,-72.100,5,-90.600,271,46.500,49.95483,15.51464
53,2,21400.700,39.030,-72.200,5,-90.700,271,46.400,49.95481,15.51527
53,3,21408.500,38.980,-72.300,5,-90.700,271,46.200,49.95479,15.51590
53,4,21416.500,38.930,-72.300,5,-90.700,271,46.100,49.95477,15.51654
53,5,21424.600,38.870,-72.400,5,-90.700,271,46.000,49.95475,15.51719
53,6,21432.800,38.820,-72.500,5,-90.800,271,45.900,49.95475,15.51786
53,7,21440.800,38.770,-72.500,6,-90.800,271,45.800,49.95475,15.51852
53,8,21448.700,38.710,-72.600,6,-90.800,270,45.700,49.95475,15.51918
53,9,21456.600,38.660,-72.700,6,-90.900,270,45.500,49.95476,15.51983
53,10,21464.500,38.610,-72.700,6,-90.900,270,45.400,49.95476,15.52047
53,11,21472.200,38.560,-72.800,6,-90.900,270,45.300,49.95476,15.52110
53,12,21479.600,38.510,-72.800,6,-91.000,270,45.200,49.95476,15.52171
53,13,21486.900,38.460,-72.900,6,-91.000,269,45.100,49.95476,15.52232
53,14,21494.500,38.410,-72.900,6,-91.000,269,44.900,49.95476,15.52292
53,15,21502.400,38.360,-72.900,6,-91.000,269,44.800,49.95476,15.52351
53,16,21510.700,38.310,-72.900,6,-91.000,269,44.700,49.95475,15.52412
53,17,21519.200,38.250,-73.000,6,-91.000,268,44.600,49.95476,15.52474
53,18,21527.600,38.200,-73.000,6,-91.000,268,44.500,49.95477,15.52537
53,19,21535.700,38.140,-73.000,6,-91.000,268,44.400,49.95478,15.52599
53,20,21543.400,38.090,-73.000,6,-91.000,268,44.300,49.95479,15.52661
53,21,21551.000,38.040,-73.000,6,-91.000,268,44.100,49.95481,15.52723
53,22,21558.600,37.990,-73.100,6,-91.100,268,44.000,49.95484,15.52785
53,23,21566.100,37.950,-73.100,6,-91.100,267,43.900,49.95488,15.52847
53,24,21573.300,37.900,-73.100,6,-91.000,267,43.800,49.95492,15.52909
53,25,21580.400,37.850,-73.100,6,-91.000,267,43.700,49.95496,15.52969
53,26,21587.900,37.800,-73.100,6,-91.000,267,43.600,49.95499,15.53028
53,27,21595.800,37.750,-73.000,6,-91.000,267,43.500,49.95502,15.53087
53,28,21604.100,37.700,-73.000,6,-91.000,267,43.400,49.95504,15.53145
53,29,21612.300,37.650,-73.000,6,-91.000,267,43.300,49.95506,15.53205
53,30,21620.000,37.600,-73.000,6,-91.000,267,43.300,49.95507,15.53266
53,31,21627.400,37.550,-73.100,6,-91.100,267,43.200,49.95509,15.53326
53,32,21634.700,37.500,-73.100,6,-91.100,267,43.100,49.95512,15.53386
53,33,21641.900,37.460,-73.100,6,-91.100,267,43.000,49.95515,15.53447
53,34,21649.100,37.410,-73.100,6,-91.100,267,43.000,49.95518,15.53507
53,35,21656.500,37.360,-73.200,6,-91.200,267,42.900,49.95522,15.53567
53,36,21663.900,37.320,-73.200,6,-91.200,267,42.900,49.95525,15.53627
53,37,21671.100,37.270,-73.300,6,-91.200,267,42.800,49.95528,15.53686
53,38,21678.500,37.220,-73.300,6,-91.300,267,42.800,49.95531,15.53744
53,39,21686.000,37.180,-73.300,6,-91.300,267,42.800,49.95534,15.53802
53,40,21693.500,37.130,-73.300,6,-91.300,267,42.700,49.95536,15.53859
53,41,21700.700,37.080,-73.300,6,-91.300,267,42.700,49.95538,15.53916
53,42,21707.800,37.040,-73.300,6,-91.300,267,42.700,49.95539,15.53974
53,43,21715.200,36.990,-73.300,6,-91.300,267,42.700,49.95540,15.54031
53,44,21723.000,36.940,-73.200,6,-91.300,267,42.700,49.95542,15.54089
53,45,21730.700,36.890,-73.200,6,-91.300,267,42.800,49.95544,15.54147
53,46,21738.300,36.850,-73.200,6,-91.200,267,42.800,49.95546,15.54206
53,47,21745.900,36.800,-73.200,6,-91.200,267,42.800,49.95548,15.54265
53,48,21753.400,36.750,-73.200,6,-91.300,267,42.900,49.95550,15.54324
53,49,21760.700,36.710,-73.200,6,-91.300,267,42.900,49.95551,15.54383
53,50,21767.800,36.660,-73.200,6,-91.300,267,43.000,49.95553,15.54442
53,51,21775.100,36.610,-73.300,6,-91.400,267,43.000,49.95556,15.54501
53,52,21782.600,36.570,-73.300,6,-91.400,267,43.100,49.95558,15.54560
53,53,21789.900,36.520,-73.300,6,-91.400,267,43.200,49.95561,15.54620
53,54,21797.100,36.480,-73.400,6,-91.500,267,43.200,49.95563,15.54679
53,55,21804.300,36.430,-73.400,6,-91.500,267,43.300,49.95565,15.54739
53,56,21811.800,36.390,-73.400,6,-91.500,267,43.400,49.95567,15.54799
53,57,21819.000,36.340,-73.400,6,-91.500,267,43.500,49.95569,15.54860
53,58,21826.100,36.300,-73.400,6,-91.500,267,43.600,49.95570,15.54921
53,59,21833.100,36.250,-73.400,6,-91.500,267,43.600,49.95571,15.54983
54,0,21840.100,36.210,-73.400,6,-91.500,268,43.700,49.95571,15.55045
54,1,21846.900,36.170,-73.400,5,-91.500,268,43.800,49.95571,15.55106
54,2,21853.800,36.130,-73.300,5,-91.500,268,43.900,49.95572,15.55168
54,3,21861.000,36.080,-73.300,5,-91.400,268,44.000,49.95574,15.55230
54,4,21868.800,36.030,-73.200,5,-91.400,268,44.100,49.95577,15.55291
54,5,21876.900,35.980,-73.200,5,-91.400,268,44.200,49.95580,15.55351
54,6,21884.700,35.940,-73.200,5,-91.400,268,44.300,49.95583,15.55412
54,7,21892.000,35.890,-73.200,5,-91.400,268,44.400,49.95585,15.55472
54,8,21899.300,35.850,-73.200,5,-91.400,268,44.500,49.95588,15.55533
54,9,21906.600,35.800,-73.200,5,-91.400,268,44.600,49.95590,15.55594
54,10,21914.000,35.760,-73.200,5,-91.400,268,44.700,49.95591,15.55656
54,11,21921.300,35.710,-73.200,5,-91.400,268,44.800,49.95592,15.55718
54,12,21928.500,35.670,-73.200,5,-91.500,268,44.900,49.95592,15.55780
54,13,21935.600,35.620,-73.300,5,-91.500,268,45.000,49.95592,15.55842
54,14,21942.700,35.580,-73.300,5,-91.500,268,45.100,49.95593,15.55905
54,15,21949.800,35.540,-73.300,5,-91.500,268,45.300,49.95594,15.55967
54,16,21956.800,35.500,-73.300,5,-91.500,268,45.400,49.95595,15.56029
54,17,21963.900,35.450,-73.300,5,-91.500,268,45.500,49.95595,15.56092
54,18,21971.000,35.410,-73.300,5,-91.500,268,45.600,49.95596,15.56155
54,19,21978.100,35.370,-73.300,5,-91.500,268,45.800,49.95596,15.56218
54,20,21985.200,35.320,-73.300,5,-91.500,268,45.900,49.95597,15.56282
54,21,21992.600,35.280,-73.300,5,-91.500,268,46.000,49.95598,15.56346
54,22,22000.200,35.230,-73.300,5,-91.500,268,46.200,49.95599,15.56411
54,23,22007.700,35.190,-73.300,5,-91.500,268,46.300,49.95601,15.56476
54,24,22014.700,35.150,-73.300,5,-91.500,268,46.400,49.95603,15.56541
54,25,22021.400,35.110,-73.300,5,-91.500,267,46.600,49.95605,15.56605
54,26,22027.800,35.070,-73.300,5,-91.600,267,46.700,49.95607,15.56669
54,27,22034.500,35.030,-73.300,5,-91.600,267,46.800,49.95609,15.56733
54,28,22041.500,34.990,-73.300,5,-91.600,267,46.900,49.95612,15.56797
54,29,22048.300,34.940,-73.400,5,-91.600,267,47.100,49.95614,15.56861
54,30,22055.000,34.900,-73.400,5,-91.600,267,47.200,49.95616,15.56927
54,31,22061.800,34.860,-73.400,5,-91.700,267,47.300,49.95619,15.56993
54,32,22068.800,34.820,-73.400,5,-91.700,267,47.400,49.95622,15.57060
54,33,22075.900,34.780,-73.400,5,-91.700,267,47.500,49.95625,15.57128
54,34,22082.900,34.740,-73.400,5,-91.700,267,47.500,49.95627,15.57197
54,35,22089.500,34.700,-73.400,5,-91.700,267,47.600,49.95630,15.57266
54,36,22096.100,34.660,-73.400,5,-91.700,267,47.700,49.95632,15.57335
54,37,22102.900,34.620,-73.400,5,-91.700,267,47.700,49.95634,15.57402
54,38,22109.700,34.580,-73.400,5,-91.700,267,47.800,49.95637,15.57469
54,39,22116.400,34.540,-73.400,5,-91.700,268,47.800,49.95639,15.57535
54,40,22123.200,34.500,-73.300,5,-91.700,268,47.900,49.95641,15.57601
54,41,22129.800,34.460,-73.300,5,-91.700,268,47.900,49.95644,15.57668
54,42,22136.300,34.420,-73.300,5,-91.700,268,47.900,49.95646,15.57734
54,43,22143.200,34.380,-73.200,5,-91.600,268,48.000,49.95649,15.57799
54,44,22150.400,34.340,-73.200,5,-91.600,268,48.000,49.95652,15.57865
54,45,22157.700,34.300,-73.100,5,-91.600,268,48.000,49.95654,15.57930
54,46,22164.900,34.250,-73.100,5,-91.600,268,48.000,49.95657,15.57997
54,47,22171.600,34.220,-73.100,5,-91.600,268,48.000,49.95658,15.58065
54,48,22177.900,34.180,-73.100,5,-91.600,269,48.100,49.95659,15.58132
54,49,22184.200,34.140,-73.100,5,-91.600,269,48.100,49.95659,15.58200
54,50,22190.800,34.100,-73.100,5,-91.600,269,48.100,49.95659,15.58267
54,51,22197.700,34.060,-73.100,5,-91.600,269,48.100,49.95658,15.58334
54,52,22204.600,34.020,-73.100,5,-91.600,269,48.100,49.95658,15.58400
54,53,22211.100,33.990,-73.100,5,-91.600,269,48.200,49.95657,15.58468
54,54,22217.300,33.950,-73.100,5,-91.600,269,48.200,49.95656,15.58534
54,55,22223.600,33.910,-73.100,5,-91.600,269,48.200,49.95656,15.58600
54,56,22229.800,33.880,-73.000,5,-91.600,270,48.300,49.95656,15.58664
54,57,22236.200,33.840,-73.000,5,-91.600,270,48.300,49.95656,15.58729
54,58,22242.600,33.800,-72.900,5,-91.500,270,48.400,49.95656,15.58795
54,59,22248.900,33.770,-72.900,5,-91.500,270,48.400,49.95655,15.58861
55,0,22255.300,33.730,-72.900,5,-91.500,270,48.500,49.95655,15.58927
55,1,22261.700,33.690,-72.900,5,-91.500,270,48.500,49.95654,15.58994
55,2,22268.100,33.660,-72.900,5,-91.500,270,48.600,49.95653,15.59061
55,3,22274.400,33.620,-72.900,5,-91.500,270,48.700,49.95651,15.59129
55,4,22280.600,33.580,-72.900,5,-91.600,270,48.800,49.95650,15.59197
55,5,22286.700,33.550,-72.900,5,-91.600,270,48.800,49.95650,15.59266
55,6,22292.800,33.520,-72.900,5,-91.600,269,48.900,49.95649,15.59335
55,7,22299.000,33.480,-73.000,5,-91.600,269,49.000,49.95649,15.59403
55,8,22305.500,33.440,-73.000,5,-91.700,269,49.100,49.95650,15.59471
55,9,22312.000,33.410,-73.000,5,-91.700,269,49.200,49.95650,15.59538
55,10,22318.600,33.370,-73.000,5,-91.700,269,49.300,49.95651,15.59606
55,11,22324.900,33.330,-73.000,5,-91.700,269,49.400,49.95652,15.59674
55,12,22331.000,33.300,-73.000,5,-91.700,269,49.500,49.95652,15.59742
55,13,22337.100,33.260,-73.000,5,-91.700,269,49.600,49.95653,15.59811
55,14,22343.100,33.230,-73.000,5,-91.700,269,49.700,49.95654,15.59881
55,15,22348.900,33.200,-73.000,5,-91.700,268,49.800,49.95655,15.59950
55,16,22354.600,33.160,-72.900,5,-91.700,268,49.900,49.95656,15.60021
55,17,22360.200,33.130,-72.900,5,-91.700,268,50.000,49.95658,15.60093
55,18,22366.100,33.100,-72.900,5,-91.700,268,50.100,49.95660,15.60164
55,19,22372.200,33.060,-72.800,5,-91.700,268,50.200,49.95662,15.60234
55,20,22378.100,33.030,-72.800,5,-91.700,268,50.200,49.95664,15.60303
55,21,22384.100,33.000,-72.800,5,-91.700,268,50.300,49.95666,15.60371
55,22,22390.200,32.960,-72.800,5,-91.700,268,50.400,49.95669,15.60440
55,23,22396.400,32.930,-72.800,5,-91.700,268,50.400,49.95672,15.60509
55,24,22402.700,32.890,-72.800,5,-91.700,268,50.500,49.95676,15.60578
55,25,22409.100,32.860,-72.800,5,-91.800,268,50.500,49.95679,15.60647
55,26,22415.400,32.820,-72.800,5,-91.800,268,50.500,49.95681,15.60716
55,27,22421.400,32.790,-72.800,5,-91.800,268,50.500,49.95684,15.60786
55,28,22427.300,32.750,-72.800,5,-91.900,268,50.500,49.95687,15.60857
55,29,22433.100,32.720,-72.800,5,-91.900,268,50.500,49.95691,15.60930
55,30,22438.900,32.690,-72.800,5,-91.900,268,50.500,49.95694,15.61003
55,31,22444.600,32.660,-72.800,5,-91.900,268,50.500,49.95697,15.61077
55,32,22450.400,32.630,-72.800,5,-91.900,268,50.500,49.95698,15.61150
55,33,22456.300,32.590,-72.800,5,-91.900,268,50.400,49.95700,15.61224
55,34,22462.200,32.560,-72.700,5,-91.800,268,50.400,49.95700,15.61297
55,35,22467.800,32.530,-72.600,5,-91.700,268,50.300,49.95701,15.61370
55,36,22473.300,32.500,-72.400,5,-91.600,268,50.300,49.95702,15.61441
55,37,22478.900,32.470,-72.300,5,-91.500,268,50.200,49.95704,15.61511
55,38,22485.000,32.430,-72.200,5,-91.400,268,50.100,49.95706,15.61578
55,39,22491.300,32.400,-72.000,5,-91.300,268,50.000,49.95708,15.61645
55,40,22497.700,32.360,-72.000,5,-91.300,268,49.900,49.95709,15.61711
55,41,22503.700,32.330,-71.900,5,-91.300,269,49.800,49.95709,15.61777
55,42,22509.300,32.300,-71.900,5,-91.300,269,49.700,49.95709,15.61845
55,43,22514.700,32.270,-72.000,5,-91.300,269,49.600,49.95709,15.61912
55,44,22520.100,32.240,-72.000,5,-91.300,269,49.500,49.95710,15.61981
55,45,22525.400,32.210,-72.000,5,-91.300,269,49.400,49.95710,15.62050
55,46,22530.700,32.180,-72.100,5,-91.400,269,49.300,49.95710,15.62120
55,47,22535.900,32.160,-72.100,5,-91.400,269,49.200,49.95710,15.62191
55,48,22540.900,32.130,-72.200,5,-91.400,269,49.100,49.95709,15.62260
55,49,22545.900,32.100,-72.200,5,-91.500,269,48.900,49.95708,15.62328
55,50,22551.200,32.070,-72.300,5,-91.500,269,48.800,49.95707,15.62394
55,51,22556.800,32.040,-72.400,5,-91.500,269,48.700,49.95707,15.62460
55,52,22562.500,32.010,-72.400,5,-91.600,269,48.600,49.95708,15.62527
55,53,22568.000,31.980,-72.500,5,-91.600,269,48.500,49.95710,15.62594
55,54,22573.200,31.950,-72.500,5,-91.600,269,48.400,49.95712,15.62661
55,55,22578.100,31.920,-72.600,5,-91.700,269,48.300,49.95714,15.62729
55,56,22582.900,31.900,-72.600,5,-91.700,269,48.300,49.95715,15.62796
55,57,22587.900,31.870,-72.600,5,-91.700,270,48.200,49.95716,15.62864
55,58,22593.200,31.840,-72.700,5,-91.700,270,48.100,49.95716,15.62932
55,59,22598.600,31.810,-72.700,5,-91.800,270,48.100,49.95716,15.63001
56,0,22604.200,31.780,-72.700,5,-91.800,270,48.000,49.95715,15.63069
56,1,22609.600,31.750,-72.800,5,-91.900,270,48.000,49.95714,15.63136
56,2,22614.600,31.730,-72.800,5,-91.900,270,48.000,49.95714,15.63202
56,3,22619.600,31.700,-72.900,5,-91.900,270,48.000,49.95714,15.63266
56,4,22624.600,31.670,-72.900,5,-92.000,270,48.000,49.95715,15.63330
56,5,22629.600,31.650,-72.900,5,-92.000,270,48.000,49.95717,15.63392
56,6,22634.600,31.620,-72.900,5,-92.000,270,48.000,49.95719,15.63456
56,7,22639.400,31.590,-72.900,5,-92.000,270,48.100,49.95721,15.63519
56,8,22644.000,31.570,-72.900,5,-92.000,270,48.100,49.95721,15.63583
56,9,22648.500,31.540,-72.800,5,-92.000,270,48.200,49.95720,15.63647
56,10,22653.100,31.520,-72.800,5,-92.000,270,48.300,49.95718,15.63712
56,11,22657.700,31.490,-72.700,5,-92.000,270,48.300,49.95716,15.63777
56,12,22662.500,31.470,-72.700,5,-92.000,270,48.400,49.95714,15.63843
56,13,22667.200,31.440,-72.600,5,-92.000,270,48.500,49.95713,15.63910
56,14,22671.800,31.420,-72.500,4,-92.000,270,48.600,49.95712,15.63976
56,15,22676.300,31.390,-72.500,4,-91.900,270,48.700,49.95711,15.64043
56,16,22680.800,31.370,-72.400,4,-91.900,270,48.800,49.95712,15.64111
56,17,22685.200,31.350,-72.300,4,-91.900,270,48.900,49.95713,15.64178
56,18,22689.500,31.320,-72.200,4,-91.800,270,49.000,49.95716,15.64247
56,19,22693.800,31.300,-72.100,4,-91.800,270,49.100,49.95719,15.64317
56,20,22698.100,31.280,-72.100,4,-91.800,270,49.200,49.95721,15.64388
56,21,22702.300,31.260,-72.000,4,-91.800,270,49.300,49.95722,15.64459
56,22,22706.500,31.230,-71.900,4,-91.800,270,49.400,49.95721,15.64532
56,23,22710.600,31.210,-71.900,4,-91.800,270,49.400,49.95719,15.64605
56,24,22714.800,31.190,-71.900,4,-91.800,270,49.500,49.95717,15.64678
56,25,22719.200,31.170,-71.800,4,-91.800,270,49.500,49.95715,15.64750
56,26,22723.600,31.140,-71.800,4,-91.800,270,49.500,49.95715,15.64822
56,27,22727.900,31.120,-71.700,4,-91.700,270,49.500,49.95714,15.64892
56,28,22732.400,31.100,-71.600,4,-91.700,270,49.500,49.95715,15.64961
56,29,22736.800,31.070,-71.600,4,-91.700,270,49.500,49.95716,15.65029
56,30,22741.300,31.050,-71.500,4,-91.600,270,49.500,49.95717,15.65096
56,31,22745.900,31.030,-71.400,4,-91.500,270,49.500,49.95719,15.65162
56,32,22750.700,31.000,-71.200,4,-91.500,270,49.400,49.95721,15.65229
56,33,22755.600,30.980,-71.100,4,-91.400,270,49.400,49.95723,15.65296
56,34,22760.400,30.950,-71.100,4,-91.300,270,49.300,49.95724,15.65363
56,35,22765.000,30.930,-71.000,4,-91.300,270,49.300,49.95724,15.65432
56,36,22769.300,30.900,-70.900,4,-91.300,270,49.200,49.95723,15.65502
56,37,22773.500,30.880,-70.900,4,-91.300,270,49.100,49.95721,15.65573
56,38,22777.800,30.860,-70.900,4,-91.300,270,49.100,49.95720,15.65644
56,39,22782.100,30.840,-71.000,4,-91.300,269,49.000,49.95719,15.65714
56,40,22786.500,30.810,-71.000,4,-91.300,269,48.900,49.95718,15.65784
56,41,22790.900,30.790,-71.000,4,-91.400,269,48.900,49.95717,15.65851
56,42,22795.200,30.770,-71.100,4,-91.400,269,48.800,49.95717,15.65917
56,43,22799.400,30.750,-71.200,4,-91.400,269,48.800,49.95717,15.65983
56,44,22803.500,30.730,-71.200,4,-91.500,269,48.800,49.95719,15.66048
56,45,22807.600,30.700,-71.300,4,-91.500,269,48.800,49.95721,15.66113
56,46,22811.800,30.680,-71.300,4,-91.600,269,48.800,49.95723,15.66178
56,47,22816.100,30.660,-71.400,4,-91.600,269,48.800,49.95725,15.66243
56,48,22820.300,30.640,-71.400,4,-91.600,269,48.800,49.95727,15.66309
56,49,22824.500,30.620,-71.500,4,-91.600,269,48.800,49.95727,15.66376
56,50,22828.600,30.600,-71.500,4,-91.700,269,48.900,49.95728,15.66444
56,51,22832.800,30.570,-71.500,4,-91.700,269,48.900,49.95728,15.66512
56,52,22837.400,30.550,-71.500,4,-91.700,269,49.000,49.95728,15.66581
56,53,22842.100,30.530,-71.600,4,-91.700,269,49.100,49.95727,15.66648
56,54,22846.800,30.500,-71.600,4,-91.700,269,49.200,49.95726,15.66715
56,55,22851.300,30.480,-71.600,4,-91.800,268,49.300,49.95725,15.66781
56,56,22855.700,30.460,-71.600,4,-91.800,268,49.400,49.95725,15.66848
56,57,22859.900,30.430,-71.600,4,-91.800,268,49.600,49.95727,15.66914
56,58,22864.100,30.410,-71.500,4,-91.800,268,49.700,49.95729,15.66980
56,59,22868.700,30.390,-71.500,4,-91.700,268,49.800,49.95733,15.67046
57,0,22873.400,30.360,-71.400,4,-91.700,268,49.900,49.95736,15.67113
57,1,22878.000,30.340,-71.300,4,-91.700,268,50.100,49.95739,15.67180
57,2,22882.500,30.320,-71.300,4,-91.600,268,50.200,49.95742,15.67250
57,3,22886.500,30.300,-71.200,4,-91.600,268,50.300,49.95745,15.67322
57,4,22890.200,30.280,-71.100,4,-91.500,267,50.400,49.95747,15.67395
57,5,22893.800,30.260,-71.000,4,-91.500,267,50.500,49.95749,15.67469
57,6,22897.600,30.240,-71.000,4,-91.500,267,50.600,49.95751,15.67544
57,7,22901.500,30.220,-70.900,4,-91.400,267,50.700,49.95751,15.67619
57,8,22905.500,30.200,-70.900,4,-91.400,267,50.800,49.95752,15.67694
57,9,22909.500,30.180,-70.900,4,-91.500,267,50.900,49.95753,15.67768
57,10,22913.500,30.160,-70.900,4,-91.500,267,50.900,49.95754,15.67841
57,11,22917.700,30.140,-70.900,4,-91.500,266,51.000,49.95756,15.67914
57,12,22922.000,30.120,-70.900,4,-91.500,266,51.000,49.95758,15.67986
57,13,22926.300,30.090,-70.900,4,-91.500,266,51.100,49.95761,15.68057
57,14,22930.600,30.070,-70.900,4,-91.600,266,51.100,49.95763,15.68128
57,15,22935.000,30.050,-70.900,4,-91.600,266,51.100,49.95767,15.68198
57,16,22939.600,30.030,-70.900,4,-91.600,266,51.100,49.95772,15.68267
57,17,22944.400,30.000,-70.900,4,-91.600,266,51.100,49.95778,15.68337
57,18,22949.300,29.980,-70.900,4,-91.600,266,51.100,49.95784,15.68406
57,19,22954.100,29.950,-70.800,4,-91.600,266,51.100,49.95789,15.68476
57,20,22958.800,29.930,-70.800,4,-91.600,265,51.100,49.95794,15.68547
57,21,22963.700,29.900,-70.700,4,-91.600,265,51.000,49.95799,15.68617
57,22,22968.700,29.880,-70.600,4,-91.500,265,51.000,49.95803,15.68688
57,23,22973.600,29.850,-70.600,4,-91.500,265,51.000,49.95807,15.68758
57,24,22978.400,29.830,-70.500,4,-91.500,265,51.000,49.95811,15.68828
57,25,22983.100,29.810,-70.400,4,-91.400,265,51.000,49.95815,15.68898
57,26,22987.700,29.780,-70.400,4,-91.400,265,51.000,49.95818,15.68968
57,27,22992.200,29.760,-70.300,4,-91.400,265,51.000,49.95821,15.69036
57,28,22996.600,29.740,-70.300,4,-91.300,265,51.000,49.95825,15.69105
57,29,23000.900,29.720,-70.300,4,-91.300,265,51.000,49.95829,15.69172
57,30,23005.300,29.700,-70.300,4,-91.300,265,51.000,49.95834,15.69241
57,31,23009.800,29.670,-70.200,4,-91.300,265,51.000,49.95838,15.69310
57,32,23014.500,29.650,-70.200,4,-91.300,265,51.000,49.95843,15.69380
57,33,23019.300,29.630,-70.200,4,-91.300,266,51.000,49.95848,15.69452
57,34,23024.300,29.600,-70.200,4,-91.300,266,51.000,49.95852,15.69524
57,35,23029.100,29.580,-70.200,4,-91.300,266,51.000,49.95857,15.69596
57,36,23033.900,29.550,-70.200,4,-91.300,266,51.000,49.95861,15.69668
57,37,23038.700,29.530,-70.200,4,-91.300,266,51.000,49.95865,15.69740
57,38,23043.500,29.510,-70.200,4,-91.300,266,51.000,49.95868,15.69812
57,39,23048.100,29.480,-70.200,4,-91.300,266,51.000,49.95870,15.69883
57,40,23052.700,29.460,-70.200,4,-91.300,266,51.000,49.95871,15.69955
57,41,23057.300,29.440,-70.200,4,-91.300,267,51.100,49.95873,15.70026
57,42,23062.000,29.410,-70.200,4,-91.300,267,51.100,49.95875,15.70097
57,43,23066.500,29.390,-70.200,4,-91.300,267,51.100,49.95877,15.70168
57,44,23071.100,29.370,-70.100,4,-91.300,267,51.100,49.95880,15.70239
57,45,23075.800,29.350,-70.100,4,-91.300,267,51.100,49.95883,15.70309
57,46,23080.700,29.320,-70.100,4,-91.300,267,51.100,49.95886,15.70379
57,47,23085.800,29.300,-70.000,4,-91.200,267,51.100,49.95888,15.70450
57,48,23091.200,29.270,-70.000,4,-91.200,268,51.100,49.95890,15.70521
57,49,23096.600,29.240,-70.000,4,-91.200,268,51.100,49.95892,15.70592
57,50,23102.000,29.220,-70.000,4,-91.200,268,51.100,49.95895,15.70662
57,51,23107.100,29.190,-70.000,4,-91.200,268,51.100,49.95896,15.70734
57,52,23112.100,29.170,-70.000,4,-91.200,268,51.100,49.95898,15.70805
57,53,23116.700,29.140,-70.100,4,-91.200,268,51.200,49.95898,15.70876
57,54,23121.600,29.120,-70.100,4,-91.200,269,51.200,49.95898,15.70947
57,55,23126.800,29.090,-70.100,4,-91.300,269,51.200,49.95898,15.71018
57,56,23132.300,29.070,-70.100,4,-91.300,269,51.200,49.95898,15.71088
57,57,23137.800,29.040,-70.100,4,-91.300,269,51.200,49.95899,15.71157
57,58,23143.100,29.010,-70.100,4,-91.300,269,51.300,49.95899,15.71227
57,59,23148.300,28.990,-70.100,4,-91.300,270,51.300,49.95899,15.71298
58,0,23153.600,28.960,-70.100,4,-91.300,270,51.400,49.95899,15.71368
58,1,23159.100,28.940,-70.100,4,-91.300,270,51.400,49.95899,15.71439
58,2,23164.800,28.910,-70.100,4,-91.300,270,51.500,49.95900,15.71510
58,3,23170.600,28.880,-70.100,4,-91.300,270,51.500,49.95900,15.71581
58,4,23176.400,28.850,-70.100,4,-91.300,270,51.600,49.95900,15.71653
58,5,23182.200,28.820,-70.200,4,-91.300,271,51.700,49.95900,15.71725
58,6,23187.700,28.800,-70.200,4,-91.300,271,51.700,49.95899,15.71798
58,7,23193.300,28.770,-70.200,4,-91.300,271,51.800,49.95899,15.71871
58,8,23198.800,28.740,-70.200,4,-91.400,271,51.900,49.95898,15.71944
58,9,23204.400,28.720,-70.300,4,-91.400,271,52.000,49.95898,15.72016
58,10,23209.900,28.690,-70.300,4,-91.400,272,52.100,49.95898,15.72087
58,11,23215.600,28.660,-70.300,4,-91.400,272,52.200,49.95897,15.72159
58,12,23221.200,28.640,-70.300,4,-91.500,272,52.300,49.95896,15.72231
58,13,23227.000,28.610,-70.300,4,-91.500,272,52.400,49.95894,15.72303
58,14,23233.000,28.580,-70.300,4,-91.500,272,52.500,49.95892,15.72375
58,15,23239.000,28.550,-70.300,4,-91.400,273,52.600,49.95890,15.72446
58,16,23244.900,28.520,-70.300,4,-91.400,273,52.700,49.95887,15.72518
58,17,23250.800,28.490,-70.300,4,-91.400,273,52.800,49.95884,15.72591
58,18,23256.700,28.470,-70.200,4,-91.400,273,52.900,49.95880,15.72664
58,19,23262.700,28.440,-70.200,4,-91.400,273,53.000,49.95876,15.72738
58,20,23268.900,28.410,-70.200,4,-91.400,273,53.100,49.95872,15.72812
58,21,23275.400,28.380,-70.200,4,-91.400,273,53.200,49.95868,15.72886
58,22,23281.900,28.340,-70.200,4,-91.400,273,53.400,49.95865,15.72960
58,23,23288.300,28.310,-70.200,4,-91.400,274,53.500,49.95861,15.73034
58,24,23294.600,28.280,-70.300,4,-91.400,274,53.600,49.95857,15.73109
58,25,23300.900,28.250,-70.300,4,-91.400,274,53.700,49.95853,15.73184
58,26,23307.200,28.220,-70.200,4,-91.400,274,53.700,49.95849,15.73260
58,27,23313.600,28.190,-70.200,4,-91.400,274,53.800,49.95845,15.73335
58,28,23319.900,28.160,-70.200,4,-91.400,274,53.900,49.95841,15.73411
58,29,23326.200,28.130,-70.100,4,-91.300,274,54.000,49.95837,15.73486
58,30,23332.300,28.110,-70.100,4,-91.300,274,54.100,49.95832,15.73562
58,31,23338.400,28.080,-70.100,4,-91.300,274,54.200,49.95828,15.73637
58,32,23344.600,28.050,-70.100,4,-91.200,274,54.300,49.95823,15.73714
58,33,23351.000,28.020,-70.100,4,-91.200,274,54.300,49.95819,15.73790
58,34,23357.600,27.990,-70.100,4,-91.200,274,54.400,49.95815,15.73867
58,35,23364.600,27.950,-70.100,4,-91.200,273,54.500,49.95813,15.73943
58,36,23371.700,27.920,-70.100,4,-91.200,273,54.500,49.95811,15.74017
58,37,23378.900,27.890,-70.100,4,-91.200,273,54.600,49.95810,15.74090
58,38,23385.700,27.850,-70.200,4,-91.200,273,54.600,49.95808,15.74162
58,39,23392.300,27.820,-70.200,4,-91.300,273,54.700,49.95807,15.74234
58,40,23398.800,27.790,-70.200,4,-91.300,273,54.700,49.95805,15.74308
58,41,23405.200,27.760,-70.200,4,-91.300,273,54.800,49.95802,15.74383
58,42,23411.900,27.730,-70.300,4,-91.300,273,54.800,49.95800,15.74461
58,43,23418.800,27.700,-70.300,4,-91.300,273,54.900,49.95796,15.74540
58,44,23425.800,27.670,-70.300,4,-91.300,273,54.900,49.95792,15.74620
58,45,23432.800,27.630,-70.400,4,-91.300,273,54.900,49.95788,15.74701
58,46,23440.200,27.600,-70.400,4,-91.300,273,54.900,49.95784,15.74781
58,47,23447.900,27.560,-70.500,4,-91.300,273,54.900,49.95783,15.74861
58,48,23455.400,27.530,-70.500,4,-91.400,273,55.000,49.95782,15.74938
58,49,23462.700,27.490,-70.600,4,-91.400,273,55.000,49.95783,15.75013
58,50,23469.800,27.460,-70.600,4,-91.400,273,55.000,49.95783,15.75085
58,51,23477.000,27.430,-70.700,4,-91.400,273,54.900,49.95784,15.75156
58,52,23484.500,27.390,-70.700,4,-91.400,273,54.900,49.95784,15.75228
58,53,23492.300,27.360,-70.800,4,-91.500,273,54.900,49.95784,15.75301
58,54,23500.300,27.320,-70.800,4,-91.500,272,54.900,49.95784,15.75376
58,55,23508.200,27.280,-70.800,4,-91.500,272,54.800,49.95782,15.75453
58,56,23515.900,27.250,-70.900,4,-91.500,272,54.800,49.95779,15.75532
58,57,23523.400,27.210,-70.900,4,-91.500,272,54.700,49.95773,15.75613
58,58,23531.000,27.180,-71.000,4,-91.500,272,54.700,49.95767,15.75694
58,59,23538.600,27.140,-71.000,4,-91.600,272,54.600,49.95761,15.75774
59,0,23546.200,27.110,-71.100,4,-91.600,272,54.500,49.95756,15.75854
59,1,23553.900,27.070,-71.100,4,-91.600,272,54.500,49.95752,15.75932
59,2,23561.500,27.040,-71.100,4,-91.600,272,54.400,49.95749,15.76009
59,3,23569.200,27.000,-71.200,4,-91.700,272,54.300,49.95746,15.76084
59,4,23576.900,26.970,-71.200,4,-91.700,272,54.200,49.95744,15.76157
59,5,23584.600,26.930,-71.200,4,-91.700,272,54.100,49.95743,15.76229
59,6,23592.000,26.900,-71.200,4,-91.700,272,54.000,49.95743,15.76301
59,7,23599.200,26.870,-71.300,4,-91.700,272,54.000,49.95744,15.76373
59,8,23606.200,26.840,-71.300,4,-91.700,272,53.900,49.95744,15.76446
59,9,23613.400,26.800,-71.300,4,-91.700,272,53.800,49.95744,15.76519
59,10,23620.900,26.770,-71.300,4,-91.700,272,53.700,49.95744,15.76593
59,11,23628.500,26.730,-71.300,4,-91.700,272,53.700,49.95742,15.76667
59,12,23636.400,26.700,-71.300,4,-91.700,272,53.600,49.95740,15.76741
59,13,23644.500,26.660,-71.300,4,-91.700,272,53.500,49.95738,15.76817
59,14,23652.800,26.630,-71.300,4,-91.800,272,53.500,49.95737,15.76892
59,15,23661.000,26.590,-71.300,4,-91.800,272,53.500,49.95736,15.76967
59,16,23668.900,26.550,-71.300,4,-91.800,272,53.400,49.95735,15.77041
59,17,23676.500,26.520,-71.300,4,-91.800,271,53.400,49.95734,15.77114
59,18,23683.900,26.490,-71.300,4,-91.800,271,53.400,49.95733,15.77186
59,19,23691.600,26.450,-71.400,4,-91.900,271,53.400,49.95732,15.77259
59,20,23699.600,26.420,-71.400,4,-91.900,271,53.400,49.95733,15.77332
59,21,23708.000,26.380,-71.400,4,-91.900,271,53.400,49.95733,15.77404
59,22,23716.500,26.340,-71.500,4,-92.000,271,53.500,49.95733,15.77476
59,23,23724.800,26.300,-71.500,4,-92.000,271,53.500,49.95732,15.77548
59,24,23732.700,26.270,-71.500,4,-92.000,271,53.600,49.95730,15.77620
59,25,23740.500,26.230,-71.400,4,-92.000,271,53.600,49.95727,15.77694
59,26,23748.100,26.200,-71.400,4,-91.900,271,53.700,49.95725,15.77768
59,27,23755.800,26.160,-71.300,4,-91.900,271,53.800,49.95724,15.77844
59,28,23763.800,26.130,-71.300,4,-91.900,271,53.800,49.95723,15.77919
59,29,23772.000,26.090,-71.300,4,-91.800,271,53.900,49.95723,15.77993
59,30,23780.300,26.060,-71.300,4,-91.800,271,54.000,49.95723,15.78068
59,31,23788.500,26.020,-71.300,4,-91.900,271,54.100,49.95722,15.78142
59,32,23796.700,25.980,-71.300,4,-91.900,271,54.200,49.95722,15.78218
59,33,23804.900,25.950,-71.300,4,-91.900,271,54.200,49.95721,15.78294
59,34,23813.000,25.910,-71.400,4,-91.900,271,54.300,49.95720,15.78371
59,35,23821.100,25.880,-71.400,4,-91.900,270,54.400,49.95718,15.78447
59,36,23829.100,25.840,-71.400,4,-91.900,270,54.500,49.95715,15.78523
59,37,23836.900,25.810,-71.400,4,-92.000,270,54.600,49.95712,15.78599
59,38,23844.800,25.770,-71.400,4,-92.000,270,54.700,49.95709,15.78676
59,39,23852.700,25.740,-71.500,4,-92.000,270,54.800,49.95707,15.78754
59,40,23860.600,25.700,-71.500,4,-92.000,270,54.800,49.95707,15.78832
59,41,23868.700,25.670,-71.500,4,-92.000,270,54.900,49.95708,15.78909
59,42,23876.600,25.640,-71.600,4,-92.000,270,55.000,49.95710,15.78985
59,43,23884.400,25.600,-71.600,4,-92.100,269,55.000,49.95713,15.79060
59,44,23892.200,25.570,-71.600,4,-92.100,269,55.100,49.95715,15.79135
59,45,23900.300,25.530,-71.700,4,-92.100,269,55.100,49.95718,15.79210
59,46,23908.800,25.500,-71.700,4,-92.100,269,55.200,49.95721,15.79285
59,47,23917.700,25.460,-71.700,4,-92.100,269,55.200,49.95724,15.79361
59,48,23926.400,25.420,-71.800,4,-92.100,268,55.300,49.95725,15.79437
59,49,23934.600,25.380,-71.800,4,-92.200,268,55.300,49.95726,15.79514
59,50,23942.300,25.350,-71.800,4,-92.200,268,55.300,49.95726,15.79592
59,51,23949.800,25.320,-71.900,4,-92.200,268,55.300,49.95726,15.79670
59,52,23957.200,25.290,-71.900,4,-92.200,268,55.400,49.95726,15.79750
59,53,23964.600,25.260,-71.900,4,-92.200,267,55.400,49.95726,15.79830
59,54,23972.300,25.220,-71.900,4,-92.200,267,55.400,49.95727,15.79909
59,55,23980.100,25.190,-72.000,4,-92.200,267,55.400,49.95729,15.79987
59,56,23988.000,25.160,-72.000,4,-92.300,267,55.400,49.95732,15.80064
59,57,23996.000,25.120,-72.000,4,-92.300,267,55.500,49.95735,15.80140
59,58,24004.000,25.090,-72.100,4,-92.300,266,55.500,49.95739,15.80217
59,59,24012.000,25.050,-72.100,4,-92.300,266,55.500,49.95743,15.80293
60,0,24019.800,25.020,-72.100,4,-92.300,266,55.500,49.95748,15.80369
60,1,24027.400,24.990,-72.100,4,-92.300,266,55.500,49.95751,15.80444
60,2,24034.900,24.960,-72.200,4,-92.400,265,55.600,49.95755,15.80519
60,3,24042.600,24.920,-72.100,4,-92.300,265,55.600,49.95758,15.80595
60,4,24050.300,24.890,-72.100,4,-92.300,265,55.600,49.95761,15.80673
60,5,24057.700,24.860,-72.100,4,-92.300,265,55.700,49.95765,15.80751
60,6,24065.300,24.830,-72.100,4,-92.300,265,55.700,49.95769,15.80829
60,7,24073.200,24.790,-72.100,4,-92.300,264,55.700,49.95775,15.80906
60,8,24081.100,24.760,-72.100,4,-92.300,264,55.800,49.95781,15.80982
60,9,24088.700,24.730,-72.100,4,-92.300,264,55.800,49.95787,15.81057
60,10,24096.100,24.700,-72.100,4,-92.300,264,55.900,49.95794,15.81133
60,11,24103.500,24.670,-72.200,4,-92.300,264,56.000,49.95801,15.81208
60,12,24111.000,24.640,-72.200,4,-92.400,264,56.000,49.95808,15.81284
60,13,24118.400,24.600,-72.200,4,-92.400,264,56.100,49.95815,15.81360
60,14,24125.900,24.570,-72.200,4,-92.400,263,56.200,49.95822,15.81436
60,15,24133.300,24.540,-72.200,4,-92.400,263,56.200,49.95829,15.81512
60,16,24140.600,24.510,-72.200,4,-92.400,263,56.300,49.95837,15.81590
60,17,24147.600,24.480,-72.200,4,-92.400,263,56.400,49.95844,15.81668
60,18,24154.300,24.450,-72.200,4,-92.400,263,56.500,49.95850,15.81748
60,19,24161.000,24.430,-72.200,4,-92.400,263,56.600,49.95857,15.81828
60,20,24167.900,24.400,-72.300,4,-92.400,263,56.600,49.95864,15.81907
60,21,24174.900,24.370,-72.300,4,-92.500,263,56.700,49.95872,15.81984
60,22,24181.700,24.340,-72.300,4,-92.500,263,56.800,49.95878,15.82061
60,23,24188.400,24.310,-72.300,4,-92.500,263,56.900,49.95884,15.82138
60,24,24194.800,24.290,-72.400,4,-92.600,263,57.000,49.95889,15.82216
60,25,24201.200,24.260,-72.400,4,-92.600,263,57.000,49.95894,15.82295
60,26,24207.500,24.230,-72.500,4,-92.700,264,57.100,49.95899,15.82376
60,27,24214.100,24.210,-72.500,4,-92.700,264,57.200,49.95905,15.82457
60,28,24220.900,24.180,-72.500,4,-92.800,264,57.300,49.95910,15.82537
60,29,24227.900,24.150,-72.600,4,-92.800,264,57.300,49.95916,15.82616
60,30,24234.900,24.120,-72.600,4,-92.800,264,57.400,49.95922,15.82695
60,31,24242.000,24.090,-72.600,4,-92.900,264,57.500,49.95928,15.82773
60,32,24248.900,24.060,-72.600,4,-92.900,264,57.500,49.95934,15.82852
60,33,24255.500,24.040,-72.500,4,-92.900,264,57.600,49.95940,15.82931
60,34,24261.900,24.010,-72.500,4,-92.900,264,57.600,49.95944,15.83010
60,35,24268.400,23.980,-72.500,4,-92.900,264,57.600,49.95949,15.83089
60,36,24275.000,23.960,-72.500,4,-92.900,264,57.700,49.95953,15.83168
60,37,24281.600,23.930,-72.400,4,-92.900,264,57.700,49.95956,15.83247
60,38,24288.200,23.900,-72.400,4,-92.900,264,57.700,49.95959,15.83327
60,39,24294.700,23.880,-72.400,4,-92.900,264,57.800,49.95962,15.83408
60,40,24301.100,23.850,-72.300,4,-92.900,264,57.800,49.95965,15.83491
60,41,24307.500,23.820,-72.300,4,-92.900,264,57.800,49.95968,15.83574
60,42,24313.900,23.800,-72.200,4,-92.900,264,57.800,49.95973,15.83657
60,43,24320.400,23.770,-72.100,4,-92.900,264,57.800,49.95979,15.83739
60,44,24326.900,23.750,-72.100,4,-92.800,263,57.800,49.95985,15.83821
60,45,24333.400,23.720,-72.000,4,-92.800,263,57.800,49.95993,15.83902
60,46,24339.800,23.690,-71.900,4,-92.700,263,57.800,49.96000,15.83981
60,47,24346.000,23.670,-71.800,4,-92.700,263,57.800,49.96008,15.84060
60,48,24352.000,23.650,-71.700,4,-92.700,263,57.800,49.96016,15.84137
60,49,24357.800,23.620,-71.700,4,-92.700,263,57.800,49.96024,15.84213
60,50,24363.600,23.600,-71.700,3,-92.700,263,57.800,49.96030,15.84289
60,51,24369.200,23.580,-71.600,3,-92.700,263,57.700,49.96036,15.84366
60,52,24374.600,23.550,-71.600,3,-92.700,263,57.700,49.96041,15.84445
60,53,24380.100,23.530,-71.600,3,-92.700,263,57.700,49.96046,15.84525
60,54,24385.500,23.510,-71.600,3,-92.700,263,57.700,49.96052,15.84605
60,55,24391.000,23.490,-71.700,3,-92.700,263,57.700,49.96058,15.84686
60,56,24396.400,23.470,-71.700,3,-92.800,263,57.600,49.96066,15.84768
60,57,24401.900,23.450,-71.700,3,-92.800,263,57.600,49.96074,15.84850
60,58,24407.700,23.420,-71.700,3,-92.800,263,57.600,49.96083,15.84933
60,59,24413.600,23.400,-71.700,3,-92.800,263,57.600,49.96093,15.85015
61,0,24419.600,23.380,-71.700,3,-92.900,263,57.500,49.96102,15.85096
61,1,24425.400,23.350,-71.700,3,-92.900,263,57.500,49.96110,15.85175
61,2,24430.700,23.330,-71.800,3,-92.900,263,57.500,49.96119,15.85251
61,3,24435.700,23.310,-71.800,3,-92.900,263,57.500,49.96126,15.85325
61,4,24440.500,23.290,-71.800,3,-93.000,263,57.500,49.96133,15.85399
61,5,24445.400,23.270,-71.800,3,-93.000,263,57.500,49.96139,15.85474
61,6,24450.300,23.250,-71.800,3,-93.000,264,57.500,49.96144,15.85551
61,7,24455.100,23.240,-71.800,3,-93.000,264,57.500,49.96149,15.85629
61,8,24460.100,23.220,-71.700,3,-92.900,264,57.500,49.96153,15.85708
61,9,24465.200,23.200,-71.700,3,-92.900,264,57.500,49.96158,15.85788
61,10,24470.400,23.180,-71.600,3,-92.900,264,57.600,49.96163,15.85868
61,11,24475.700,23.150,-71.500,3,-92.800,264,57.600,49.96168,15.85950
61,12,24480.900,23.130,-71.500,3,-92.800,264,57.600,49.96172,15.86033
61,13,24486.100,23.110,-71.400,3,-92.700,264,57.700,49.96176,15.86116
61,14,24491.200,23.090,-71.300,3,-92.700,264,57.800,49.96180,15.86198
61,15,24496.200,23.070,-71.300,3,-92.700,264,57.800,49.96184,15.86278
61,16,24501.000,23.060,-71.300,3,-92.700,265,57.900,49.96188,15.86357
61,17,24505.800,23.040,-71.300,3,-92.700,265,58.000,49.96193,15.86434
61,18,24510.500,23.020,-71.300,3,-92.700,265,58.100,49.96197,15.86511
61,19,24515.200,23.000,-71.300,3,-92.700,265,58.200,49.96201,15.86588
61,20,24519.800,22.980,-71.300,3,-92.700,265,58.300,49.96204,15.86667
61,21,24524.400,22.960,-71.300,3,-92.700,265,58.400,49.96207,15.86746
61,22,24529.100,22.950,-71.300,3,-92.800,265,58.500,49.96209,15.86825
61,23,24533.900,22.930,-71.300,3,-92.800,265,58.600,49.96211,15.86904
61,24,24538.600,22.910,-71.300,3,-92.800,265,58.700,49.96214,15.86984
61,25,24543.100,22.890,-71.200,3,-92.700,265,58.900,49.96218,15.87066
61,26,24547.300,22.880,-71.200,3,-92.700,265,59.000,49.96223,15.87149
61,27,24551.200,22.860,-71.100,3,-92.700,265,59.100,49.96229,15.87233
61,28,24555.200,22.850,-71.100,3,-92.700,265,59.300,49.96237,15.87317
61,29,24559.400,22.830,-71.000,3,-92.700,265,59.400,49.96245,15.87400
61,30,24563.500,22.810,-71.000,3,-92.600,265,59.500,49.96253,15.87483
61,31,24567.600,22.800,-70.900,3,-92.600,265,59.700,49.96261,15.87564
61,32,24571.400,22.780,-70.900,3,-92.600,265,59.800,49.96269,15.87646
61,33,24575.000,22.770,-70.900,3,-92.600,264,59.900,49.96275,15.87729
61,34,24578.400,22.760,-70.900,3,-92.600,264,60.100,49.96281,15.87813
61,35,24581.900,22.740,-70.900,3,-92.600,264,60.200,49.96286,15.87897
61,36,24585.700,22.730,-70.900,3,-92.600,264,60.300,49.96290,15.87980
61,37,24589.800,22.710,-70.800,3,-92.700,264,60.500,49.96293,15.88063
61,38,24594.000,22.700,-70.800,3,-92.700,264,60.600,49.96297,15.88146
61,39,24598.200,22.680,-70.800,3,-92.700,265,60.700,49.96300,15.88229
61,40,24602.200,22.660,-70.800,3,-92.700,265,60.800,49.96305,15.88314
61,41,24606.000,22.650,-70.800,3,-92.700,265,60.900,49.96310,15.88400
61,42,24609.700,22.640,-70.800,3,-92.700,265,61.100,49.96315,15.88486
61,43,24613.200,22.620,-70.800,3,-92.800,265,61.200,49.96322,15.88571
61,44,24616.700,22.610,-70.800,3,-92.800,265,61.300,49.96328,15.88656
61,45,24620.200,22.600,-70.800,3,-92.800,265,61.400,49.96336,15.88739
61,46,24624.100,22.580,-70.800,3,-92.800,265,61.500,49.96343,15.88823
61,47,24627.900,22.570,-70.700,3,-92.800,265,61.600,49.96349,15.88907
61,48,24631.400,22.550,-70.700,3,-92.800,265,61.700,49.96353,15.88992
61,49,24634.700,22.540,-70.700,3,-92.800,265,61.800,49.96357,15.89078
61,50,24637.900,22.530,-70.600,3,-92.900,265,61.800,49.96360,15.89164
61,51,24641.100,22.520,-70.600,3,-92.900,265,61.900,49.96363,15.89249
61,52,24644.300,22.500,-70.500,3,-92.900,265,62.000,49.96366,15.89334
61,53,24647.500,22.490,-70.500,3,-92.800,265,62.100,49.96370,15.89421
61,54,24650.400,22.480,-70.400,3,-92.800,265,62.200,49.96374,15.89508
61,55,24653.000,22.470,-70.300,3,-92.800,265,62.200,49.96378,15.89597
61,56,24655.700,22.460,-70.200,3,-92.800,265,62.300,49.96383,15.89685
61,57,24658.600,22.450,-70.200,3,-92.800,265,62.300,49.96388,15.89773
61,58,24661.800,22.440,-70.100,3,-92.800,264,62.400,49.96393,15.89859
61,59,24665.100,22.430,-70.000,3,-92.800,264,62.500,49.96398,15.89945
62,0,24668.400,22.410,-69.900,3,-92.800,264,62.500,49.96403,15.90030
62,1,24671.800,22.400,-69.800,3,-92.700,264,62.600,49.96407,15.90116
62,2,24675.300,22.390,-69.800,3,-92.700,264,62.600,49.96411,15.90202
62,3,24678.700,22.370,-69.700,3,-92.700,264,62.600,49.96416,15.90289
62,4,24682.000,22.360,-69.600,3,-92.700,264,62.700,49.96422,15.90374
62,5,24685.100,22.350,-69.500,3,-92.700,264,62.700,49.96428,15.90460
62,6,24688.000,22.340,-69.500,3,-92.700,264,62.700,49.96435,15.90546
62,7,24691.000,22.330,-69.400,3,-92.700,264,62.800,49.96443,15.90634
62,8,24694.200,22.320,-69.300,3,-92.600,264,62.800,49.96452,15.90722
62,9,24697.500,22.300,-69.200,2,-92.600,264,62.800,49.96460,15.90812
62,10,24700.800,22.290,-69.100,2,-92.500,264,62.900,49.96468,15.90901
62,11,24704.000,22.280,-69.000,2,-92.500,264,62.900,49.96476,15.90989
62,12,24706.900,22.270,-68.800,2,-92.400,264,62.900,49.96482,15.91075
62,13,24709.700,22.260,-68.700,2,-92.400,264,62.900,49.96488,15.91159
62,14,24712.300,22.250,-68.600,2,-92.300,264,62.900,49.96493,15.91244
62,15,24715.200,22.240,-68.500,2,-92.300,264,63.000,49.96499,15.91329
62,16,24718.200,22.230,-68.500,2,-92.200,264,63.000,49.96504,15.91414
62,17,24721.200,22.220,-68.400,2,-92.200,264,63.000,49.96510,15.91501
62,18,24724.300,22.200,-68.400,2,-92.200,264,63.000,49.96515,15.91589
62,19,24727.100,22.190,-68.300,2,-92.200,264,63.100,49.96521,15.91676
62,20,24729.700,22.180,-68.300,2,-92.100,264,63.100,49.96527,15.91763
62,21,24732.100,22.180,-68.300,2,-92.100,264,63.100,49.96532,15.91851
62,22,24734.300,22.170,-68.300,2,-92.100,264,63.100,49.96537,15.91940
62,23,24736.500,22.160,-68.300,2,-92.100,265,63.200,49.96542,15.92029
62,24,24738.900,22.150,-68.300,2,-92.100,265,63.200,49.96546,15.92118
62,25,24741.800,22.140,-68.300,2,-92.100,265,63.200,49.96550,15.92206
62,26,24744.800,22.130,-68.200,2,-92.100,265,63.300,49.96554,15.92293
62,27,24747.700,22.120,-68.200,2,-92.100,265,63.300,49.96557,15.92380
62,28,24750.300,22.110,-68.200,2,-92.000,265,63.400,49.96561,15.92465
62,29,24752.800,22.100,-68.200,2,-92.000,265,63.400,49.96566,15.92551
62,30,24755.200,22.090,-68.100,2,-92.000,265,63.500,49.96573,15.92637
62,31,24757.800,22.080,-68.100,2,-91.900,265,63.500,49.96580,15.92723
62,32,24760.700,22.070,-68.100,2,-91.900,265,63.600,49.96587,15.92810
62,33,24763.900,22.060,-68.100,2,-91.900,265,63.600,49.96593,15.92897
62,34,24767.100,22.050,-68.100,2,-91.800,265,63.700,49.96599,15.92985
62,35,24770.300,22.030,-68.000,2,-91.800,265,63.800,49.96603,15.93075
62,36,24773.500,22.020,-68.000,2,-91.800,265,63.800,49.96607,15.93165
62,37,24776.800,22.010,-68.000,2,-91.800,265,63.900,49.96611,15.93255
62,38,24779.900,22.000,-68.000,2,-91.700,265,63.900,49.96614,15.93346
62,39,24782.900,21.990,-68.000,2,-91.700,265,64.000,49.96617,15.93435
62,40,24785.800,21.980,-68.000,2,-91.700,265,64.000,49.96620,15.93524
62,41,24788.900,21.970,-68.000,2,-91.700,265,64.100,49.96624,15.93611
62,42,24792.200,21.950,-68.000,2,-91.700,265,64.100,49.96629,15.93698
62,43,24795.400,21.940,-68.000,2,-91.700,266,64.200,49.96635,15.93785
62,44,24798.500,21.930,-68.000,2,-91.700,266,64.200,49.96641,15.93873
62,45,24801.600,21.920,-68.000,3,-91.700,266,64.300,49.96648,15.93961
62,46,24804.800,21.910,-68.100,3,-91.700,266,64.300,49.96653,15.94050
62,47,24808.000,21.900,-68.100,3,-91.700,266,64.400,49.96658,15.94140
62,48,24811.200,21.890,-68.100,3,-91.700,266,64.400,49.96662,15.94230
62,49,24814.500,21.870,-68.100,3,-91.700,266,64.400,49.96665,15.94321
62,50,24817.900,21.860,-68.100,3,-91.700,266,64.400,49.96669,15.94412
62,51,24821.500,21.850,-68.100,3,-91.800,266,64.400,49.96673,15.94503
62,52,24825.000,21.830,-68.200,3,-91.800,266,64.400,49.96676,15.94594
62,53,24828.200,21.820,-68.100,3,-91.800,266,64.400,49.96680,15.94685
62,54,24831.200,21.810,-68.100,2,-91.800,266,64.400,49.96683,15.94774
62,55,24834.200,21.800,-68.100,2,-91.800,266,64.400,49.96686,15.94863
62,56,24837.500,21.790,-68.100,2,-91.700,266,64.300,49.96690,15.94953
62,57,24841.200,21.780,-68.100,2,-91.700,266,64.300,49.96694,15.95043
62,58,24845.200,21.760,-68.000,2,-91.700,266,64.300,49.96698,15.95133
62,59,24849.300,21.750,-68.000,2,-91.700,266,64.200,49.96703,15.95224
63,0,24853.300,21.730,-67.900,2,-91.600,266,64.200,49.96708,15.95313
63,1,24857.200,21.720,-67.900,2,-91.600,266,64.100,49.96713,15.95402
63,2,24861.000,21.700,-67.800,2,-91.600,266,64.100,49.96717,15.95490
63,3,24865.000,21.690,-67.800,2,-91.600,266,64.000,49.96721,15.95578
63,4,24869.200,21.670,-67.700,2,-91.500,266,64.000,49.96723,15.95666
63,5,24873.300,21.660,-67.700,2,-91.500,266,63.900,49.96725,15.95754
63,6,24877.200,21.650,-67.700,2,-91.500,266,63.900,49.96726,15.95842
63,7,24881.000,21.630,-67.700,2,-91.500,266,63.900,49.96727,15.95929
63,8,24884.700,21.620,-67.700,2,-91.500,267,63.800,49.96729,15.96016
63,9,24888.600,21.600,-67.700,2,-91.500,267,63.800,49.96731,15.96103
63,10,24892.700,21.590,-67.700,2,-91.500,267,63.700,49.96736,15.96191
63,11,24896.700,21.580,-67.700,2,-91.600,267,63.700,49.96742,15.96280
63,12,24900.700,21.560,-67.700,2,-91.600,267,63.700,49.96748,15.96370
63,13,24904.900,21.550,-67.700,2,-91.600,267,63.700,49.96755,15.96460
63,14,24909.400,21.530,-67.700,2,-91.600,267,63.600,49.96761,15.96548
63,15,24913.800,21.510,-67.800,2,-91.600,267,63.600,49.96766,15.96636
63,16,24918.300,21.500,-67.800,2,-91.600,267,63.600,49.96769,15.96722
63,17,24922.800,21.480,-67.800,2,-91.700,267,63.600,49.96770,15.96808
63,18,24927.400,21.470,-67.900,2,-91.700,267,63.600,49.96770,15.96894
63,19,24932.200,21.450,-67.900,2,-91.700,267,63.600,49.96770,15.96981
63,20,24937.300,21.430,-67.900,2,-91.700,267,63.600,49.96770,15.97068
63,21,24942.400,21.410,-68.000,2,-91.800,267,63.600,49.96769,15.97155
63,22,24947.600,21.390,-68.000,2,-91.800,267,63.600,49.96769,15.97242
63,23,24952.800,21.380,-68.000,2,-91.800,267,63.600,49.96771,15.97331
63,24,24957.900,21.360,-68.000,2,-91.800,267,63.600,49.96774,15.97420
63,25,24962.700,21.340,-67.900,2,-91.800,267,63.600,49.96779,15.97510
63,26,24967.200,21.320,-67.900,2,-91.700,267,63.700,49.96785,15.97601
63,27,24971.500,21.310,-67.900,2,-91.700,267,63.700,49.96791,15.97691
63,28,24976.000,21.290,-67.800,2,-91.700,267,63.700,49.96797,15.97780
63,29,24980.800,21.280,-67.800,2,-91.700,267,63.700,49.96802,15.97867
63,30,24986.100,21.260,-67.700,2,-91.600,267,63.700,49.96807,15.97955
63,31,24991.700,21.240,-67.700,2,-91.600,267,63.700,49.96810,15.98042
63,32,24997.400,21.220,-67.700,2,-91.600,267,63.700,49.96813,15.98131
63,33,25003.100,21.200,-67.700,2,-91.600,267,63.700,49.96815,15.98219
63,34,25008.800,21.180,-67.700,2,-91.600,267,63.800,49.96816,15.98309
63,35,25014.500,21.160,-67.700,2,-91.600,267,63.800,49.96816,15.98398
63,36,25020.400,21.140,-67.700,2,-91.600,267,63.800,49.96817,15.98488
63,37,25026.400,21.120,-67.700,2,-91.600,267,63.800,49.96819,15.98579
63,38,25032.400,21.090,-67.700,2,-91.600,267,63.800,49.96822,15.98669
63,39,25038.200,21.070,-67.700,2,-91.600,267,63.800,49.96826,15.98758
63,40,25043.900,21.050,-67.700,2,-91.600,267,63.800,49.96830,15.98845
63,41,25049.400,21.030,-67.700,2,-91.600,267,63.900,49.96834,15.98930
63,42,25054.700,21.020,-67.700,2,-91.600,267,63.900,49.96837,15.99014
63,43,25060.200,21.000,-67.700,2,-91.600,267,63.900,49.96840,15.99098
63,44,25065.700,20.980,-67.700,2,-91.600,267,63.900,49.96843,15.99184
63,45,25071.200,20.960,-67.700,2,-91.600,267,64.000,49.96845,15.99271
63,46,25076.700,20.940,-67.700,2,-91.600,267,64.000,49.96847,15.99360
63,47,25082.500,20.920,-67.700,2,-91.600,267,64.000,49.96848,15.99450
63,48,25088.500,20.900,-67.700,2,-91.600,268,64.000,49.96850,15.99540
63,49,25094.500,20.880,-67.800,2,-91.600,268,64.100,49.96851,15.99631
63,50,25100.600,20.860,-67.800,2,-91.600,268,64.100,49.96853,15.99722
63,51,25106.600,20.840,-67.800,2,-91.600,268,64.100,49.96855,15.99814
63,52,25112.600,20.810,-67.800,2,-91.700,268,64.200,49.96857,15.99906
63,53,25118.800,20.790,-67.800,2,-91.700,268,64.200,49.96860,15.99996
63,54,25124.800,20.770,-67.900,2,-91.700,268,64.200,49.96862,16.00084
63,55,25130.900,20.750,-67.900,2,-91.700,268,64.200,49.96865,16.00172
63,56,25137.000,20.730,-67.900,2,-91.700,268,64.200,49.96868,16.00259
63,57,25143.400,20.710,-68.000,2,-91.800,268,64.300,49.96870,16.00348
63,58,25149.800,20.690,-68.000,2,-91.800,268,64.300,49.96873,16.00436
63,59,25156.200,20.660,-68.000,2,-91.800,268,64.300,49.96875,16.00526
64,0,25162.500,20.640,-68.000,2,-91.800,268,64.200,49.96878,16.00615
64,1,25168.500,20.620,-68.000,2,-91.800,268,64.200,49.96880,16.00704
64,2,25174.400,20.600,-68.000,2,-91.800,268,64.200,49.96883,16.00793
64,3,25180.500,20.580,-68.000,2,-91.800,267,64.200,49.96885,16.00883
64,4,25186.900,20.560,-68.000,2,-91.900,267,64.100,49.96887,16.00974
64,5,25193.500,20.540,-68.000,2,-91.900,267,64.100,49.96890,16.01065
64,6,25200.200,20.510,-68.000,2,-91.900,267,64.000,49.96892,16.01157
64,7,25207.100,20.490,-68.000,2,-91.900,267,63.900,49.96894,16.01248
64,8,25214.300,20.470,-68.000,2,-92.000,267,63.900,49.96896,16.01337
64,9,25221.400,20.440,-68.100,2,-92.000,267,63.800,49.96898,16.01425
64,10,25228.500,20.420,-68.100,2,-92.100,267,63.700,49.96900,16.01512
64,11,25235.300,20.390,-68.100,2,-92.100,267,63.600,49.96902,16.01600
64,12,25241.800,20.370,-68.200,2,-92.200,267,63.500,49.96904,16.01688
64,13,25248.300,20.350,-68.200,2,-92.200,267,63.400,49.96906,16.01775
64,14,25254.900,20.330,-68.200,2,-92.300,267,63.300,49.96909,16.01863
64,15,25261.700,20.300,-68.200,2,-92.300,267,63.200,49.96912,16.01950
64,16,25268.400,20.280,-68.200,2,-92.400,267,63.100,49.96914,16.02038
64,17,25275.000,20.260,-68.200,2,-92.400,266,63.000,49.96918,16.02127
64,18,25281.600,20.240,-68.100,2,-92.400,266,62.900,49.96921,16.02217
64,19,25288.300,20.210,-68.000,2,-92.400,266,62.900,49.96925,16.02307
64,20,25295.100,20.190,-67.900,2,-92.400,266,62.800,49.96930,16.02397
64,21,25301.800,20.170,-67.800,2,-92.400,266,62.700,49.96936,16.02485
64,22,25307.900,20.150,-67.700,2,-92.300,266,62.700,49.96941,16.02570
64,23,25313.800,20.130,-67.600,2,-92.300,266,62.600,49.96946,16.02654
64,24,25319.800,20.110,-67.500,2,-92.300,266,62.600,49.96951,16.02736
64,25,25326.200,20.090,-67.400,2,-92.300,266,62.600,49.96956,16.02818
64,26,25332.600,20.070,-67.400,2,-92.400,266,62.600,49.96960,16.02900
64,27,25338.900,20.040,-67.300,2,-92.400,266,62.600,49.96965,16.02983
64,28,25345.400,20.020,-67.200,2,-92.400,266,62.700,49.96971,16.03066
64,29,25352.200,20.000,-67.100,2,-92.400,266,62.700,49.96977,16.03149
64,30,25359.300,19.980,-67.000,2,-92.400,266,62.800,49.96983,16.03233
64,31,25366.500,19.950,-66.900,2,-92.400,266,62.900,49.96988,16.03317
64,32,25373.500,19.930,-66.800,2,-92.400,266,63.000,49.96992,16.03402
64,33,25380.200,19.910,-66.700,2,-92.400,266,63.100,49.96996,16.03489
64,34,25386.700,19.890,-66.600,2,-92.400,266,63.200,49.96998,16.03576
64,35,25393.300,19.870,-66.500,2,-92.400,266,63.300,49.97001,16.03664
64,36,25400.100,19.840,-66.400,2,-92.400,265,63.500,49.97003,16.03751
64,37,25406.800,19.820,-66.400,2,-92.400,265,63.600,49.97007,16.03838
64,38,25413.500,19.800,-66.300,2,-92.500,265,63.800,49.97011,16.03926
64,39,25420.200,19.780,-66.200,2,-92.500,265,63.900,49.97016,16.04015
64,40,25427.000,19.750,-66.100,2,-92.500,265,64.100,49.97020,16.04106
64,41,25433.800,19.730,-66.000,2,-92.500,265,64.300,49.97025,16.04199
64,42,25440.700,19.710,-65.900,2,-92.500,265,64.400,49.97029,16.04293
64,43,25447.700,19.690,-65.800,2,-92.400,265,64.600,49.97033,16.04386
64,44,25454.800,19.660,-65.700,2,-92.400,265,64.800,49.97037,16.04479
64,45,25461.800,19.640,-65.500,2,-92.300,265,64.900,49.97041,16.04570
64,46,25468.800,19.620,-65.400,2,-92.300,265,65.100,49.97045,16.04660
64,47,25475.900,19.600,-65.200,2,-92.200,265,65.200,49.97049,16.04749
64,48,25482.700,19.570,-65.100,2,-92.200,264,65.300,49.97054,16.04838
64,49,25489.400,19.550,-65.000,2,-92.100,264,65.500,49.97058,16.04927
64,50,25496.200,19.530,-64.800,2,-92.000,264,65.600,49.97064,16.05016
64,51,25503.100,19.510,-64.700,2,-91.900,264,65.700,49.97070,16.05106
64,52,25510.000,19.490,-64.600,2,-91.900,264,65.800,49.97078,16.05196
64,53,25516.900,19.470,-64.500,2,-91.900,264,65.900,49.97085,16.05286
64,54,25523.800,19.440,-64.500,1,-91.800,264,66.000,49.97093,16.05378
64,55,25530.800,19.420,-64.400,1,-91.800,263,66.000,49.97100,16.05470
64,56,25538.000,19.400,-64.400,1,-91.800,263,66.100,49.97108,16.05563
64,57,25545.000,19.380,-64.400,1,-91.800,263,66.100,49.97115,16.05655
64,58,25551.600,19.350,-64.400,1,-91.800,263,66.200,49.97122,16.05748
64,59,25558.300,19.330,-64.400,1,-91.800,263,66.200,49.97129,16.05841
65,0,25565.200,19.310,-64.400,1,-91.800,263,66.200,49.97137,16.05935
65,1,25572.400,19.290,-64.400,2,-91.800,263,66.200,49.97144,16.06028
65,2,25579.500,19.270,-64.400,2,-91.700,262,66.200,49.97151,16.06122
65,3,25586.500,19.240,-64.300,2,-91.700,262,66.200,49.97160,16.06214
65,4,25593.200,19.220,-64.300,2,-91.600,262,66.200,49.97169,16.06306
65,5,25599.700,19.200,-64.300,2,-91.600,262,66.200,49.97178,16.06396
65,6,25606.300,19.180,-64.200,2,-91.500,262,66.200,49.97187,16.06486
65,7,25613.400,19.160,-64.100,2,-91.500,262,66.100,49.97196,16.06576
65,8,25620.700,19.140,-64.100,2,-91.400,261,66.100,49.97205,16.06666
65,9,25627.900,19.110,-64.000,2,-91.300,261,66.000,49.97215,16.06756
65,10,25634.600,19.090,-64.000,2,-91.200,261,66.000,49.97224,16.06845
65,11,25640.800,19.070,-63.900,2,-91.200,261,65.900,49.97233,16.06935
65,12,25647.200,19.050,-63.800,2,-91.100,261,65.800,49.97242,16.07024
65,13,25653.800,19.030,-63.800,2,-91.100,261,65.800,49.97250,16.07114
65,14,25660.800,19.010,-63.800,2,-91.000,261,65.700,49.97259,16.07205
65,15,25668.100,18.990,-63.800,2,-91.000,261,65.600,49.97267,16.07297
65,16,25675.300,18.970,-63.800,2,-91.000,260,65.500,49.97277,16.07389
65,17,25682.100,18.950,-63.800,2,-91.000,260,65.400,49.97287,16.07480
65,18,25688.400,18.930,-63.800,2,-90.900,260,65.300,49.97297,16.07571
65,19,25694.500,18.910,-63.800,2,-90.900,260,65.200,49.97308,16.07661
65,20,25700.800,18.890,-63.800,2,-90.900,260,65.100,49.97320,16.07751
65,21,25707.300,18.870,-63.800,2,-90.900,260,65.000,49.97331,16.07840
65,22,25714.000,18.850,-63.800,2,-90.900,260,64.900,49.97342,16.07929
65,23,25720.600,18.830,-63.800,2,-90.900,260,64.800,49.97353,16.08016
65,24,25727.100,18.810,-63.800,2,-90.800,260,64.700,49.97364,16.08102
65,25,25733.700,18.790,-63.800,2,-90.800,259,64.500,49.97376,16.08188
65,26,25740.200,18.770,-63.900,2,-90.800,259,64.400,49.97387,16.08275
65,27,25746.800,18.750,-63.900,2,-90.800,259,64.300,49.97397,16.08362
65,28,25753.300,18.730,-63.900,2,-90.800,259,64.200,49.97408,16.08450
65,29,25759.800,18.710,-63.900,2,-90.800,259,64.100,49.97419,16.08538
65,30,25766.200,18.690,-63.900,2,-90.800,259,64.000,49.97430,16.08626
65,31,25772.200,18.670,-63.900,2,-90.800,259,63.900,49.97442,16.08713
65,32,25778.200,18.650,-63.900,2,-90.800,259,63.800,49.97454,16.08800
65,33,25784.100,18.630,-63.900,2,-90.800,259,63.700,49.97466,16.08887
65,34,25790.100,18.620,-63.900,2,-90.800,259,63.600,49.97477,16.08974
65,35,25795.900,18.600,-63.900,2,-90.800,259,63.500,49.97487,16.09061
65,36,25801.800,18.580,-64.000,2,-90.800,258,63.400,49.97497,16.09148
65,37,25807.900,18.560,-64.000,2,-90.800,258,63.400,49.97508,16.09234
65,38,25814.300,18.540,-64.000,2,-90.800,258,63.300,49.97519,16.09318
65,39,25821.000,18.520,-64.000,2,-90.800,258,63.300,49.97530,16.09402
65,40,25827.900,18.500,-64.000,2,-90.800,258,63.200,49.97542,16.09485
65,41,25834.700,18.480,-63.900,2,-90.800,258,63.200,49.97554,16.09568
65,42,25841.100,18.460,-63.900,2,-90.800,258,63.200,49.97565,16.09652
65,43,25847.300,18.440,-63.900,2,-90.800,258,63.200,49.97576,16.09737
65,44,25853.400,18.420,-63.800,2,-90.800,258,63.200,49.97587,16.09822
65,45,25859.500,18.410,-63.800,2,-90.700,257,63.200,49.97598,16.09908
65,46,25865.400,18.390,-63.700,2,-90.700,257,63.300,49.97610,16.09994
65,47,25871.000,18.370,-63.700,2,-90.700,257,63.300,49.97623,16.10080
65,48,25876.900,18.350,-63.600,2,-90.700,257,63.400,49.97635,16.10167
65,49,25883.400,18.330,-63.600,2,-90.700,257,63.400,49.97648,16.10254
65,50,25890.400,18.310,-63.600,2,-90.700,257,63.500,49.97661,16.10340
65,51,25897.600,18.290,-63.500,2,-90.700,256,63.600,49.97675,16.10425
65,52,25904.400,18.270,-63.500,2,-90.700,256,63.700,49.97688,16.10509
65,53,25910.400,18.250,-63.500,2,-90.700,256,63.800,49.97702,16.10591
65,54,25915.800,18.240,-63.400,2,-90.600,256,63.900,49.97716,16.10674
65,55,25921.400,18.220,-63.400,2,-90.600,256,64.000,49.97731,16.10757
65,56,25927.400,18.200,-63.400,2,-90.600,256,64.100,49.97745,16.10840
65,57,25933.500,18.180,-63.300,2,-90.600,256,64.200,49.97759,16.10926
65,58,25939.800,18.170,-63.300,2,-90.600,256,64.300,49.97773,16.11012
65,59,25946.000,18.150,-63.300,2,-90.600,255,64.400,49.97787,16.11100
66,0,25952.000,18.130,-63.300,2,-90.600,255,64.500,49.97802,16.11188
66,1,25957.900,18.110,-63.300,2,-90.600,255,64.600,49.97818,16.11277
66,2,25963.600,18.100,-63.400,2,-90.600,255,64.700,49.97834,16.11367
66,3,25969.400,18.080,-63.400,2,-90.600,255,64.800,49.97850,16.11458
66,4,25975.300,18.060,-63.400,2,-90.600,255,64.900,49.97866,16.11549
66,5,25981.500,18.040,-63.400,2,-90.600,255,65.000,49.97882,16.11639
66,6,25987.900,18.020,-63.400,2,-90.500,255,65.100,49.97898,16.11727
66,7,25994.300,18.010,-63.400,2,-90.500,255,65.100,49.97915,16.11814
66,8,26000.400,17.990,-63.400,2,-90.500,255,65.200,49.97931,16.11899
66,9,26006.400,17.970,-63.400,2,-90.500,255,65.200,49.97948,16.11984
66,10,26012.400,17.950,-63.400,2,-90.500,255,65.300,49.97964,16.12069
66,11,26018.400,17.940,-63.500,2,-90.500,255,65.300,49.97980,16.12155
66,12,26024.700,17.920,-63.500,2,-90.600,255,65.300,49.97996,16.12242
66,13,26030.900,17.900,-63.600,2,-90.600,255,65.300,49.98011,16.12329
66,14,26036.900,17.880,-63.600,2,-90.600,255,65.300,49.98026,16.12416
66,15,26043.000,17.860,-63.700,2,-90.600,255,65.300,49.98042,16.12504
66,16,26049.200,17.850,-63.700,2,-90.700,255,65.300,49.98057,16.12593
66,17,26055.700,17.830,-63.800,2,-90.700,255,65.300,49.98073,16.12683
66,18,26062.300,17.810,-63.800,2,-90.700,255,65.300,49.98088,16.12774
66,19,26069.000,17.790,-63.900,2,-90.700,255,65.300,49.98104,16.12865
66,20,26075.600,17.770,-63.900,2,-90.700,255,65.200,49.98120,16.12954
66,21,26081.900,17.750,-63.900,2,-90.800,255,65.200,49.98135,16.13042
66,22,26087.800,17.730,-63.900,2,-90.800,255,65.200,49.98151,16.13130
66,23,26093.400,17.720,-63.900,2,-90.800,255,65.200,49.98166,16.13216
66,24,26099.000,17.700,-63.900,2,-90.800,255,65.100,49.98180,16.13303
66,25,26104.800,17.680,-63.900,2,-90.800,255,65.100,49.98194,16.13390
66,26,26110.900,17.670,-63.900,2,-90.700,255,65.100,49.98208,16.13475
66,27,26117.100,17.650,-63.800,2,-90.700,255,65.100,49.98222,16.13559
66,28,26123.100,17.630,-63.800,2,-90.700,255,65.100,49.98237,16.13643
66,29,26128.900,17.610,-63.800,2,-90.700,255,65.100,49.98251,16.13727
66,30,26134.900,17.600,-63.700,2,-90.700,256,65.100,49.98266,16.13812
66,31,26141.200,17.580,-63.700,2,-90.700,256,65.100,49.98282,16.13898
66,32,26147.800,17.560,-63.600,2,-90.700,256,65.200,49.98298,16.13986
66,33,26154.400,17.540,-63.600,2,-90.700,256,65.200,49.98315,16.14074
66,34,26160.900,17.520,-63.600,2,-90.700,256,65.200,49.98330,16.14162
66,35,26167.000,17.510,-63.500,2,-90.700,256,65.300,49.98345,16.14250
66,36,26172.900,17.490,-63.500,2,-90.700,256,65.300,49.98359,16.14337
66,37,26178.700,17.470,-63.500,2,-90.700,257,65.400,49.98373,16.14425
66,38,26184.700,17.460,-63.500,2,-90.800,257,65.400,49.98386,16.14514
66,39,26190.900,17.440,-63.500,2,-90.800,257,65.500,49.98399,16.14603
66,40,26197.200,17.420,-63.500,2,-90.800,257,65.600,49.98413,16.14693
66,41,26203.500,17.400,-63.500,2,-90.900,257,65.600,49.98426,16.14782
66,42,26209.400,17.390,-63.500,2,-90.900,257,65.700,49.98439,16.14871
66,43,26215.000,17.370,-63.500,2,-91.000,258,65.800,49.98451,16.14959
66,44,26220.700,17.350,-63.500,2,-91.000,258,65.900,49.98464,16.15047
66,45,26226.300,17.340,-63.500,2,-91.000,258,65.900,49.98476,16.15137
66,46,26231.900,17.320,-63.400,2,-91.000,258,66.000,49.98487,16.15227
66,47,26237.800,17.300,-63.400,1,-91.000,258,66.000,49.98499,16.15317
66,48,26244.100,17.290,-63.300,1,-91.000,258,66.100,49.98510,16.15407
66,49,26250.200,17.270,-63.300,1,-91.000,259,66.200,49.98520,16.15496
66,50,26256.100,17.250,-63.200,1,-91.000,259,66.200,49.98531,16.15585
66,51,26261.700,17.240,-63.100,1,-91.000,259,66.300,49.98543,16.15674
66,52,26267.300,17.220,-63.000,1,-91.000,259,66.300,49.98554,16.15765
66,53,26272.900,17.210,-63.000,1,-91.000,259,66.300,49.98566,16.15858
66,54,26278.900,17.190,-62.900,1,-91.000,259,66.300,49.98579,16.15952
66,55,26284.800,17.170,-62.900,1,-91.000,259,66.400,49.98590,16.16048
66,56,26290.500,17.160,-62.800,1,-91.000,259,66.400,49.98601,16.16143
66,57,26295.600,17.140,-62.800,1,-91.000,260,66.400,49.98610,16.16237
66,58,26300.500,17.130,-62.700,1,-91.000,260,66.400,49.98618,16.16329
66,59,26305.500,17.120,-62.600,1,-91.000,260,66.400,49.98625,16.16421
67,0,26311.100,17.100,-62.600,1,-91.000,260,66.400,49.98632,16.16513
67,1,26317.200,17.080,-62.500,1,-91.000,260,66.400,49.98640,16.16604
67,2,26323.700,17.070,-62.400,1,-91.000,260,66.400,49.98648,16.16694
67,3,26330.500,17.050,-62.400,1,-91.000,260,66.300,49.98657,16.16783
67,4,26337.200,17.030,-62.300,1,-90.900,260,66.300,49.98667,16.16871
67,5,26343.700,17.010,-62.200,1,-90.900,260,66.300,49.98677,16.16958
67,6,26349.900,16.990,-62.100,1,-90.800,260,66.300,49.98689,16.17045
67,7,26356.100,16.980,-61.900,1,-90.800,260,66.300,49.98703,16.17133
67,8,26362.300,16.960,-61.800,1,-90.700,259,66.300,49.98717,16.17223
67,9,26368.400,16.940,-61.700,1,-90.700,259,66.300,49.98731,16.17313
67,10,26374.300,16.930,-61.600,1,-90.600,259,66.300,49.98745,16.17404
67,11,26379.900,16.910,-61.600,1,-90.600,259,66.300,49.98757,16.17495
67,12,26385.300,16.900,-61.500,1,-90.500,259,66.300,49.98768,16.17585
67,13,26390.900,16.880,-61.400,1,-90.500,259,66.300,49.98778,16.17676
67,14,26397.100,16.860,-61.400,1,-90.500,259,66.300,49.98788,16.17766
67,15,26403.700,16.850,-61.400,1,-90.500,259,66.400,49.98797,16.17858
67,16,26410.400,16.830,-61.400,1,-90.500,259,66.400,49.98806,16.17949
67,17,26417.200,16.810,-61.400,1,-90.500,259,66.400,49.98815,16.18040
67,18,26424.000,16.790,-61.400,1,-90.400,259,66.500,49.98825,16.18129
67,19,26430.300,16.770,-61.300,1,-90.400,259,66.500,49.98834,16.18218
67,20,26436.400,16.760,-61.300,1,-90.400,258,66.500,49.98845,16.18307
67,21,26442.400,16.740,-61.300,1,-90.300,258,66.600,49.98857,16.18397
67,22,26448.300,16.730,-61.300,1,-90.300,258,66.600,49.98871,16.18488
67,23,26454.300,16.710,-61.300,1,-90.300,258,66.700,49.98886,16.18579
67,24,26460.300,16.690,-61.300,1,-90.200,258,66.700,49.98901,16.18671
67,25,26466.500,16.680,-61.300,1,-90.200,258,66.700,49.98915,16.18762
67,26,26472.600,16.660,-61.200,1,-90.200,258,66.800,49.98929,16.18853
67,27,26478.700,16.640,-61.200,1,-90.100,258,66.800,49.98942,16.18943
67,28,26485.000,16.630,-61.200,1,-90.100,258,66.900,49.98954,16.19034
67,29,26491.400,16.610,-61.200,1,-90.100,257,66.900,49.98966,16.19126
67,30,26497.900,16.590,-61.200,1,-90.100,257,66.900,49.98977,16.19218
67,31,26504.200,16.580,-61.300,1,-90.000,257,66.900,49.98989,16.19310
67,32,26510.100,16.560,-61.300,1,-90.000,257,66.900,49.99000,16.19401
67,33,26515.900,16.540,-61.300,1,-90.000,257,67.000,49.99013,16.19491
67,34,26522.000,16.530,-61.300,1,-90.000,257,67.000,49.99028,16.19581
67,35,26528.400,16.510,-61.400,1,-90.000,257,67.000,49.99043,16.19671
67,36,26534.800,16.490,-61.400,1,-90.000,257,67.000,49.99060,16.19763
67,37,26541.000,16.480,-61.400,1,-90.000,257,67.000,49.99076,16.19855
67,38,26547.100,16.460,-61.500,1,-90.000,257,67.000,49.99093,16.19946
67,39,26553.100,16.440,-61.500,1,-90.000,257,67.000,49.99109,16.20037
67,40,26559.000,16.430,-61.500,1,-90.000,257,67.000,49.99124,16.20127
67,41,26564.900,16.410,-61.600,1,-90.000,257,67.000,49.99138,16.20216
67,42,26571.000,16.400,-61.600,1,-90.000,257,67.000,49.99152,16.20305
67,43,26577.000,16.380,-61.600,1,-89.900,257,66.900,49.99165,16.20394
67,44,26583.000,16.370,-61.600,1,-89.900,257,66.900,49.99178,16.20484
67,45,26589.000,16.350,-61.600,1,-89.900,257,66.900,49.99191,16.20574
67,46,26595.000,16.330,-61.700,1,-89.900,257,66.900,49.99204,16.20664
67,47,26601.200,16.320,-61.700,1,-89.900,257,66.900,49.99217,16.20753
67,48,26607.500,16.300,-61.700,1,-89.900,257,66.900,49.99231,16.20842
67,49,26613.800,16.280,-61.700,1,-89.900,257,66.900,49.99245,16.20932
67,50,26620.000,16.270,-61.700,1,-89.900,257,66.900,49.99259,16.21022
67,51,26626.000,16.250,-61.700,1,-89.900,258,66.900,49.99273,16.21113
67,52,26632.400,16.240,-61.700,1,-89.900,258,66.900,49.99288,16.21204
67,53,26639.200,16.220,-61.700,1,-89.900,258,67.000,49.99302,16.21295
67,54,26646.000,16.200,-61.700,1,-89.900,258,67.000,49.99315,16.21385
67,55,26652.500,16.180,-61.600,1,-89.900,258,67.000,49.99328,16.21476
67,56,26658.800,16.170,-61.600,1,-89.900,258,67.000,49.99340,16.21567
67,57,26664.900,16.150,-61.600,1,-89.800,258,67.000,49.99352,16.21659
67,58,26670.900,16.130,-61.500,1,-89.800,258,67.100,49.99363,16.21752
67,59,26677.000,16.120,-61.500,1,-89.800,258,67.100,49.99374,16.21844
68,0,26683.400,16.100,-61.400,1,-89.800,259,67.200,49.99385,16.21936
68,1,26689.600,16.090,-61.400,1,-89.800,259,67.200,49.99394,16.22027
68,2,26695.600,16.070,-61.400,1,-89.800,259,67.300,49.99404,16.22116
68,3,26701.200,16.060,-61.400,1,-89.800,259,67.300,49.99414,16.22206
68,4,26706.800,16.040,-61.400,1,-89.800,259,67.400,49.99423,16.22297
68,5,26712.600,16.030,-61.500,1,-89.900,259,67.500,49.99434,16.22390
68,6,26718.600,16.010,-61.500,1,-89.900,259,67.500,49.99444,16.22483
68,7,26724.900,15.990,-61.500,1,-89.900,259,67.600,49.99453,16.22577
68,8,26731.300,15.980,-61.500,1,-90.000,259,67.700,49.99462,16.22670
68,9,26737.500,15.960,-61.500,1,-90.000,259,67.800,49.99471,16.22763
68,10,26743.600,15.950,-61.500,1,-90.000,259,67.900,49.99480,16.22855
68,11,26749.900,15.930,-61.500,1,-90.000,259,68.000,49.99491,16.22946
68,12,26756.200,15.910,-61.400,1,-90.000,259,68.100,49.99503,16.23038
68,13,26762.400,15.900,-61.400,1,-90.000,259,68.200,49.99518,16.23129
68,14,26768.300,15.880,-61.300,1,-90.000,259,68.300,49.99534,16.23221
68,15,26774.300,15.870,-61.200,1,-89.900,259,68.500,49.99550,16.23313
68,16,26780.700,15.850,-61.100,1,-89.900,258,68.600,49.99565,16.23404
68,17,26787.300,15.830,-61.000,1,-89.800,258,68.700,49.99580,16.23496
68,18,26794.000,15.820,-61.000,1,-89.800,258,68.900,49.99595,16.23588
68,19,26800.500,15.800,-60.900,1,-89.800,258,69.000,49.99608,16.23682
68,20,26806.800,15.790,-60.800,1,-89.700,258,69.200,49.99619,16.23776
68,21,26813.100,15.770,-60.800,1,-89.700,258,69.300,49.99631,16.23872
68,22,26819.600,15.750,-60.800,1,-89.700,258,69.500,49.99642,16.23968
68,23,26826.200,15.740,-60.800,1,-89.700,258,69.600,49.99652,16.24063
68,24,26832.500,15.720,-60.800,1,-89.700,258,69.800,49.99662,16.24158
68,25,26838.600,15.700,-60.800,1,-89.700,258,69.900,49.99673,16.24253
68,26,26844.500,15.690,-60.800,1,-89.700,257,70.100,49.99686,16.24347
68,27,26850.200,15.680,-60.800,1,-89.700,257,70.300,49.99699,16.24442
68,28,26856.100,15.660,-60.800,1,-89.800,257,70.400,49.99714,16.24538
68,29,26862.500,15.640,-60.800,1,-89.800,257,70.600,49.99729,16.24634
68,30,26869.300,15.630,-60.900,1,-89.800,257,70.800,49.99745,16.24730
68,31,26876.100,15.610,-60.900,1,-89.800,257,70.900,49.99760,16.24826
68,32,26883.100,15.590,-60.900,1,-89.800,257,71.100,49.99776,16.24922
68,33,26889.900,15.580,-60.900,1,-89.800,257,71.300,49.99792,16.25018
68,34,26896.600,15.560,-60.900,1,-89.800,256,71.500,49.99808,16.25116
68,35,26902.800,15.540,-60.900,1,-89.800,256,71.600,49.99824,16.25213
68,36,26908.800,15.530,-60.900,1,-89.800,256,71.800,49.99839,16.25311
68,37,26914.600,15.510,-60.900,1,-89.800,256,72.000,49.99853,16.25407
68,38,26920.600,15.500,-60.900,1,-89.800,256,72.200,49.99867,16.25503
68,39,26926.700,15.480,-60.900,1,-89.800,256,72.300,49.99881,16.25599
68,40,26932.900,15.470,-61.000,1,-89.800,256,72.500,49.99895,16.25694
68,41,26939.100,15.450,-61.000,1,-89.800,256,72.700,49.99911,16.25791
68,42,26945.100,15.440,-61.000,1,-89.800,256,72.800,49.99927,16.25888
68,43,26951.300,15.420,-61.000,1,-89.800,255,73.000,49.99945,16.25987
68,44,26957.900,15.410,-60.900,1,-89.800,255,73.100,49.99962,16.26086
68,45,26964.700,15.390,-60.900,1,-89.800,255,73.300,49.99980,16.26186
68,46,26971.400,15.370,-60.900,1,-89.800,255,73.400,49.99997,16.26286
68,47,26977.600,15.360,-60.900,1,-89.700,255,73.500,50.00014,16.26385
68,48,26983.400,15.340,-60.800,1,-89.700,255,73.700,50.00032,16.26484
68,49,26989.100,15.330,-60.800,1,-89.700,255,73.800,50.00050,16.26583
68,50,26995.100,15.310,-60.800,1,-89.700,255,73.900,50.00069,16.26682
68,51,27001.600,15.300,-60.800,1,-89.800,255,74.000,50.00089,16.26781
68,52,27008.500,15.280,-60.800,1,-89.800,255,74.000,50.00108,16.26881
68,53,27015.300,15.260,-60.900,1,-89.800,255,74.100,50.00126,16.26981
68,54,27021.900,15.250,-60.900,1,-89.800,255,74.200,50.00145,16.27082
68,55,27028.500,15.230,-60.900,1,-89.800,255,74.200,50.00163,16.27184
68,56,27035.300,15.220,-60.800,1,-89.800,255,74.300,50.00182,16.27285
68,57,27042.400,15.200,-60.800,1,-89.800,255,74.300,50.00201,16.27386
68,58,27049.800,15.180,-60.700,1,-89.800,255,74.400,50.00219,16.27487
68,59,27057.000,15.160,-60.700,1,-89.800,255,74.400,50.00236,16.27586
69,0,27063.800,15.150,-60.600,1,-89.700,255,74.400,50.00252,16.27686
69,1,27070.400,15.130,-60.500,1,-89.700,255,74.400,50.00269,16.27785
69,2,27076.800,15.110,-60.400,1,-89.600,255,74.400,50.00286,16.27885
69,3,27083.300,15.100,-60.300,1,-89.600,255,74.400,50.00303,16.27984
69,4,27089.900,15.080,-60.200,1,-89.500,255,74.300,50.00321,16.28084
69,5,27096.500,15.070,-60.200,1,-89.500,255,74.300,50.00339,16.28183
69,6,27102.900,15.050,-60.100,1,-89.400,255,74.300,50.00356,16.28282
69,7,27109.400,15.040,-60.100,1,-89.400,255,74.300,50.00375,16.28380
69,8,27115.900,15.020,-60.000,1,-89.400,255,74.300,50.00394,16.28479
69,9,27122.400,15.000,-60.000,1,-89.400,255,74.200,50.00413,16.28577
69,10,27129.000,14.990,-60.000,1,-89.400,255,74.200,50.00432,16.28675
69,11,27135.700,14.970,-60.000,1,-89.400,255,74.200,50.00451,16.28775
69,12,27142.700,14.960,-60.000,1,-89.400,255,74.200,50.00467,16.28876
69,13,27149.700,14.940,-60.100,1,-89.400,256,74.200,50.00483,16.28977
69,14,27156.700,14.920,-60.100,1,-89.400,256,74.100,50.00498,16.29079
69,15,27163.500,14.910,-60.100,1,-89.400,256,74.100,50.00513,16.29179
69,16,27169.700,14.890,-60.200,1,-89.400,256,74.100,50.00529,16.29279
69,17,27175.500,14.880,-60.200,1,-89.400,256,74.100,50.00544,16.29377
69,18,27181.200,14.860,-60.200,1,-89.400,256,74.200,50.00559,16.29475
69,19,27187.100,14.850,-60.200,1,-89.400,256,74.200,50.00572,16.29573
69,20,27193.300,14.830,-60.300,1,-89.400,256,74.200,50.00585,16.29671
69,21,27200.000,14.820,-60.300,1,-89.400,256,74.200,50.00598,16.29770
69,22,27206.800,14.800,-60.300,1,-89.400,256,74.300,50.00612,16.29870
69,23,27213.600,14.790,-60.300,1,-89.400,256,74.300,50.00628,16.29971
69,24,27220.200,14.770,-60.300,1,-89.400,256,74.300,50.00644,16.30072
69,25,27226.800,14.750,-60.300,1,-89.300,256,74.400,50.00661,16.30174
69,26,27233.500,14.740,-60.300,1,-89.300,256,74.500,50.00678,16.30277
69,27,27240.400,14.720,-60.200,1,-89.300,256,74.500,50.00695,16.30378
69,28,27247.200,14.710,-60.200,1,-89.300,256,74.600,50.00711,16.30480
69,29,27253.800,14.690,-60.200,1,-89.200,256,74.700,50.00727,16.30580
69,30,27260.400,14.680,-60.200,1,-89.200,256,74.700,50.00744,16.30678
69,31,27266.900,14.660,-60.200,1,-89.200,256,74.800,50.00761,16.30776
69,32,27273.200,14.650,-60.200,1,-89.200,256,74.900,50.00779,16.30873
69,33,27279.700,14.630,-60.200,1,-89.200,256,75.000,50.00796,16.30970
69,34,27286.700,14.610,-60.200,1,-89.200,256,75.000,50.00814,16.31068
69,35,27294.100,14.600,-60.200,1,-89.100,256,75.100,50.00830,16.31167
69,36,27301.100,14.580,-60.200,1,-89.100,256,75.200,50.00845,16.31267
69,37,27307.400,14.570,-60.200,1,-89.100,256,75.300,50.00860,16.31370
69,38,27313.100,14.550,-60.200,1,-89.100,256,75.300,50.00875,16.31476
69,39,27318.600,14.540,-60.200,1,-89.000,256,75.400,50.00890,16.31583
69,40,27324.600,14.520,-60.100,1,-89.000,256,75.500,50.00905,16.31691
69,41,27331.200,14.510,-60.100,1,-89.000,256,75.500,50.00921,16.31799
69,42,27337.900,14.490,-60.100,1,-89.000,256,75.600,50.00936,16.31906
69,43,27344.300,14.480,-60.200,1,-88.900,256,75.700,50.00952,16.32012
69,44,27350.100,14.470,-60.200,1,-88.900,256,75.700,50.00967,16.32114
69,45,27355.800,14.450,-60.200,1,-88.900,256,75.800,50.00984,16.32214
69,46,27361.600,14.440,-60.200,1,-88.900,256,75.900,50.01002,16.32312
69,47,27367.500,14.430,-60.300,1,-88.900,256,75.900,50.01021,16.32408
69,48,27373.800,14.410,-60.300,1,-89.000,256,76.000,50.01040,16.32504
69,49,27380.300,14.400,-60.400,1,-89.000,256,76.000,50.01058,16.32600
69,50,27386.900,14.380,-60.400,1,-89.000,256,76.100,50.01076,16.32698
69,51,27393.600,14.360,-60.500,1,-89.000,256,76.100,50.01092,16.32799
69,52,27400.200,14.350,-60.600,1,-89.100,256,76.200,50.01107,16.32901
69,53,27406.600,14.340,-60.600,1,-89.100,256,76.200,50.01123,16.33006
69,54,27412.800,14.320,-60.700,1,-89.100,256,76.300,50.01139,16.33113
69,55,27418.900,14.310,-60.800,1,-89.200,256,76.300,50.01155,16.33221
69,56,27425.300,14.290,-60.800,1,-89.200,256,76.400,50.01172,16.33329
69,57,27432.100,14.280,-60.800,1,-89.200,256,76.400,50.01188,16.33437
69,58,27439.000,14.260,-60.900,1,-89.200,256,76.500,50.01203,16.33544
69,59,27445.900,14.240,-60.900,1,-89.300,256,76.500,50.01218,16.33649
70,0,27452.400,14.230,-61.000,1,-89.300,256,76.600,50.01233,16.33752
70,1,27458.600,14.220,-61.000,1,-89.300,256,76.600,50.01250,16.33852
70,2,27464.400,14.200,-61.000,1,-89.300,256,76.700,50.01267,16.33951
70,3,27470.200,14.190,-61.000,1,-89.400,256,76.800,50.01285,16.34050
70,4,27476.200,14.180,-61.100,1,-89.400,256,76.800,50.01303,16.34149
70,5,27482.500,14.160,-61.100,1,-89.400,256,76.900,50.01321,16.34250
70,6,27488.800,14.150,-61.000,1,-89.400,256,76.900,50.01338,16.34352
70,7,27495.300,14.130,-61.000,1,-89.400,256,77.000,50.01354,16.34456
70,8,27502.000,14.120,-61.000,1,-89.400,256,77.100,50.01372,16.34561
70,9,27508.600,14.100,-60.900,1,-89.400,256,77.100,50.01389,16.34666
70,10,27514.900,14.090,-60.900,1,-89.400,256,77.200,50.01407,16.34772
70,11,27521.000,14.070,-60.900,1,-89.400,256,77.300,50.01425,16.34879
70,12,27527.400,14.060,-60.900,1,-89.400,256,77.300,50.01442,16.34986
70,13,27534.200,14.040,-60.900,1,-89.400,256,77.400,50.01458,16.35092
70,14,27541.300,14.030,-60.900,1,-89.400,256,77.500,50.01475,16.35197
70,15,27548.300,14.010,-60.900,1,-89.400,256,77.500,50.01492,16.35300
70,16,27554.600,14.000,-60.800,1,-89.500,256,77.600,50.01509,16.35401
70,17,27560.400,13.980,-60.800,1,-89.500,256,77.600,50.01527,16.35501
70,18,27565.900,13.970,-60.800,1,-89.400,256,77.700,50.01545,16.35601
70,19,27571.600,13.960,-60.700,1,-89.400,256,77.800,50.01564,16.35702
70,20,27577.400,13.950,-60.700,1,-89.400,256,77.800,50.01583,16.35804
70,21,27583.000,13.930,-60.600,1,-89.400,256,77.900,50.01602,16.35909
70,22,27588.400,13.920,-60.600,1,-89.400,256,77.900,50.01619,16.36017
70,23,27593.900,13.910,-60.500,1,-89.400,256,77.900,50.01637,16.36126
70,24,27599.700,13.900,-60.500,1,-89.400,256,78.000,50.01656,16.36236
70,25,27605.900,13.880,-60.500,1,-89.400,256,78.000,50.01674,16.36346
70,26,27612.700,13.870,-60.500,1,-89.500,256,78.000,50.01692,16.36454
70,27,27619.700,13.850,-60.500,1,-89.500,256,78.100,50.01708,16.36562
70,28,27626.600,13.840,-60.500,1,-89.500,256,78.100,50.01723,16.36668
70,29,27633.200,13.820,-60.500,1,-89.500,256,78.100,50.01737,16.36772
70,30,27639.600,13.810,-60.500,1,-89.600,256,78.100,50.01750,16.36876
70,31,27645.900,13.790,-60.500,1,-89.600,256,78.200,50.01763,16.36979
70,32,27652.200,13.780,-60.500,1,-89.600,256,78.200,50.01777,16.37082
70,33,27658.600,13.770,-60.500,1,-89.600,256,78.200,50.01793,16.37186
70,34,27665.000,13.750,-60.400,1,-89.500,256,78.200,50.01809,16.37291
70,35,27671.400,13.740,-60.400,1,-89.500,256,78.200,50.01827,16.37397
70,36,27677.600,13.720,-60.300,1,-89.500,256,78.200,50.01844,16.37504
70,37,27683.600,13.710,-60.300,1,-89.500,256,78.200,50.01862,16.37612
70,38,27689.600,13.700,-60.200,1,-89.400,256,78.300,50.01880,16.37720
70,39,27695.400,13.680,-60.200,1,-89.400,256,78.300,50.01899,16.37826
70,40,27701.000,13.670,-60.200,1,-89.400,256,78.300,50.01917,16.37931
70,41,27706.800,13.660,-60.100,1,-89.300,256,78.300,50.01934,16.38035
70,42,27712.800,13.650,-60.100,1,-89.300,256,78.400,50.01949,16.38138
70,43,27719.100,13.630,-60.100,1,-89.300,256,78.400,50.01963,16.38240
70,44,27725.700,13.620,-60.000,1,-89.300,256,78.400,50.01977,16.38343
70,45,27732.400,13.600,-60.000,1,-89.300,256,78.500,50.01991,16.38446
70,46,27738.800,13.590,-60.000,1,-89.200,256,78.500,50.02007,16.38552
70,47,27744.800,13.580,-60.000,1,-89.200,256,78.600,50.02023,16.38658
70,48,27750.500,13.560,-60.000,1,-89.200,256,78.600,50.02041,16.38766
70,49,27756.200,13.550,-60.000,1,-89.200,256,78.700,50.02060,16.38875
70,50,27762.200,13.540,-60.000,1,-89.200,256,78.700,50.02079,16.38984
70,51,27768.400,13.530,-60.000,1,-89.200,256,78.800,50.02098,16.39093
70,52,27774.800,13.510,-60.000,1,-89.100,256,78.900,50.02117,16.39201
70,53,27780.900,13.500,-60.000,1,-89.100,256,79.000,50.02136,16.39308
70,54,27786.800,13.490,-60.000,1,-89.100,256,79.000,50.02154,16.39414
70,55,27792.700,13.470,-60.100,1,-89.100,256,79.100,50.02172,16.39519
70,56,27798.700,13.460,-60.100,1,-89.100,256,79.200,50.02189,16.39623
70,57,27804.700,13.450,-60.100,1,-89.100,256,79.200,50.02204,16.39727
70,58,27810.900,13.430,-60.200,1,-89.100,256,79.300,50.02219,16.39830
70,59,27817.200,13.420,-60.200,1,-89.100,256,79.400,50.02234,16.39934
71,0,27823.400,13.410,-60.300,1,-89.100,256,79.500,50.02250,16.40038
71,1,27829.300,13.390,-60.300,1,-89.100,256,79.500,50.02267,16.40144
71,2,27834.900,13.380,-60.300,1,-89.100,256,79.600,50.02285,16.40251
71,3,27840.500,13.370,-60.400,1,-89.100,256,79.700,50.02304,16.40360
71,4,27846.300,13.360,-60.400,1,-89.100,256,79.700,50.02323,16.40471
71,5,27851.800,13.350,-60.400,1,-89.100,256,79.800,50.02341,16.40583
71,6,27857.100,13.330,-60.400,1,-89.100,256,79.800,50.02359,16.40696
71,7,27862.300,13.320,-60.400,1,-89.100,256,79.900,50.02376,16.40807
71,8,27867.700,13.310,-60.400,1,-89.100,256,79.900,50.02394,16.40918
71,9,27873.300,13.300,-60.400,1,-89.100,256,80.000,50.02413,16.41027
71,10,27878.900,13.290,-60.500,1,-89.100,256,80.000,50.02432,16.41135
71,11,27884.500,13.280,-60.500,1,-89.100,257,80.000,50.02450,16.41242
71,12,27890.200,13.260,-60.500,1,-89.100,257,80.000,50.02467,16.41349
71,13,27895.800,13.250,-60.500,1,-89.100,257,80.100,50.02482,16.41455
71,14,27901.200,13.240,-60.500,1,-89.100,257,80.100,50.02497,16.41561
71,15,27906.400,13.230,-60.500,1,-89.100,257,80.100,50.02511,16.41667
71,16,27911.800,13.220,-60.500,1,-89.100,257,80.100,50.02525,16.41773
71,17,27917.400,13.210,-60.600,1,-89.100,257,80.100,50.02541,16.41880
71,18,27923.100,13.190,-60.600,1,-89.100,257,80.000,50.02557,16.41988
71,19,27928.600,13.180,-60.600,1,-89.100,257,80.000,50.02575,16.42096
71,20,27934.100,13.170,-60.600,1,-89.100,257,80.000,50.02593,16.42206
71,21,27939.600,13.160,-60.600,1,-89.100,258,79.900,50.02610,16.42316
71,22,27944.800,13.150,-60.600,1,-89.100,258,79.900,50.02626,16.42427
71,23,27949.700,13.140,-60.600,1,-89.100,258,79.800,50.02642,16.42538
71,24,27954.600,13.130,-60.700,1,-89.100,258,79.800,50.02657,16.42649
71,25,27959.500,13.120,-60.700,1,-89.100,258,79.700,50.02672,16.42760
71,26,27964.600,13.110,-60.700,1,-89.200,258,79.600,50.02686,16.42869
71,27,27970.000,13.090,-60.700,1,-89.200,258,79.600,50.02701,16.42978
71,28,27975.800,13.080,-60.700,1,-89.200,259,79.500,50.02715,16.43086
71,29,27981.500,13.070,-60.700,1,-89.200,259,79.400,50.02727,16.43194
71,30,27986.800,13.060,-60.700,1,-89.200,259,79.300,50.02739,16.43302
71,31,27991.900,13.050,-60.700,1,-89.200,259,79.200,50.02750,16.43409
71,32,27997.000,13.040,-60.700,1,-89.200,259,79.100,50.02762,16.43516
71,33,28002.200,13.030,-60.700,1,-89.200,259,78.900,50.02775,16.43623
71,34,28007.600,13.020,-60.600,1,-89.200,259,78.800,50.02789,16.43729
71,35,28013.200,13.000,-60.600,1,-89.200,259,78.700,50.02803,16.43836
71,36,28018.800,12.990,-60.600,1,-89.200,259,78.500,50.02817,16.43944
71,37,28024.100,12.980,-60.600,1,-89.200,260,78.400,50.02830,16.44053
71,38,28029.400,12.970,-60.600,1,-89.200,260,78.200,50.02843,16.44162
71,39,28034.900,12.960,-60.600,1,-89.200,260,78.000,50.02855,16.44272
71,40,28040.500,12.950,-60.600,1,-89.200,260,77.900,50.02867,16.44383
71,41,28046.300,12.930,-60.600,1,-89.200,260,77.700,50.02879,16.44492
71,42,28052.100,12.920,-60.700,1,-89.200,260,77.600,50.02891,16.44600
71,43,28057.500,12.910,-60.700,1,-89.200,260,77.400,50.02901,16.44707
71,44,28062.400,12.900,-60.700,1,-89.200,260,77.200,50.02911,16.44813
71,45,28067.200,12.890,-60.700,1,-89.200,260,77.100,50.02920,16.44916
71,46,28072.200,12.880,-60.700,1,-89.200,260,76.900,50.02931,16.45018
71,47,28077.600,12.870,-60.700,1,-89.200,260,76.700,50.02942,16.45119
71,48,28083.200,12.860,-60.700,1,-89.200,260,76.600,50.02954,16.45220
71,49,28089.100,12.850,-60.700,1,-89.200,260,76.400,50.02967,16.45322
71,50,28095.200,12.830,-60.700,1,-89.200,260,76.300,50.02979,16.45425
71,51,28101.100,12.820,-60.700,1,-89.300,260,76.200,50.02990,16.45529
71,52,28107.000,12.810,-60.700,1,-89.300,260,76.100,50.03002,16.45634
71,53,28112.800,12.800,-60.700,1,-89.300,261,76.000,50.03014,16.45740
71,54,28118.700,12.790,-60.700,1,-89.300,261,75.900,50.03026,16.45847
71,55,28124.600,12.770,-60.700,1,-89.400,261,75.800,50.03037,16.45953
71,56,28130.800,12.760,-60.800,1,-89.400,260,75.700,50.03048,16.46059
71,57,28137.300,12.750,-60.800,1,-89.500,260,75.700,50.03057,16.46164
71,58,28143.600,12.730,-60.800,1,-89.500,260,75.700,50.03066,16.46268
71,59,28149.300,12.720,-60.800,1,-89.600,260,75.700,50.03074,16.46370
72,0,28154.700,12.710,-60.900,1,-89.600,260,75.700,50.03083,16.46470
72,1,28159.900,12.700,-60.900,1,-89.700,260,75.700,50.03093,16.46568
72,2,28165.100,12.690,-60.900,1,-89.700,260,75.700,50.03103,16.46665
72,3,28170.500,12.680,-60.900,1,-89.800,260,75.700,50.03114,16.46761
72,4,28176.400,12.670,-60.800,1,-89.800,260,75.800,50.03126,16.46858
72,5,28182.900,12.650,-60.800,1,-89.800,260,75.800,50.03138,16.46957
72,6,28189.400,12.640,-60.700,1,-89.800,260,75.900,50.03149,16.47057
72,7,28195.600,12.630,-60.600,1,-89.800,260,75.900,50.03161,16.47161
72,8,28201.400,12.620,-60.500,1,-89.800,260,76.000,50.03173,16.47268
72,9,28207.000,12.600,-60.300,1,-89.700,260,76.000,50.03186,16.47377
72,10,28212.400,12.590,-60.200,1,-89.700,260,76.100,50.03200,16.47487
72,11,28218.100,12.580,-60.000,1,-89.600,260,76.100,50.03213,16.47599
72,12,28224.100,12.570,-59.900,1,-89.600,260,76.200,50.03226,16.47710
72,13,28230.300,12.560,-59.700,1,-89.500,260,76.200,50.03238,16.47821
72,14,28236.400,12.550,-59.500,1,-89.500,260,76.300,50.03250,16.47930
72,15,28242.400,12.530,-59.400,1,-89.400,260,76.300,50.03262,16.48036
72,16,28248.300,12.520,-59.300,1,-89.400,260,76.300,50.03275,16.48140
72,17,28254.100,12.510,-59.200,1,-89.400,260,76.300,50.03288,16.48242
72,18,28260.100,12.500,-59.100,1,-89.400,260,76.300,50.03301,16.48342
72,19,28266.400,12.490,-59.000,1,-89.300,260,76.300,50.03313,16.48441
72,20,28272.900,12.470,-58.900,1,-89.300,260,76.300,50.03325,16.48541
72,21,28279.400,12.460,-58.900,1,-89.300,260,76.200,50.03337,16.48642
72,22,28285.900,12.450,-58.800,1,-89.400,260,76.200,50.03348,16.48744
72,23,28292.400,12.430,-58.800,1,-89.400,260,76.100,50.03361,16.48848
72,24,28298.700,12.420,-58.800,1,-89.400,260,76.000,50.03374,16.48954
72,25,28304.800,12.410,-58.700,1,-89.400,260,75.900,50.03387,16.49062
72,26,28310.900,12.400,-58.700,1,-89.300,260,75.800,50.03401,16.49171
72,27,28317.000,12.390,-58.600,1,-89.300,260,75.700,50.03414,16.49282
72,28,28323.200,12.370,-58.600,1,-89.300,260,75.600,50.03427,16.49392
72,29,28329.700,12.360,-58.500,1,-89.200,260,75.500,50.03441,16.49501
72,30,28336.100,12.350,-58.400,1,-89.100,260,75.300,50.03454,16.49606
72,31,28342.200,12.340,-58.400,1,-89.100,260,75.200,50.03467,16.49707
72,32,28348.300,12.320,-58.300,1,-89.000,260,75.100,50.03480,16.49806
72,33,28354.700,12.310,-58.200,1,-89.000,260,74.900,50.03491,16.49902
72,34,28361.200,12.300,-58.200,1,-88.900,260,74.800,50.03501,16.49998
72,35,28367.600,12.290,-58.200,1,-88.900,260,74.600,50.03510,16.50095
72,36,28373.800,12.270,-58.200,1,-88.800,261,74.500,50.03520,16.50194
72,37,28380.100,12.260,-58.200,1,-88.800,261,74.400,50.03530,16.50295
72,38,28386.400,12.250,-58.200,1,-88.800,261,74.200,50.03540,16.50397
72,39,28392.900,12.240,-58.200,1,-88.800,261,74.100,50.03551,16.50499
72,40,28399.700,12.220,-58.200,1,-88.700,261,74.000,50.03562,16.50602
72,41,28406.400,12.210,-58.200,1,-88.700,261,73.800,50.03572,16.50706
72,42,28412.900,12.200,-58.300,1,-88.700,261,73.700,50.03583,16.50811
72,43,28418.900,12.190,-58.300,1,-88.700,261,73.600,50.03593,16.50917
72,44,28424.700,12.180,-58.300,1,-88.700,261,73.500,50.03603,16.51021
72,45,28430.600,12.160,-58.400,1,-88.700,262,73.400,50.03615,16.51124
72,46,28436.500,12.150,-58.400,1,-88.700,262,73.400,50.03626,16.51224
72,47,28442.600,12.140,-58.400,1,-88.600,262,73.300,50.03637,16.51320
72,48,28449.300,12.130,-58.300,1,-88.600,262,73.200,50.03647,16.51414
72,49,28456.400,12.110,-58.300,1,-88.500,262,73.200,50.03657,16.51509
72,50,28463.600,12.100,-58.300,1,-88.500,262,73.100,50.03665,16.51605
72,51,28470.500,12.090,-58.200,1,-88.400,262,73.100,50.03672,16.51704
72,52,28477.000,12.070,-58.200,1,-88.300,263,73.000,50.03679,16.51804
72,53,28483.400,12.060,-58.100,1,-88.300,263,73.000,50.03685,16.51905
72,54,28489.800,12.050,-58.100,1,-88.200,263,73.000,50.03690,16.52006
72,55,28496.100,12.040,-58.100,1,-88.200,263,73.000,50.03697,16.52108
72,56,28502.400,12.030,-58.100,1,-88.200,263,73.000,50.03703,16.52209
72,57,28508.800,12.010,-58.100,1,-88.100,263,73.000,50.03709,16.52311
72,58,28515.300,12.000,-58.100,1,-88.100,263,73.000,50.03715,16.52414
72,59,28522.100,11.990,-58.100,1,-88.100,263,73.000,50.03722,16.52517
73,0,28528.900,11.980,-58.100,1,-88.100,263,73.000,50.03729,16.52621
73,1,28536.000,11.960,-58.100,1,-88.100,263,73.000,50.03737,16.52723
73,2,28543.200,11.950,-58.100,1,-88.100,263,73.000,50.03745,16.52823
73,3,28550.600,11.930,-58.100,1,-88.100,264,73.100,50.03754,16.52922
73,4,28558.300,11.920,-58.100,1,-88.100,264,73.100,50.03764,16.53019
73,5,28566.000,11.900,-58.100,1,-88.000,264,73.100,50.03773,16.53117
73,6,28573.600,11.890,-58.100,1,-88.000,264,73.200,50.03782,16.53216
73,7,28580.800,11.880,-58.200,1,-88.000,264,73.200,50.03789,16.53316
73,8,28587.700,11.860,-58.200,1,-88.100,264,73.200,50.03796,16.53418
73,9,28594.700,11.850,-58.200,1,-88.100,264,73.300,50.03801,16.53520
73,10,28602.000,11.840,-58.300,1,-88.100,264,73.300,50.03806,16.53622
73,11,28609.500,11.820,-58.300,1,-88.100,263,73.300,50.03811,16.53724
73,12,28617.200,11.810,-58.400,1,-88.100,263,73.400,50.03816,16.53826
73,13,28625.300,11.790,-58.400,1,-88.100,263,73.400,50.03821,16.53929
73,14,28633.400,11.780,-58.400,1,-88.100,263,73.500,50.03826,16.54033
73,15,28641.500,11.760,-58.400,1,-88.100,263,73.500,50.03831,16.54137
73,16,28649.700,11.750,-58.400,1,-88.100,263,73.600,50.03837,16.54241
73,17,28657.800,11.730,-58.400,1,-88.100,263,73.600,50.03844,16.54342
73,18,28665.600,11.720,-58.400,1,-88.100,263,73.700,50.03853,16.54443
73,19,28673.100,11.700,-58.300,1,-88.000,263,73.800,50.03862,16.54542
73,20,28680.900,11.690,-58.300,1,-88.000,263,73.800,50.03873,16.54642
73,21,28689.000,11.670,-58.300,1,-88.000,262,73.900,50.03883,16.54742
73,22,28697.200,11.660,-58.300,1,-88.000,262,74.000,50.03893,16.54844
73,23,28705.400,11.640,-58.300,1,-88.000,262,74.000,50.03903,16.54946
73,24,28713.800,11.630,-58.200,1,-87.900,262,74.100,50.03912,16.55048
73,25,28722.300,11.610,-58.200,1,-87.900,262,74.200,50.03922,16.55149
73,26,28730.700,11.600,-58.200,1,-87.900,262,74.300,50.03932,16.55250
73,27,28739.100,11.580,-58.200,1,-87.900,261,74.400,50.03942,16.55350
73,28,28747.600,11.570,-58.200,1,-87.900,261,74.500,50.03952,16.55450
73,29,28756.000,11.550,-58.300,1,-87.900,261,74.600,50.03961,16.55552
73,30,28764.300,11.540,-58.300,1,-87.900,261,74.700,50.03970,16.55655
73,31,28772.800,11.520,-58.300,1,-87.900,261,74.800,50.03979,16.55758
73,32,28781.400,11.500,-58.300,1,-87.900,261,75.000,50.03989,16.55860
73,33,28789.800,11.490,-58.300,1,-88.000,261,75.100,50.04000,16.55962
73,34,28798.000,11.470,-58.400,1,-88.000,261,75.200,50.04013,16.56064
73,35,28806.100,11.460,-58.400,1,-88.000,260,75.300,50.04025,16.56167
73,36,28814.100,11.440,-58.400,1,-88.000,260,75.400,50.04038,16.56270
73,37,28822.000,11.430,-58.500,1,-88.000,260,75.600,50.04051,16.56376
73,38,28829.800,11.420,-58.500,1,-88.000,260,75.700,50.04064,16.56482
73,39,28837.800,11.400,-58.500,1,-88.100,260,75.800,50.04078,16.56589
73,40,28846.200,11.390,-58.600,1,-88.100,260,75.900,50.04092,16.56695
73,41,28855.000,11.370,-58.600,1,-88.100,260,76.100,50.04106,16.56800
73,42,28864.000,11.350,-58.700,1,-88.200,260,76.200,50.04120,16.56903
73,43,28873.300,11.340,-58.700,1,-88.200,260,76.300,50.04133,16.57005
73,44,28882.800,11.320,-58.700,1,-88.200,260,76.400,50.04145,16.57107
73,45,28892.200,11.300,-58.700,1,-88.200,260,76.500,50.04156,16.57210
73,46,28901.500,11.290,-58.700,1,-88.200,260,76.600,50.04166,16.57314
73,47,28910.800,11.270,-58.700,1,-88.200,260,76.700,50.04176,16.57418
73,48,28920.300,11.250,-58.700,1,-88.200,260,76.900,50.04187,16.57523
73,49,28929.600,11.240,-58.700,1,-88.200,260,77.000,50.04199,16.57628
73,50,28938.900,11.220,-58.700,1,-88.200,260,77.100,50.04212,16.57734
73,51,28948.200,11.200,-58.700,1,-88.200,260,77.200,50.04225,16.57841
73,52,28957.500,11.190,-58.700,1,-88.300,260,77.300,50.04237,16.57950
73,53,28966.800,11.170,-58.700,1,-88.300,260,77.400,50.04250,16.58059
73,54,28976.300,11.150,-58.700,1,-88.300,260,77.500,50.04262,16.58167
73,55,28985.900,11.140,-58.600,1,-88.300,260,77.600,50.04273,16.58274
73,56,28995.200,11.120,-58.600,1,-88.200,260,77.700,50.04284,16.58379
73,57,29004.400,11.100,-58.600,1,-88.200,260,77.800,50.04295,16.58483
73,58,29013.700,11.090,-58.500,1,-88.200,260,77.900,50.04305,16.58586
73,59,29023.200,11.070,-58.500,1,-88.200,260,78.000,50.04315,16.58690
74,0,29033.000,11.050,-58.500,1,-88.200,260,78.100,50.04324,16.58795
74,1,29042.900,11.030,-58.500,1,-88.200,259,78.100,50.04335,16.58901
74,2,29052.700,11.020,-58.400,1,-88.200,259,78.200,50.04346,16.59008
74,3,29062.200,11.000,-58.400,1,-88.200,259,78.300,50.04359,16.59116
74,4,29071.400,10.980,-58.400,1,-88.200,259,78.400,50.04373,16.59225
74,5,29080.600,10.970,-58.300,1,-88.100,259,78.500,50.04389,16.59335
74,6,29090.000,10.950,-58.300,1,-88.100,259,78.500,50.04404,16.59447
74,7,29099.700,10.940,-58.300,1,-88.100,259,78.600,50.04420,16.59559
74,8,29109.300,10.920,-58.300,1,-88.100,259,78.700,50.04435,16.59670
74,9,29119.000,10.900,-58.200,1,-88.000,259,78.800,50.04449,16.59780
74,10,29128.500,10.890,-58.200,1,-88.000,259,78.800,50.04463,16.59886
74,11,29137.900,10.870,-58.200,1,-88.000,259,78.900,50.04477,16.59989
74,12,29147.200,10.850,-58.200,1,-88.000,259,79.000,50.04491,16.60091
74,13,29156.800,10.840,-58.200,1,-88.000,259,79.000,50.04505,16.60194
74,14,29166.900,10.820,-58.300,1,-88.000,259,79.100,50.04519,16.60298
74,15,29176.900,10.800,-58.300,1,-88.000,259,79.200,50.04533,16.60403
74,16,29186.700,10.790,-58.400,1,-88.100,259,79.300,50.04547,16.60512
74,17,29196.500,10.770,-58.400,1,-88.100,258,79.300,50.04562,16.60622
74,18,29206.100,10.750,-58.500,1,-88.100,258,79.400,50.04578,16.60733
74,19,29215.600,10.740,-58.600,1,-88.100,258,79.500,50.04594,16.60844
74,20,29225.100,10.720,-58.600,1,-88.200,258,79.600,50.04611,16.60955
74,21,29234.900,10.700,-58.700,1,-88.200,258,79.700,50.04627,16.61065
74,22,29244.800,10.690,-58.700,1,-88.200,258,79.800,50.04642,16.61175
74,23,29254.500,10.670,-58.800,1,-88.200,258,79.900,50.04656,16.61284
74,24,29264.100,10.650,-58.800,1,-88.200,258,80.000,50.04669,16.61391
74,25,29273.900,10.640,-58.800,1,-88.200,258,80.200,50.04682,16.61498
74,26,29283.900,10.620,-58.800,1,-88.200,258,80.300,50.04694,16.61603
74,27,29293.800,10.600,-58.800,1,-88.200,258,80.400,50.04706,16.61707
74,28,29303.400,10.590,-58.900,1,-88.200,258,80.600,50.04719,16.61811
74,29,29313.000,10.570,-58.900,1,-88.200,258,80.700,50.04731,16.61917
74,30,29322.400,10.550,-58.900,1,-88.200,258,80.900,50.04743,16.62025
74,31,29331.800,10.540,-58.900,1,-88.200,258,81.000,50.04756,16.62136
74,32,29341.300,10.520,-58.900,1,-88.300,258,81.200,50.04769,16.62248
74,33,29351.000,10.510,-58.900,1,-88.200,258,81.300,50.04784,16.62361
74,34,29360.700,10.490,-58.900,1,-88.200,258,81.500,50.04801,16.62474
74,35,29369.900,10.480,-58.900,1,-88.200,257,81.700,50.04818,16.62587
74,36,29379.100,10.460,-58.800,1,-88.200,257,81.800,50.04836,16.62699
74,37,29388.700,10.440,-58.800,1,-88.300,257,82.000,50.04853,16.62812
74,38,29398.400,10.430,-58.800,1,-88.300,257,82.100,50.04869,16.62926
74,39,29407.800,10.410,-58.800,1,-88.300,257,82.300,50.04885,16.63040
74,40,29416.900,10.400,-58.900,1,-88.300,257,82.500,50.04901,16.63155
74,41,29426.100,10.380,-58.900,1,-88.300,257,82.600,50.04918,16.63269
74,42,29435.600,10.370,-58.900,1,-88.300,257,82.800,50.04936,16.63382
74,43,29445.000,10.350,-58.800,1,-88.300,256,82.900,50.04955,16.63493
74,44,29454.000,10.340,-58.800,1,-88.300,256,83.100,50.04975,16.63603
74,45,29462.900,10.320,-58.800,1,-88.300,256,83.300,50.04994,16.63713
74,46,29472.200,10.310,-58.700,1,-88.300,256,83.400,50.05013,16.63824
74,47,29481.800,10.290,-58.700,1,-88.300,256,83.600,50.05031,16.63937
74,48,29491.200,10.270,-58.700,1,-88.300,256,83.700,50.05048,16.64050
74,49,29500.000,10.260,-58.600,1,-88.300,255,83.900,50.05066,16.64164
74,50,29508.200,10.250,-58.600,1,-88.300,255,84.100,50.05084,16.64278
74,51,29516.600,10.230,-58.500,1,-88.300,255,84.200,50.05103,16.64391
74,52,29525.300,10.220,-58.500,1,-88.300,255,84.400,50.05123,16.64502
74,53,29534.100,10.200,-58.500,1,-88.300,255,84.600,50.05144,16.64612
74,54,29542.700,10.190,-58.500,1,-88.300,255,84.800,50.05164,16.64723
74,55,29550.900,10.180,-58.500,1,-88.300,255,85.000,50.05184,16.64834
74,56,29558.800,10.160,-58.500,1,-88.400,254,85.200,50.05204,16.64947
74,57,29566.700,10.150,-58.600,1,-88.400,254,85.400,50.05223,16.65061
74,58,29574.800,10.140,-58.600,1,-88.500,254,85.600,50.05243,16.65175
74,59,29582.800,10.130,-58.600,1,-88.500,254,85.800,50.05263,16.65289
75,0,29590.600,10.110,-58.700,1,-88.600,254,86.000,50.05283,16.65402
75,1,29598.500,10.100,-58.700,1,-88.600,254,86.300,50.05304,16.65516
75,2,29606.800,10.090,-58.700,1,-88.600,254,86.500,50.05324,16.65631
75,3,29615.200,10.070,-58.700,1,-88.600,254,86.700,50.05345,16.65748
75,4,29623.100,10.060,-58.600,1,-88.600,254,87.000,50.05367,16.65867
75,5,29630.300,10.050,-58.500,1,-88.600,253,87.200,50.05391,16.65987
75,6,29637.400,10.040,-58.400,1,-88.500,253,87.500,50.05416,16.66106
75,7,29644.800,10.030,-58.200,1,-88.400,253,87.700,50.05443,16.66224
75,8,29652.500,10.010,-58.100,1,-88.300,253,88.000,50.05471,16.66339
75,9,29660.500,10.000,-58.000,1,-88.300,253,88.200,50.05499,16.66452
75,10,29668.700,9.990,-57.900,1,-88.200,253,88.500,50.05526,16.66565
75,11,29676.600,9.980,-57.900,1,-88.200,253,88.700,50.05551,16.66680
75,12,29684.000,9.960,-57.800,1,-88.200,253,89.000,50.05575,16.66795
75,13,29691.000,9.950,-57.800,1,-88.200,253,89.200,50.05597,16.66913
75,14,29698.000,9.940,-57.800,1,-88.200,253,89.400,50.05618,16.67031
75,15,29705.100,9.930,-57.700,1,-88.200,253,89.700,50.05637,16.67151
75,16,29712.300,9.920,-57.700,1,-88.200,253,89.900,50.05656,16.67271
75,17,29719.500,9.910,-57.700,1,-88.200,253,90.100,50.05675,16.67392
75,18,29726.800,9.900,-57.800,1,-88.200,253,90.300,50.05695,16.67516
75,19,29733.900,9.890,-57.800,1,-88.200,253,90.500,50.05717,16.67641
75,20,29740.300,9.880,-57.800,1,-88.300,253,90.700,50.05741,16.67769
75,21,29746.400,9.870,-57.800,1,-88.300,253,90.800,50.05767,16.67895
75,22,29752.400,9.860,-57.800,1,-88.300,253,91.000,50.05794,16.68020
75,23,29758.700,9.850,-57.800,1,-88.200,253,91.200,50.05823,16.68142
75,24,29764.900,9.840,-57.800,1,-88.200,253,91.300,50.05851,16.68260
75,25,29770.900,9.830,-57.800,1,-88.200,252,91.400,50.05878,16.68377
75,26,29776.700,9.820,-57.800,1,-88.200,252,91.600,50.05903,16.68494
75,27,29782.300,9.810,-57.700,1,-88.200,252,91.700,50.05926,16.68614
75,28,29787.900,9.800,-57.700,1,-88.200,252,91.800,50.05948,16.68735
75,29,29793.900,9.790,-57.700,1,-88.100,252,91.900,50.05969,16.68858
75,30,29800.200,9.780,-57.700,1,-88.100,252,92.000,50.05990,16.68982
75,31,29806.600,9.770,-57.600,1,-88.100,252,92.100,50.06012,16.69106
75,32,29812.600,9.760,-57.600,1,-88.100,252,92.200,50.06036,16.69230
75,33,29818.300,9.750,-57.600,1,-88.000,252,92.300,50.06061,16.69354
75,34,29823.700,9.750,-57.600,1,-88.000,252,92.300,50.06088,16.69478
75,35,29828.900,9.740,-57.600,1,-88.000,252,92.400,50.06118,16.69602
75,36,29834.200,9.730,-57.500,1,-88.000,251,92.500,50.06148,16.69726
75,37,29839.600,9.720,-57.500,1,-88.000,251,92.500,50.06178,16.69847
75,38,29844.800,9.710,-57.500,1,-88.000,251,92.600,50.06207,16.69967
75,39,29849.600,9.710,-57.500,1,-88.000,251,92.600,50.06235,16.70085
75,40,29854.200,9.700,-57.500,1,-88.000,251,92.700,50.06262,16.70203
75,41,29858.700,9.690,-57.500,1,-87.900,251,92.700,50.06287,16.70321
75,42,29863.000,9.690,-57.500,1,-87.900,251,92.800,50.06313,16.70441
75,43,29866.800,9.680,-57.500,1,-87.900,251,92.800,50.06338,16.70564
75,44,29870.100,9.670,-57.500,1,-87.900,251,92.900,50.06364,16.70689
75,45,29873.400,9.670,-57.500,1,-87.900,251,92.900,50.06392,16.70814
75,46,29876.900,9.660,-57.500,1,-87.900,251,92.900,50.06421,16.70938
75,47,29880.500,9.660,-57.400,1,-87.900,251,93.000,50.06450,16.71061
75,48,29884.100,9.650,-57.400,1,-87.800,251,93.000,50.06481,16.71182
75,49,29887.900,9.650,-57.400,1,-87.800,251,93.000,50.06511,16.71302
75,50,29891.900,9.640,-57.400,1,-87.800,251,93.000,50.06541,16.71422
75,51,29895.900,9.640,-57.300,1,-87.800,251,93.000,50.06570,16.71544
75,52,29899.500,9.630,-57.300,1,-87.700,251,93.100,50.06597,16.71666
75,53,29902.800,9.620,-57.300,1,-87.700,251,93.100,50.06623,16.71789
75,54,29905.900,9.620,-57.300,1,-87.700,251,93.100,50.06648,16.71911
75,55,29908.900,9.620,-57.300,1,-87.700,251,93.100,50.06673,16.72032
75,56,29911.800,9.610,-57.300,1,-87.700,251,93.100,50.06699,16.72152
75,57,29914.800,9.610,-57.300,1,-87.700,251,93.100,50.06726,16.72273
75,58,29917.800,9.600,-57.300,1,-87.700,251,93.100,50.06754,16.72396
75,59,29920.700,9.600,-57.300,1,-87.700,251,93.100,50.06782,16.72521
76,0,29923.400,9.590,-57.300,1,-87.700,252,93.100,50.06811,16.72648
76,1,29926.000,9.590,-57.300,1,-87.700,252,93.100,50.06839,16.72776
76,2,29928.700,9.590,-57.400,1,-87.700,252,93.000,50.06867,16.72902
76,3,29931.400,9.580,-57.400,1,-87.700,252,93.000,50.06894,16.73026
76,4,29934.000,9.580,-57.400,1,-87.700,252,93.000,50.06920,16.73148
76,5,29936.300,9.570,-57.400,1,-87.700,252,93.000,50.06945,16.73266
76,6,29938.500,9.570,-57.400,1,-87.700,252,93.000,50.06969,16.73384
76,7,29941.100,9.570,-57.400,1,-87.700,252,93.000,50.06992,16.73502
76,8,29943.900,9.560,-57.400,1,-87.700,252,93.000,50.07014,16.73622
76,9,29946.700,9.560,-57.400,1,-87.800,252,92.900,50.07037,16.73744
76,10,29949.400,9.550,-57.400,1,-87.800,253,92.900,50.07060,16.73869
76,11,29951.900,9.550,-57.400,1,-87.800,253,92.900,50.07085,16.73994
76,12,29954.200,9.550,-57.400,1,-87.800,253,92.900,50.07111,16.74120
76,13,29956.200,9.540,-57.400,1,-87.800,253,92.900,50.07138,16.74246
76,14,29958.000,9.540,-57.400,1,-87.800,253,92.900,50.07165,16.74372
76,15,29959.800,9.540,-57.300,1,-87.800,253,92.900,50.07192,16.74498
76,16,29961.900,9.530,-57.300,1,-87.800,253,92.900,50.07219,16.74624
76,17,29964.200,9.530,-57.200,1,-87.800,253,92.900,50.07245,16.74749
76,18,29966.600,9.530,-57.200,1,-87.800,253,93.000,50.07269,16.74874
76,19,29968.900,9.520,-57.100,1,-87.800,254,93.000,50.07291,16.74997
76,20,29970.800,9.520,-57.000,1,-87.800,254,93.000,50.07311,16.75119
76,21,29972.600,9.520,-57.000,1,-87.800,254,93.100,50.07330,16.75238
76,22,29974.600,9.520,-56.900,1,-87.800,254,93.100,50.07349,16.75357
76,23,29976.900,9.510,-56.800,1,-87.800,254,93.200,50.07369,16.75477
76,24,29979.100,9.510,-56.700,1,-87.800,254,93.300,50.07389,16.75599
76,25,29980.800,9.510,-56.600,1,-87.800,254,93.300,50.07412,16.75723
76,26,29982.200,9.500,-56.600,1,-87.800,254,93.400,50.07436,16.75848
76,27,29983.700,9.500,-56.500,1,-87.800,254,93.500,50.07461,16.75974
76,28,29985.200,9.500,-56.400,1,-87.800,254,93.600,50.07486,16.76100
76,29,29986.700,9.500,-56.300,1,-87.800,254,93.700,50.07512,16.76226
76,30,29988.200,9.500,-56.200,1,-87.800,254,93.800,50.07537,16.76353
76,31,29989.800,9.490,-56.100,1,-87.800,254,93.900,50.07561,16.76480
76,32,29991.100,9.490,-56.000,1,-87.800,254,94.000,50.07584,16.76608
76,33,29991.800,9.490,-55.900,1,-87.700,255,94.100,50.07606,16.76737
76,34,29992.300,9.490,-55.800,1,-87.700,255,94.200,50.07627,16.76866
76,35,29993.000,9.490,-55.700,1,-87.700,255,94.300,50.07645,16.76994
76,36,29994.300,9.490,-55.500,1,-87.700,255,94.400,50.07661,16.77120
76,37,29996.000,9.480,-55.400,1,-87.600,255,94.500,50.07678,16.77244
76,38,29998.300,9.480,-55.300,1,-87.600,255,94.500,50.07696,16.77367
76,39,30000.900,9.480,-55.100,1,-87.500,255,94.600,50.07716,16.77490
76,40,30003.200,9.470,-55.000,1,-87.500,255,94.700,50.07740,16.77614
76,41,30004.600,9.470,-54.900,1,-87.500,255,94.800,50.07766,16.77741
76,42,30005.400,9.470,-54.800,1,-87.400,255,94.800,50.07795,16.77870
76,43,30006.500,9.470,-54.700,1,-87.400,255,94.900,50.07823,16.78001
76,44,30008.300,9.470,-54.500,1,-87.300,255,94.900,50.07852,16.78131
76,45,30010.000,9.460,-54.400,1,-87.300,255,95.000,50.07878,16.78261
76,46,30010.900,9.460,-54.300,1,-87.300,255,95.000,50.07902,16.78392
76,47,30011.300,9.460,-54.300,1,-87.200,255,95.000,50.07924,16.78522
76,48,30012.000,9.460,-54.200,1,-87.200,255,95.000,50.07945,16.78652
76,49,30013.300,9.460,-54.100,1,-87.100,255,95.000,50.07964,16.78781
76,50,30015.100,9.460,-54.000,1,-87.100,255,95.000,50.07982,16.78909
76,51,30017.500,9.450,-54.000,1,-87.000,255,95.000,50.08000,16.79037
76,52,30020.200,9.450,-53.900,1,-87.000,255,95.000,50.08018,16.79163
76,53,30022.800,9.440,-53.800,1,-86.900,255,95.000,50.08037,16.79289
76,54,30024.900,9.440,-53.800,1,-86.900,255,94.900,50.08057,16.79414
76,55,30026.400,9.440,-53.700,1,-86.800,255,94.900,50.08078,16.79541
76,56,30027.600,9.440,-53.700,1,-86.800,255,94.900,50.08101,16.79668
76,57,30028.700,9.440,-53.700,1,-86.700,256,94.800,50.08127,16.79797
76,58,30030.100,9.430,-53.600,1,-86.700,256,94.800,50.08153,16.79927
76,59,30032.100,9.430,-53.600,1,-86.600,256,94.700,50.08179,16.80056
77,0,30034.800,9.430,-53.500,1,-86.600,256,94.700,50.08203,16.80184
77,1,30037.400,9.420,-53.500,1,-86.500,256,94.700,50.08225,16.80312
77,2,30039.200,9.420,-53.500,1,-86.500,256,94.600,50.08244,16.80438
77,3,30040.500,9.420,-53.400,1,-86.400,256,94.600,50.08262,16.80564
77,4,30042.100,9.420,-53.400,1,-86.400,256,94.500,50.08278,16.80690
77,5,30044.400,9.410,-53.400,1,-86.400,256,94.500,50.08293,16.80817
77,6,30047.200,9.410,-53.400,1,-86.300,256,94.500,50.08309,16.80945
77,7,30050.100,9.400,-53.400,1,-86.300,256,94.500,50.08326,16.81073
77,8,30052.600,9.400,-53.400,1,-86.200,256,94.500,50.08344,16.81200
77,9,30055.000,9.400,-53.400,1,-86.200,256,94.400,50.08363,16.81327
77,10,30057.400,9.390,-53.300,1,-86.200,256,94.400,50.08383,16.81453
77,11,30060.000,9.390,-53.300,1,-86.100,256,94.400,50.08405,16.81579
77,12,30062.800,9.390,-53.300,1,-86.100,256,94.400,50.08427,16.81706
77,13,30065.800,9.380,-53.300,1,-86.100,256,94.400,50.08451,16.81835
77,14,30068.800,9.380,-53.300,1,-86.000,256,94.400,50.08475,16.81965
77,15,30072.100,9.370,-53.300,1,-86.000,256,94.400,50.08498,16.82094
77,16,30075.400,9.370,-53.300,1,-86.000,256,94.400,50.08521,16.82222
77,17,30078.300,9.360,-53.300,1,-86.000,256,94.500,50.08542,16.82348
77,18,30080.900,9.360,-53.300,1,-86.000,256,94.500,50.08562,16.82473
77,19,30083.700,9.350,-53.300,1,-86.000,256,94.500,50.08580,16.82597
77,20,30087.100,9.350,-53.300,1,-86.000,256,94.500,50.08597,16.82723
77,21,30091.100,9.340,-53.300,1,-86.000,256,94.500,50.08614,16.82851
77,22,30095.400,9.340,-53.300,1,-86.000,256,94.600,50.08633,16.82980
77,23,30100.200,9.330,-53.300,1,-86.000,256,94.600,50.08654,16.83109
77,24,30105.100,9.320,-53.300,1,-86.000,256,94.600,50.08677,16.83238
77,25,30110.100,9.320,-53.300,1,-86.000,256,94.700,50.08701,16.83365
77,26,30115.200,9.310,-53.300,1,-86.000,255,94.700,50.08726,16.83492
77,27,30120.700,9.300,-53.300,1,-86.100,255,94.700,50.08752,16.83620
77,28,30126.600,9.290,-53.300,1,-86.100,255,94.800,50.08777,16.83747
77,29,30132.300,9.280,-53.300,1,-86.100,255,94.800,50.08801,16.83876
77,30,30137.900,9.280,-53.200,1,-86.100,255,94.900,50.08822,16.84004
77,31,30143.100,9.270,-53.200,1,-86.100,255,95.000,50.08841,16.84131
77,32,30148.200,9.260,-53.100,1,-86.100,255,95.000,50.08857,16.84257
77,33,30153.500,9.250,-53.000,1,-86.000,255,95.100,50.08873,16.84382
77,34,30159.700,9.250,-52.900,1,-86.000,255,95.200,50.08889,16.84507
77,35,30166.600,9.240,-52.800,1,-86.000,255,95.300,50.08906,16.84633
77,36,30173.500,9.230,-52.600,1,-85.900,255,95.300,50.08924,16.84761
77,37,30179.900,9.220,-52.500,1,-85.800,255,95.400,50.08945,16.84890
77,38,30185.900,9.210,-52.300,1,-85.800,255,95.500,50.08968,16.85020
77,39,30191.900,9.200,-52.200,1,-85.700,255,95.600,50.08994,16.85150
77,40,30198.200,9.190,-52.000,1,-85.600,255,95.700,50.09020,16.85279
77,41,30204.900,9.180,-51.900,1,-85.600,255,95.900,50.09048,16.85407
77,42,30212.200,9.170,-51.700,1,-85.500,255,96.000,50.09075,16.85534
77,43,30219.800,9.160,-51.600,1,-85.500,255,96.100,50.09101,16.85662
77,44,30227.400,9.150,-51.600,1,-85.500,255,96.200,50.09125,16.85791
77,45,30234.700,9.140,-51.500,1,-85.500,255,96.300,50.09148,16.85921
77,46,30242.000,9.130,-51.500,1,-85.500,255,96.300,50.09169,16.86051
77,47,30249.700,9.120,-51.500,1,-85.600,255,96.400,50.09189,16.86180
77,48,30258.100,9.110,-51.500,1,-85.600,255,96.500,50.09209,16.86309
77,49,30266.900,9.090,-51.500,1,-85.600,255,96.600,50.09229,16.86436
77,50,30276.100,9.080,-51.500,1,-85.700,255,96.600,50.09250,16.86563
77,51,30285.300,9.070,-51.400,1,-85.700,255,96.600,50.09273,16.86692
77,52,30294.400,9.060,-51.300,1,-85.600,255,96.700,50.09298,16.86822
77,53,30303.600,9.040,-51.300,1,-85.600,255,96.700,50.09325,16.86954
77,54,30313.600,9.030,-51.100,1,-85.500,255,96.600,50.09352,16.87087
77,55,30324.200,9.010,-51.000,1,-85.500,255,96.600,50.09378,16.87220
77,56,30334.800,9.000,-50.900,1,-85.400,255,96.500,50.09404,16.87353
77,57,30344.700,8.990,-50.800,1,-85.400,255,96.400,50.09429,16.87485
77,58,30354.300,8.970,-50.700,1,-85.300,255,96.300,50.09451,16.87617
77,59,30364.200,8.960,-50.600,1,-85.300,255,96.200,50.09471,16.87750
78,0,30374.700,8.940,-50.600,1,-85.200,255,96.100,50.09490,16.87885
78,1,30385.800,8.930,-50.500,1,-85.200,255,95.900,50.09509,16.88019
78,2,30397.600,8.910,-50.500,1,-85.200,255,95.700,50.09527,16.88152
78,3,30409.500,8.900,-50.400,1,-85.100,255,95.500,50.09545,16.88283
78,4,30421.100,8.880,-50.300,1,-85.100,255,95.300,50.09564,16.88412
78,5,30432.400,8.870,-50.200,1,-85.000,254,95.000,50.09586,16.88538
78,6,30443.600,8.850,-50.100,1,-85.000,254,94.800,50.09611,16.88663
78,7,30454.900,8.830,-50.000,1,-84.900,254,94.500,50.09637,16.88788
78,8,30466.400,8.820,-49.900,1,-84.800,254,94.200,50.09666,16.88913
78,9,30478.400,8.800,-49.800,1,-84.700,254,93.900,50.09694,16.89038
78,10,30491.300,8.790,-49.700,1,-84.600,254,93.600,50.09722,16.89162
78,11,30504.500,8.770,-49.600,1,-84.600,254,93.300,50.09748,16.89284
78,12,30517.100,8.750,-49.600,1,-84.500,254,93.000,50.09772,16.89406
78,13,30528.800,8.740,-49.600,1,-84.500,254,92.700,50.09794,16.89527
78,14,30540.400,8.720,-49.500,1,-84.400,254,92.300,50.09812,16.89650
78,15,30552.500,8.700,-49.500,1,-84.400,254,92.000,50.09830,16.89774
78,16,30565.200,8.690,-49.500,1,-84.400,254,91.700,50.09847,16.89901
78,17,30578.500,8.670,-49.500,1,-84.300,254,91.400,50.09865,16.90028
78,18,30592.300,8.650,-49.500,1,-84.300,254,91.100,50.09884,16.90154
78,19,30606.400,8.630,-49.600,1,-84.300,254,90.800,50.09905,16.90277
78,20,30620.200,8.610,-49.600,1,-84.300,254,90.500,50.09928,16.90397
78,21,30633.500,8.600,-49.600,1,-84.300,254,90.300,50.09953,16.90515
78,22,30646.700,8.580,-49.700,1,-84.300,254,90.000,50.09978,16.90631
78,23,30660.200,8.560,-49.800,1,-84.300,254,89.700,50.10004,16.90746
78,24,30674.000,8.540,-49.800,1,-84.300,254,89.500,50.10031,16.90861
78,25,30688.000,8.530,-49.900,1,-84.300,253,89.300,50.10057,16.90978
78,26,30702.300,8.510,-49.900,1,-84.300,253,89.100,50.10081,16.91095
78,27,30716.900,8.490,-50.000,1,-84.300,253,88.900,50.10104,16.91211
78,28,30731.400,8.470,-50.000,1,-84.200,253,88.700,50.10125,16.91328
78,29,30745.500,8.450,-50.000,1,-84.200,253,88.500,50.10145,16.91445
78,30,30759.500,8.430,-50.000,1,-84.200,253,88.400,50.10164,16.91563
78,31,30773.900,8.410,-50.100,1,-84.100,253,88.200,50.10183,16.91682
78,32,30788.800,8.390,-50.100,1,-84.100,253,88.100,50.10203,16.91802
78,33,30803.700,8.380,-50.100,1,-84.000,253,88.000,50.10226,16.91923
78,34,30818.400,8.360,-50.100,1,-84.000,253,88.000,50.10250,16.92042
78,35,30833.000,8.340,-50.100,1,-84.000,253,87.900,50.10276,16.92158
78,36,30847.800,8.320,-50.100,1,-83.900,253,87.900,50.10303,16.92270
78,37,30863.100,8.300,-50.100,1,-83.900,253,87.900,50.10329,16.92380
78,38,30878.700,8.280,-50.100,1,-83.800,253,87.900,50.10354,16.92490
78,39,30894.500,8.260,-50.100,1,-83.800,253,87.900,50.10378,16.92601
78,40,30910.100,8.240,-50.200,1,-83.800,253,88.000,50.10400,16.92714
78,41,30925.200,8.220,-50.200,1,-83.700,253,88.100,50.10421,16.92831
78,42,30939.900,8.200,-50.300,1,-83.700,253,88.200,50.10442,16.92949
78,43,30954.800,8.180,-50.400,1,-83.700,253,88.300,50.10462,16.93068
78,44,30970.400,8.160,-50.500,1,-83.800,253,88.400,50.10482,16.93186
78,45,30986.500,8.140,-50.600,1,-83.800,253,88.500,50.10501,16.93303
78,46,31002.700,8.120,-50.800,1,-83.800,253,88.700,50.10520,16.93419
78,47,31018.800,8.100,-50.900,1,-83.900,253,88.900,50.10540,16.93536
78,48,31035.100,8.080,-51.000,1,-83.900,253,89.000,50.10562,16.93653
78,49,31051.700,8.060,-51.200,1,-84.000,253,89.200,50.10586,16.93771
78,50,31068.300,8.040,-51.300,1,-84.000,253,89.400,50.10612,16.93890
78,51,31084.700,8.020,-51.400,1,-84.000,253,89.700,50.10640,16.94010
78,52,31101.300,8.000,-51.500,1,-84.000,253,89.900,50.10667,16.94129
78,53,31118.400,7.980,-51.600,1,-84.000,253,90.100,50.10694,16.94249
78,54,31135.400,7.960,-51.700,1,-84.000,253,90.300,50.10717,16.94369
78,55,31151.900,7.940,-51.800,1,-84.000,253,90.600,50.10739,16.94489
78,56,31168.100,7.920,-51.800,1,-84.000,253,90.800,50.10759,16.94610
78,57,31184.600,7.900,-51.900,1,-84.100,253,91.000,50.10778,16.94733
78,58,31201.700,7.880,-52.000,1,-84.100,253,91.200,50.10798,16.94857
78,59,31218.900,7.860,-52.100,1,-84.100,253,91.500,50.10819,16.94982
79,0,31236.100,7.840,-52.200,1,-84.100,253,91.700,50.10842,16.95107
79,1,31253.200,7.820,-52.300,1,-84.100,253,91.900,50.10866,16.95232
79,2,31270.400,7.800,-52.400,1,-84.100,253,92.100,50.10892,16.95357
79,3,31287.800,7.770,-52.500,1,-84.100,254,92.400,50.10917,16.95481
79,4,31305.200,7.750,-52.600,1,-84.100,254,92.600,50.10942,16.95604
79,5,31322.700,7.730,-52.700,1,-84.100,254,92.800,50.10968,16.95726
79,6,31340.300,7.710,-52.800,1,-84.200,254,93.000,50.10994,16.95848
79,7,31357.900,7.690,-52.900,1,-84.200,254,93.200,50.11020,16.95969
79,8,31375.700,7.670,-53.000,1,-84.200,254,93.300,50.11046,16.96091
79,9,31393.400,7.650,-53.100,1,-84.300,254,93.500,50.11071,16.96212
79,10,31410.800,7.630,-53.300,1,-84.300,254,93.700,50.11094,16.96335
79,11,31427.900,7.610,-53.400,1,-84.300,254,93.900,50.11116,16.96459
79,12,31444.800,7.590,-53.500,1,-84.400,254,94.000,50.11136,16.96585
79,13,31461.900,7.570,-53.700,1,-84.500,254,94.200,50.11156,16.96713
79,14,31479.100,7.550,-53.800,1,-84.500,254,94.300,50.11176,16.96842
79,15,31496.500,7.530,-54.000,1,-84.600,254,94.500,50.11199,16.96972
79,16,31513.900,7.510,-54.100,1,-84.600,254,94.600,50.11223,16.97103
79,17,31531.400,7.490,-54.200,1,-84.600,254,94.800,50.11248,16.97234
79,18,31549.200,7.470,-54.300,1,-84.700,254,94.900,50.11274,16.97363
79,19,31567.000,7.440,-54.500,1,-84.700,254,95.100,50.11299,16.97491
79,20,31584.600,7.420,-54.600,1,-84.700,254,95.200,50.11324,16.97618
79,21,31601.600,7.400,-54.700,1,-84.800,254,95.400,50.11348,16.97743
79,22,31618.500,7.380,-54.900,1,-84.800,254,95.500,50.11372,16.97868
79,23,31635.600,7.360,-55.000,2,-84.900,254,95.700,50.11395,16.97993
79,24,31652.800,7.350,-55.100,2,-84.900,255,95.800,50.11419,16.98119
79,25,31670.300,7.320,-55.300,2,-85.000,255,96.000,50.11443,16.98247
79,26,31687.900,7.300,-55.400,2,-85.000,255,96.100,50.11466,16.98375
79,27,31705.200,7.280,-55.500,2,-85.100,255,96.300,50.11488,16.98505
79,28,31721.800,7.270,-55.600,2,-85.100,255,96.500,50.11509,16.98635
79,29,31737.800,7.250,-55.700,2,-85.200,255,96.700,50.11529,16.98766
79,30,31753.900,7.230,-55.900,2,-85.200,255,96.900,50.11550,16.98897
79,31,31770.200,7.210,-56.000,2,-85.300,255,97.100,50.11572,16.99029
79,32,31786.600,7.190,-56.100,2,-85.400,255,97.400,50.11596,16.99160
79,33,31802.900,7.170,-56.200,2,-85.400,256,97.600,50.11621,16.99292
79,34,31819.100,7.160,-56.300,2,-85.500,256,97.900,50.11646,16.99422
79,35,31835.000,7.140,-56.400,2,-85.600,256,98.100,50.11670,16.99551
79,36,31850.500,7.120,-56.500,2,-85.600,256,98.400,50.11694,16.99677
79,37,31865.700,7.100,-56.600,2,-85.700,256,98.600,50.11717,16.99802
79,38,31881.100,7.090,-56.800,2,-85.800,256,98.900,50.11737,16.99928
79,39,31896.900,7.070,-56.900,2,-85.900,256,99.200,50.11757,17.00057
79,40,31912.700,7.050,-57.000,2,-86.000,256,99.400,50.11776,17.00189
79,41,31927.700,7.030,-57.100,2,-86.100,257,99.700,50.11795,17.00324
79,42,31941.700,7.020,-57.200,2,-86.200,257,100.000,50.11814,17.00462
79,43,31955.300,7.000,-57.300,2,-86.300,257,100.200,50.11832,17.00602
79,44,31968.700,6.990,-57.300,2,-86.400,257,100.500,50.11849,17.00743
79,45,31982.200,6.970,-57.400,2,-86.500,257,100.700,50.11866,17.00885
79,46,31995.800,6.960,-57.400,2,-86.600,257,100.900,50.11883,17.01026
79,47,32009.700,6.940,-57.500,1,-86.700,257,101.100,50.11900,17.01168
79,48,32023.800,6.930,-57.500,1,-86.800,257,101.300,50.11919,17.01309
79,49,32037.900,6.910,-57.400,1,-86.800,257,101.400,50.11940,17.01451
79,50,32051.800,6.900,-57.300,1,-86.800,257,101.600,50.11962,17.01594
79,51,32065.400,6.880,-57.200,1,-86.800,257,101.700,50.11984,17.01736
79,52,32078.600,6.870,-57.100,1,-86.800,257,101.800,50.12006,17.01878
79,53,32091.200,6.850,-57.000,1,-86.800,257,101.800,50.12026,17.02019
79,54,32103.300,6.840,-56.900,1,-86.800,257,101.900,50.12045,17.02160
79,55,32115.200,6.830,-56.700,1,-86.800,257,101.900,50.12064,17.02302
79,56,32127.100,6.820,-56.600,1,-86.800,257,101.900,50.12082,17.02442
79,57,32139.300,6.800,-56.500,1,-86.800,257,101.900,50.12102,17.02583
79,58,32151.400,6.790,-56.300,1,-86.800,257,101.900,50.12123,17.02723
79,59,32163.300,6.780,-56.200,1,-86.800,257,101.800,50.12145,17.02861
80,0,32174.700,6.760,-56.100,1,-86.800,257,101.700,50.12167,17.02998
80,1,32185.700,6.750,-56.100,1,-86.800,257,101.600,50.12189,17.03133
80,2,32196.400,6.740,-56.000,1,-86.900,257,101.500,50.12210,17.03268
80,3,32206.800,6.730,-56.000,1,-86.900,256,101.400,50.12231,17.03402
80,4,32216.700,6.720,-55.900,1,-86.900,256,101.300,50.12252,17.03536
80,5,32226.200,6.710,-55.900,1,-86.900,256,101.200,50.12272,17.03670
80,6,32235.200,6.700,-55.900,1,-87.000,256,101.000,50.12294,17.03804
80,7,32243.600,6.690,-55.900,1,-87.000,256,100.900,50.12316,17.03940
80,8,32251.600,6.680,-55.900,1,-87.000,256,100.800,50.12339,17.04076
80,9,32259.600,6.670,-55.800,1,-87.000,256,100.600,50.12362,17.04213
80,10,32268.000,6.670,-55.800,1,-87.000,256,100.500,50.12386,17.04351
80,11,32276.800,6.660,-55.800,1,-87.000,256,100.300,50.12409,17.04490
80,12,32285.700,6.650,-55.900,1,-87.000,256,100.200,50.12430,17.04629
80,13,32294.500,6.640,-55.900,1,-87.000,256,100.000,50.12451,17.04767
80,14,32302.800,6.630,-55.900,1,-87.000,256,99.900,50.12472,17.04903
80,15,32310.200,6.620,-55.900,1,-87.000,256,99.800,50.12494,17.05038
80,16,32316.400,6.620,-55.900,1,-87.000,256,99.600,50.12516,17.05171
80,17,32321.800,6.610,-55.900,1,-87.000,256,99.500,50.12540,17.05303
80,18,32326.900,6.600,-55.900,1,-87.000,255,99.400,50.12564,17.05433
80,19,32332.100,6.600,-56.000,1,-87.000,255,99.300,50.12588,17.05562
80,20,32337.600,6.590,-56.000,1,-87.000,255,99.200,50.12611,17.05691
80,21,32343.300,6.590,-56.000,1,-87.000,255,99.100,50.12632,17.05821
80,22,32349.000,6.580,-56.100,1,-87.100,255,99.100,50.12653,17.05954
80,23,32354.500,6.580,-56.100,1,-87.100,255,99.000,50.12674,17.06088
80,24,32359.900,6.570,-56.100,1,-87.100,255,99.000,50.12696,17.06225
80,25,32365.000,6.570,-56.100,1,-87.100,255,98.900,50.12718,17.06363
80,26,32369.700,6.560,-56.200,1,-87.100,255,98.900,50.12742,17.06502
80,27,32374.100,6.560,-56.200,1,-87.200,255,98.900,50.12766,17.06639
80,28,32378.400,6.550,-56.200,1,-87.200,255,98.900,50.12791,17.06774
80,29,32382.500,6.550,-56.100,1,-87.200,255,99.000,50.12816,17.06904
80,30,32385.900,6.540,-56.100,1,-87.200,256,99.000,50.12839,17.07031
80,31,32388.800,6.540,-56.100,1,-87.200,256,99.100,50.12862,17.07154
80,32,32391.400,6.540,-56.000,1,-87.200,256,99.200,50.12884,17.07276
80,33,32394.000,6.540,-56.000,1,-87.200,256,99.300,50.12905,17.07399
80,34,32396.600,6.530,-55.900,1,-87.300,256,99.400,50.12926,17.07522
80,35,32398.900,6.530,-55.800,1,-87.300,256,99.500,50.12948,17.07649
80,36,32400.500,6.530,-55.700,1,-87.300,256,99.600,50.12970,17.07779
80,37,32401.900,6.530,-55.600,1,-87.300,256,99.700,50.12992,17.07914
80,38,32403.700,6.530,-55.500,1,-87.300,256,99.900,50.13013,17.08055
80,39,32405.800,6.520,-55.400,1,-87.200,256,100.000,50.13034,17.08200
80,40,32408.100,6.520,-55.300,1,-87.200,256,100.200,50.13053,17.08347
80,41,32409.900,6.520,-55.100,1,-87.200,256,100.300,50.13072,17.08493
80,42,32411.000,6.520,-55.000,1,-87.200,256,100.500,50.13090,17.08638
80,43,32411.500,6.520,-54.800,1,-87.200,256,100.700,50.13110,17.08779
80,44,32411.600,6.520,-54.700,1,-87.200,256,100.800,50.13132,17.08917
82,41,32421.300,6.510,-42.900,1,-81.800,252,96.600,50.16106,17.24360
82,42,32430.800,6.500,-42.800,1,-81.800,252,96.700,50.16133,17.24491
82,43,32440.700,6.490,-42.700,1,-81.700,252,96.900,50.16160,17.24620
82,44,32450.600,6.480,-42.600,1,-81.700,252,97.000,50.16187,17.24747
82,45,32460.700,6.470,-42.500,1,-81.600,252,97.100,50.16214,17.24873
82,46,32471.200,6.460,-42.400,1,-81.600,252,97.300,50.16241,17.24997
82,47,32482.300,6.450,-42.300,1,-81.500,252,97.400,50.16268,17.25123
82,48,32493.800,6.440,-42.200,1,-81.400,253,97.600,50.16294,17.25250
82,49,32505.200,6.430,-42.100,1,-81.400,253,97.800,50.16320,17.25380
82,50,32516.500,6.420,-42.000,1,-81.300,253,97.900,50.16345,17.25512
82,51,32528.000,6.410,-41.900,1,-81.200,253,98.100,50.16370,17.25644
82,52,32539.700,6.400,-41.800,1,-81.200,253,98.300,50.16396,17.25776
82,53,32551.700,6.390,-41.700,1,-81.100,253,98.400,50.16422,17.25908
82,54,32564.100,6.380,-41.600,1,-81.100,253,98.600,50.16448,17.26040
82,55,32576.800,6.360,-41.600,1,-81.100,254,98.800,50.16475,17.26172
82,56,32589.900,6.350,-41.600,1,-81.100,254,99.000,50.16501,17.26306
82,57,32603.000,6.340,-41.500,1,-81.000,254,99.100,50.16526,17.26441
82,58,32616.100,6.330,-41.500,1,-81.000,254,99.300,50.16550,17.26577
82,59,32629.200,6.320,-41.600,1,-81.000,254,99.400,50.16573,17.26713
83,0,32642.500,6.300,-41.600,1,-81.000,254,99.600,50.16595,17.26847
83,1,32656.000,6.290,-41.600,1,-81.100,254,99.700,50.16616,17.26980
83,2,32669.900,6.280,-41.700,1,-81.100,254,99.800,50.16637,17.27112
83,3,32684.400,6.260,-41.800,1,-81.100,254,99.900,50.16658,17.27243
83,4,32699.400,6.250,-41.800,1,-81.100,254,100.000,50.16679,17.27376
83,5,32714.400,6.240,-41.900,1,-81.200,254,100.100,50.16701,17.27511
83,6,32729.000,6.220,-41.900,1,-81.200,254,100.200,50.16723,17.27649
83,7,32743.000,6.210,-42.000,1,-81.200,254,100.300,50.16745,17.27790
83,8,32757.100,6.200,-42.000,1,-81.200,254,100.400,50.16768,17.27932
83,9,32771.400,6.180,-42.000,1,-81.200,254,100.400,50.16792,17.28073
83,10,32786.100,6.170,-42.000,1,-81.200,254,100.500,50.16815,17.28213
83,11,32800.900,6.160,-42.000,1,-81.200,254,100.600,50.16839,17.28349
83,12,32815.700,6.140,-42.000,1,-81.100,254,100.600,50.16863,17.28482
83,13,32830.700,6.130,-42.000,1,-81.100,254,100.700,50.16887,17.28613
83,14,32846.000,6.120,-42.000,1,-81.100,254,100.700,50.16913,17.28744
83,15,32861.600,6.100,-41.900,1,-81.100,254,100.800,50.16938,17.28875
83,16,32877.200,6.090,-41.900,1,-81.000,254,100.900,50.16965,17.29008
83,17,32892.600,6.070,-41.900,1,-81.000,254,100.900,50.16991,17.29141
83,18,32908.000,6.060,-41.800,1,-80.900,253,101.000,50.17019,17.29274
83,19,32923.700,6.050,-41.800,1,-80.900,253,101.100,50.17046,17.29408
83,20,32939.400,6.030,-41.800,1,-80.900,253,101.200,50.17072,17.29540
83,21,32955.100,6.020,-41.800,1,-80.900,253,101.300,50.17099,17.29672
83,22,32970.800,6.000,-41.800,1,-80.900,253,101.400,50.17125,17.29805
83,23,32986.700,5.990,-41.800,1,-80.900,253,101.600,50.17152,17.29938
83,24,33002.800,5.980,-41.800,1,-80.900,253,101.700,50.17179,17.30073
83,25,33019.000,5.960,-41.900,1,-80.900,253,101.800,50.17206,17.30211
83,26,33035.000,5.950,-41.900,1,-80.900,253,102.000,50.17234,17.30350
83,27,33051.000,5.930,-42.000,1,-81.000,253,102.200,50.17261,17.30489
83,28,33066.700,5.920,-42.000,1,-81.000,253,102.400,50.17289,17.30627
83,29,33082.000,5.910,-42.100,1,-81.000,253,102.600,50.17317,17.30762
83,30,33097.100,5.890,-42.100,1,-81.100,253,102.800,50.17345,17.30895
83,31,33112.600,5.880,-42.200,1,-81.100,253,103.100,50.17373,17.31025
83,32,33128.800,5.870,-42.200,1,-81.100,253,103.300,50.17402,17.31155
83,33,33145.600,5.850,-42.200,1,-81.100,253,103.600,50.17431,17.31286
83,34,33162.500,5.840,-42.200,1,-81.100,253,103.800,50.17460,17.31420
83,35,33179.100,5.820,-42.200,1,-81.100,253,104.100,50.17489,17.31557
83,36,33195.400,5.810,-42.200,1,-81.100,253,104.400,50.17518,17.31696
83,37,33211.300,5.800,-42.200,1,-81.100,253,104.700,50.17545,17.31839
83,38,33227.300,5.780,-42.200,1,-81.100,253,105.000,50.17571,17.31982
83,39,33243.300,5.770,-42.200,1,-81.100,253,105.400,50.17595,17.32126
83,40,33259.600,5.750,-42.200,1,-81.100,253,105.700,50.17619,17.32270
83,41,33276.200,5.740,-42.100,1,-81.100,253,106.000,50.17642,17.32413
83,42,33292.900,5.730,-42.100,1,-81.100,253,106.300,50.17667,17.32557
83,43,33309.300,5.710,-42.000,1,-81.100,253,106.700,50.17693,17.32700
83,44,33325.100,5.700,-42.000,1,-81.000,253,107.000,50.17722,17.32843
83,45,33340.200,5.690,-42.000,1,-81.000,253,107.400,50.17754,17.32986
83,46,33355.300,5.670,-41.900,1,-81.000,253,107.700,50.17787,17.33127
83,47,33370.900,5.660,-41.900,1,-81.000,253,108.000,50.17821,17.33267
83,48,33387.100,5.650,-41.800,1,-80.900,253,108.400,50.17854,17.33406
83,49,33403.400,5.630,-41.800,1,-80.900,254,108.700,50.17886,17.33544
83,50,33419.500,5.620,-41.800,1,-80.900,254,109.000,50.17915,17.33683
83,51,33435.800,5.610,-41.900,1,-80.900,254,109.300,50.17942,17.33824
83,52,33452.400,5.590,-41.900,1,-80.900,254,109.600,50.17967,17.33969
83,53,33469.700,5.580,-41.900,1,-81.000,254,109.900,50.17991,17.34118
83,54,33487.100,5.560,-42.000,1,-81.000,254,110.200,50.18015,17.34273
83,55,33503.100,5.550,-42.000,1,-81.000,254,110.500,50.18039,17.34432
83,56,33516.800,5.540,-42.100,1,-81.100,254,110.800,50.18065,17.34592
83,57,33529.400,5.530,-42.100,1,-81.100,254,111.100,50.18091,17.34752
83,58,33542.200,5.520,-42.200,1,-81.100,255,111.400,50.18120,17.34910
83,59,33555.700,5.510,-42.200,1,-81.100,255,111.600,50.18149,17.35064
84,0,33569.700,5.500,-42.200,1,-81.100,255,111.900,50.18179,17.35212
84,1,33583.900,5.480,-42.200,1,-81.100,255,112.100,50.18208,17.35356
84,2,33598.100,5.470,-42.200,1,-81.100,255,112.300,50.18236,17.35497
84,3,33612.800,5.460,-42.200,1,-81.100,255,112.600,50.18263,17.35637
84,4,33628.300,5.450,-42.300,1,-81.000,255,112.800,50.18287,17.35780
84,5,33644.300,5.440,-42.300,1,-81.000,255,113.000,50.18311,17.35928
84,6,33659.100,5.420,-42.300,1,-81.000,256,113.100,50.18334,17.36080
84,7,33671.500,5.410,-42.300,1,-81.000,256,113.300,50.18357,17.36237
84,8,33682.300,5.410,-42.400,1,-81.000,256,113.500,50.18379,17.36397
84,9,33693.100,5.400,-42.400,1,-81.000,256,113.700,50.18401,17.36560
84,10,33705.000,5.390,-42.400,1,-81.000,256,113.800,50.18424,17.36724
84,11,33717.800,5.380,-42.500,1,-81.000,256,114.000,50.18446,17.36886
84,12,33730.900,5.370,-42.600,1,-81.100,256,114.100,50.18470,17.37046
84,13,33743.400,5.360,-42.600,1,-81.100,256,114.300,50.18494,17.37203
84,14,33754.900,5.350,-42.700,1,-81.100,256,114.400,50.18519,17.37356
84,15,33766.000,5.340,-42.800,1,-81.200,257,114.500,50.18546,17.37507
84,16,33777.200,5.330,-42.900,1,-81.200,257,114.600,50.18574,17.37657
84,17,33788.600,5.320,-43.000,1,-81.200,257,114.700,50.18602,17.37807
84,18,33800.200,5.310,-43.000,1,-81.300,257,114.800,50.18630,17.37958
84,19,33811.500,5.300,-43.100,1,-81.300,257,114.900,50.18657,17.38110
84,20,33822.500,5.290,-43.200,1,-81.300,257,115.000,50.18682,17.38264
84,21,33833.200,5.290,-43.200,1,-81.300,257,115.100,50.18704,17.38418
84,22,33843.200,5.280,-43.300,1,-81.400,257,115.200,50.18724,17.38574
84,23,33852.600,5.270,-43.300,1,-81.400,257,115.200,50.18742,17.38732
84,24,33861.700,5.260,-43.300,1,-81.400,257,115.300,50.18760,17.38892
84,25,33871.000,5.260,-43.400,1,-81.400,258,115.300,50.18776,17.39054
84,26,33880.600,5.250,-43.400,1,-81.400,258,115.400,50.18794,17.39218
84,27,33890.500,5.240,-43.500,1,-81.500,258,115.400,50.18814,17.39383
84,28,33900.100,5.230,-43.500,1,-81.500,258,115.400,50.18836,17.39547
84,29,33909.100,5.230,-43.500,1,-81.500,258,115.400,50.18859,17.39710
84,30,33917.000,5.220,-43.500,1,-81.600,258,115.400,50.18883,17.39868
84,31,33923.500,5.220,-43.600,1,-81.600,258,115.400,50.18908,17.40024
84,32,33929.700,5.210,-43.600,1,-81.600,258,115.400,50.18933,17.40175
84,33,33936.700,5.210,-43.600,1,-81.600,258,115.300,50.18957,17.40324
84,34,33945.100,5.200,-43.600,1,-81.700,258,115.300,50.18980,17.40474
84,35,33954.300,5.190,-43.600,1,-81.700,258,115.200,50.19002,17.40626
84,36,33963.100,5.180,-43.600,1,-81.700,258,115.200,50.19022,17.40783
84,37,33969.900,5.180,-43.600,1,-81.800,258,115.100,50.19041,17.40943
84,38,33974.100,5.180,-43.600,1,-81.800,258,115.000,50.19059,17.41106
84,39,33977.300,5.170,-43.600,1,-81.900,258,114.900,50.19075,17.41272
84,40,33980.900,5.170,-43.500,1,-81.900,258,114.700,50.19090,17.41440
84,41,33985.900,5.170,-43.500,1,-81.900,258,114.600,50.19104,17.41606
84,42,33992.100,5.160,-43.500,1,-82.000,258,114.500,50.19119,17.41770
84,43,33998.900,5.160,-43.400,1,-82.000,257,114.300,50.19136,17.41928
84,44,34005.200,5.150,-43.400,1,-82.000,257,114.200,50.19155,17.42081
84,45,34010.000,5.150,-43.300,1,-82.000,257,114.000,50.19176,17.42230
84,46,34012.900,5.150,-43.200,1,-82.100,257,113.800,50.19200,17.42376
84,47,34014.700,5.140,-43.100,1,-82.100,257,113.700,50.19228,17.42520
84,48,34016.700,5.140,-42.900,1,-82.100,257,113.500,50.19257,17.42665
84,49,34019.500,5.140,-42.800,1,-82.000,256,113.300,50.19288,17.42813
84,50,34023.000,5.140,-42.600,1,-82.000,256,113.200,50.19319,17.42966
84,51,34026.500,5.140,-42.400,1,-82.000,256,113.000,50.19348,17.43124
84,52,34029.500,5.130,-42.200,1,-81.900,256,112.800,50.19374,17.43286
84,53,34032.000,5.130,-42.000,1,-81.900,256,112.700,50.19398,17.43449
84,54,34034.300,5.130,-41.800,1,-81.900,255,112.500,50.19419,17.43612
84,55,34036.600,5.130,-41.600,1,-81.800,255,112.400,50.19437,17.43771
84,56,34038.700,5.130,-41.400,1,-81.800,255,112.200,50.19455,17.43924
84,57,34040.400,5.130,-41.200,1,-81.800,255,112.100,50.19473,17.44070
84,58,34041.500,5.120,-41.000,1,-81.800,254,112.000,50.19493,17.44211
84,59,34042.600,5.120,-40.800,1,-81.700,254,111.900,50.19517,17.44348
85,0,34043.800,5.120,-40.600,1,-81.700,254,111.800,50.19545,17.44485
85,1,34044.500,5.120,-40.400,1,-81.600,254,111.800,50.19578,17.44623
85,7,34045.100,5.120,-39.300,1,-80.800,253,111.600,50.19789,17.45536
85,8,34045.200,5.120,-39.100,1,-80.700,252,111.500,50.19817,17.45687
86,17,34048.300,5.120,-32.600,1,-76.500,251,102.100,50.22013,17.55406
86,18,34052.100,5.120,-32.600,1,-76.500,251,102.000,50.22043,17.55545
86,19,34056.100,5.110,-32.600,1,-76.500,251,101.900,50.22074,17.55685
86,20,34060.500,5.110,-32.600,1,-76.500,251,101.700,50.22106,17.55825
86,21,34065.200,5.110,-32.700,1,-76.500,251,101.600,50.22137,17.55963
86,22,34069.900,5.100,-32.700,1,-76.500,251,101.500,50.22169,17.56098
86,23,34074.700,5.100,-32.700,1,-76.500,251,101.300,50.22200,17.56231
86,24,34080.400,5.100,-32.700,1,-76.600,251,101.200,50.22231,17.56363
86,25,34086.700,5.090,-32.700,1,-76.600,251,101.100,50.22261,17.56494
86,26,34093.100,5.090,-32.800,1,-76.600,251,100.900,50.22290,17.56626
86,27,34099.000,5.080,-32.800,1,-76.600,251,100.800,50.22319,17.56758
86,28,34104.600,5.080,-32.800,1,-76.600,251,100.600,50.22346,17.56890
86,29,34110.200,5.080,-32.900,1,-76.600,251,100.500,50.22372,17.57022
86,30,34116.200,5.070,-32.900,1,-76.700,252,100.300,50.22398,17.57152
86,31,34123.000,5.070,-32.900,1,-76.700,252,100.200,50.22423,17.57283
86,32,34130.600,5.060,-32.900,1,-76.700,252,100.000,50.22450,17.57415
86,33,34138.500,5.050,-33.000,1,-76.700,252,99.900,50.22478,17.57549
86,34,34146.000,5.050,-33.000,1,-76.700,252,99.700,50.22507,17.57685
86,35,34153.100,5.040,-33.000,1,-76.700,252,99.600,50.22537,17.57822
86,36,34160.300,5.040,-33.000,1,-76.700,252,99.500,50.22567,17.57959
86,37,34168.000,5.030,-33.000,1,-76.800,252,99.300,50.22598,17.58093
86,38,34175.900,5.030,-33.000,1,-76.800,252,99.200,50.22628,17.58225
86,39,34183.300,5.020,-33.000,1,-76.800,252,99.100,50.22656,17.58352
86,40,34190.200,5.020,-33.100,1,-76.800,252,99.100,50.22684,17.58476
86,41,34197.200,5.010,-33.100,1,-76.800,252,99.000,50.22710,17.58600
86,42,34204.800,5.010,-33.000,1,-76.800,252,98.900,50.22737,17.58724
86,43,34213.100,5.000,-33.000,1,-76.800,252,98.900,50.22762,17.58851
86,44,34221.900,5.000,-33.000,1,-76.700,252,98.900,50.22787,17.58980
86,45,34230.600,4.990,-33.000,1,-76.700,252,98.900,50.22812,17.59112
86,46,34239.100,4.980,-32.900,1,-76.700,253,98.900,50.22837,17.59245
86,47,34247.800,4.980,-32.900,1,-76.600,253,98.900,50.22862,17.59378
86,48,34256.900,4.970,-32.800,1,-76.600,253,98.900,50.22889,17.59511
86,49,34266.300,4.960,-32.800,1,-76.600,253,99.000,50.22916,17.59643
86,50,34275.900,4.960,-32.700,1,-76.600,253,99.100,50.22943,17.59773
86,51,34285.800,4.950,-32.700,1,-76.600,253,99.200,50.22969,17.59902
86,52,34295.900,4.940,-32.700,1,-76.500,253,99.300,50.22995,17.60032
86,53,34306.200,4.940,-32.700,1,-76.500,253,99.400,50.23020,17.60163
86,54,34316.400,4.930,-32.700,1,-76.500,253,99.500,50.23044,17.60296
86,55,34326.100,4.920,-32.700,1,-76.500,253,99.700,50.23067,17.60431
86,56,34335.500,4.920,-32.700,1,-76.600,253,99.900,50.23090,17.60566
86,57,34345.100,4.910,-32.700,1,-76.600,253,100.100,50.23112,17.60702
86,58,34355.100,4.900,-32.700,1,-76.600,253,100.200,50.23136,17.60836
86,59,34365.600,4.890,-32.700,1,-76.600,253,100.400,50.23162,17.60968
87,0,34376.300,4.890,-32.700,1,-76.600,253,100.700,50.23188,17.61098
87,1,34387.100,4.880,-32.700,1,-76.600,253,100.900,50.23216,17.61228
87,2,34398.400,4.870,-32.700,1,-76.600,253,101.100,50.23245,17.61357
87,3,34410.200,4.860,-32.700,1,-76.500,253,101.300,50.23275,17.61489
87,4,34422.100,4.860,-32.700,1,-76.500,253,101.500,50.23304,17.61624
87,5,34433.800,4.850,-32.700,1,-76.500,253,101.800,50.23332,17.61762
87,6,34445.200,4.840,-32.700,1,-76.500,253,102.000,50.23360,17.61902
87,7,34456.500,4.830,-32.700,1,-76.600,253,102.300,50.23387,17.62044
87,8,34467.600,4.820,-32.800,1,-76.600,253,102.500,50.23413,17.62185
87,9,34478.600,4.820,-32.800,1,-76.600,253,102.800,50.23440,17.62325
87,10,34489.700,4.810,-32.900,1,-76.700,253,103.000,50.23467,17.62463
87,11,34501.400,4.800,-33.000,1,-76.700,253,103.300,50.23494,17.62600
87,12,34514.200,4.790,-33.100,1,-76.800,253,103.600,50.23522,17.62735
87,13,34527.400,4.780,-33.200,1,-76.900,253,103.800,50.23549,17.62871
87,14,34540.400,4.770,-33.300,1,-76.900,253,104.100,50.23576,17.63008
87,15,34552.900,4.770,-33.400,1,-77.000,253,104.400,50.23602,17.63146
87,16,34565.300,4.760,-33.500,1,-77.000,253,104.700,50.23628,17.63284
87,17,34578.200,4.750,-33.600,1,-77.100,252,104.900,50.23656,17.63422
87,18,34591.400,4.740,-33.700,1,-77.200,252,105.200,50.23684,17.63559
87,19,34604.700,4.730,-33.800,1,-77.200,252,105.500,50.23714,17.63696
87,20,34618.000,4.720,-33.900,1,-77.300,252,105.700,50.23745,17.63835
87,21,34631.300,4.710,-34.000,1,-77.400,252,106.000,50.23776,17.63974
87,22,34644.700,4.700,-34.100,1,-77.500,252,106.300,50.23807,17.64116
87,23,34658.000,4.690,-34.200,1,-77.500,252,106.500,50.23836,17.64259
87,24,34671.000,4.690,-34.400,1,-77.600,252,106.800,50.23865,17.64404
87,25,34683.800,4.680,-34.500,1,-77.700,252,107.000,50.23893,17.64548
87,26,34696.500,4.670,-34.600,1,-77.800,252,107.200,50.23921,17.64692
87,27,34709.400,4.660,-34.700,1,-77.900,252,107.500,50.23949,17.64834
87,28,34722.700,4.650,-34.800,1,-77.900,252,107.700,50.23978,17.64975
87,29,34736.400,4.640,-35.000,1,-78.000,252,107.800,50.24007,17.65115
87,30,34750.200,4.630,-35.100,1,-78.100,252,108.000,50.24036,17.65257
87,31,34764.100,4.620,-35.200,1,-78.100,252,108.200,50.24066,17.65400
87,32,34777.700,4.610,-35.300,1,-78.200,252,108.300,50.24094,17.65546
87,33,34791.800,4.610,-35.400,1,-78.300,252,108.400,50.24123,17.65694
87,34,34806.700,4.600,-35.500,1,-78.300,252,108.500,50.24151,17.65844
