id,title,author,year,category,type,externalUrl,resolvedUrl,downloadUrl,downloadRelation,format,availability,access,license,publicSharing,httpStatus,checkedAt,evidence
"1681_Mariotte","De la nature des couleurs (O povaze barev)","Edme Mariotte","1681","book","Kniha","","https://drive.google.com/file/d/1hFTtUv6uDwtnOAyuGCC2vQjN6OgjEx8S/view","https://drive.google.com/uc?export=download&id=1hFTtUv6uDwtnOAyuGCC2vQjN6OgjEx8S","primary-copy","","already_archived","existing-drive-copy","","review","","2026-08-04T09:12:29.066Z","Soubor už má v katalogu kopii na Google Drivu; oprávnění k dalšímu sdílení vyžaduje samostatnou kontrolu."
"WEB_Permanent_Service_for_Mean_S_PSMSL_amsterdamska_mereni_od_roku_1682_a5054f03","PSMSL: amsterdamská měření od roku 1682","Permanent Service for Mean Sea Level","1682","organization","Datový portál nebo soubor","https://psmsl.org/data/longrecords/ancill_rep.htm","https://psmsl.org/data/longrecords/ancill_rep.htm","","","","manual_data_download","data-portal","","review","206","2026-08-04T09:12:32.599Z","Zdroj je dostupný datový portál, ale konkrétní soubor vyžaduje výběr dat nebo ruční export."
"WEB_db_huntbot_org_Original_Linnaean_Dissertations_Hunt_Institute_f_b8827d4c","Original Linnaean Dissertations | Hunt Institute for Botanical Documentation","Hunt Institute for Botanical Documentation","1756","organization","Metodická dokumentace","https://db.huntbot.org/linndiss/72/","https://db.huntbot.org/linndiss/72/","","","","web_only","web-page","","not_applicable","200","2026-08-04T09:12:32.649Z","Stránka je dostupná, ale neobsahuje automaticky rozpoznatelný soubor ke stažení."
"1767_Saussure","Voyages dans les Alpes (Cesty po Alpách)","Horace-Bénédict de Saussure","1767","book","Kniha","","https://drive.google.com/file/d/1WaJkNLg7jPsZ3it7opQ1LobD7AzOy8AV/view","https://drive.google.com/uc?export=download&id=1WaJkNLg7jPsZ3it7opQ1LobD7AzOy8AV","primary-copy","","already_archived","existing-drive-copy","","review","","2026-08-04T09:12:29.066Z","Soubor už má v katalogu kopii na Google Drivu; oprávnění k dalšímu sdílení vyžaduje samostatnou kontrolu."
"WEB_Google_Books_Essais_sur_l_hygrometrie_1er_Essai_Description_d_bb9f5517","Essais sur l'hygrométrie","Horace-Bénédict de Saussure","1783","book","Kniha","https://books.google.com/books?id=Zmkfb8I-kVEC","https://books.google.cz/books?id=Zmkfb8I-kVEC&redir_esc=y","","","","web_only","web-page","","not_applicable","200","2026-08-04T09:12:32.764Z","Stránka je dostupná, ale neobsahuje automaticky rozpoznatelný soubor ke stažení."
"1801_Herschel","Experiments on the Refrangibility of the Invisible Rays of the Sun","William Herschel","1800","science","Studie","","https://drive.google.com/file/d/17-KtOmjoq0FuBnixuXs4qhBsmTrJoSqw/view","https://drive.google.com/uc?export=download&id=17-KtOmjoq0FuBnixuXs4qhBsmTrJoSqw","primary-copy","","already_archived","existing-drive-copy","","review","","2026-08-04T09:12:29.066Z","Soubor už má v katalogu kopii na Google Drivu; oprávnění k dalšímu sdílení vyžaduje samostatnou kontrolu."
"1804_Leslie","An Experimental Inquiry into the Nature and Propagation of Heat","John Leslie","1804","book","Kniha","","https://drive.google.com/file/d/1fAT9WjbOuIVrIL1pLJIF8koWMfVxl-yv/view","https://drive.google.com/uc?export=download&id=1fAT9WjbOuIVrIL1pLJIF8koWMfVxl-yv","primary-copy","","already_archived","existing-drive-copy","","review","","2026-08-04T09:12:29.066Z","Soubor už má v katalogu kopii na Google Drivu; oprávnění k dalšímu sdílení vyžaduje samostatnou kontrolu."
"1824_Fourier","Remarques générales sur les températures du globe terrestre et des espaces planétaires","Joseph Fourier","1824","science","Studie","","https://drive.google.com/file/d/1h9pv2MwWFjeZTcIcrFm7TM8EmkBM5TFl/view","https://drive.google.com/uc?export=download&id=1h9pv2MwWFjeZTcIcrFm7TM8EmkBM5TFl","primary-copy","","already_archived","existing-drive-copy","","review","","2026-08-04T09:12:29.066Z","Soubor už má v katalogu kopii na Google Drivu; oprávnění k dalšímu sdílení vyžaduje samostatnou kontrolu."
"1840_Agassiz","Études sur les glaciers (Studie o ledovcích)","Louis Agassiz","1840","book","Kniha","","https://drive.google.com/file/d/1y8BZ81B-tPFX28s-4QwDCiYKjMLgh-KO/view","https://drive.google.com/uc?export=download&id=1y8BZ81B-tPFX28s-4QwDCiYKjMLgh-KO","primary-copy","","already_archived","existing-drive-copy","","review","","2026-08-04T09:12:29.066Z","Soubor už má v katalogu kopii na Google Drivu; oprávnění k dalšímu sdílení vyžaduje samostatnou kontrolu."
"1856_Foote","Circumstances Affecting the Heat of the Sun's Rays","Eunice Newton Foote","1856","science","Studie","","https://drive.google.com/file/d/15oymxiaSMzXA98QHhlvsMRLOZGohHEFj/view","https://drive.google.com/uc?export=download&id=15oymxiaSMzXA98QHhlvsMRLOZGohHEFj","primary-copy","","already_archived","existing-drive-copy","","review","","2026-08-04T09:12:29.066Z","Soubor už má v katalogu kopii na Google Drivu; oprávnění k dalšímu sdílení vyžaduje samostatnou kontrolu."
"1862_Tyndall","On the Absorption and Radiation of Heat by Gases and Vapours","John Tyndall","1861","science","Studie","","https://drive.google.com/file/d/16tQmPe8jO8sTpmKTBmUjCzqxz4i6W_hY/view","https://drive.google.com/uc?export=download&id=16tQmPe8jO8sTpmKTBmUjCzqxz4i6W_hY","primary-copy","","already_archived","existing-drive-copy","","review","","2026-08-04T09:12:29.066Z","Soubor už má v katalogu kopii na Google Drivu; oprávnění k dalšímu sdílení vyžaduje samostatnou kontrolu."
"1864_Croll","On the Physical Cause of the Change of Climate during Geological Epochs","James Croll","1864","science","Studie","","https://drive.google.com/file/d/1vsCMQbkVqpuDHsCNj00ANCU6tdvADrF4/view","https://drive.google.com/uc?export=download&id=1vsCMQbkVqpuDHsCNj00ANCU6tdvADrF4","primary-copy","","already_archived","existing-drive-copy","","review","","2026-08-04T09:12:29.066Z","Soubor už má v katalogu kopii na Google Drivu; oprávnění k dalšímu sdílení vyžaduje samostatnou kontrolu."
"1871_Siemens_Thermometry","The Bakerian Lecture: On the Increase of Electrical Resistance in Conductors with Rise of Temperature","Charles William Siemens","1871","science","Původní práce a rukopis","https://makingscience.royalsociety.org/items/ap_53_8/unpublished-paper-the-bakerian-lecture-on-the-increase-of-electrical-resistance-in-conductors-with-rise-of-temperature-and-its-application-to-the-measure-of-ordinary-and-furnace-temperatures-also-on-a-simple-method-of-measuring-electrical-resistances-by-c-w-charles-william-siemens","https://makingscience.royalsociety.org/items/ap_53_8/unpublished-paper-the-bakerian-lecture-on-the-increase-of-electrical-resistance-in-conductors-with-rise-of-temperature-and-its-application-to-the-measure-of-ordinary-and-furnace-temperatures-also-on-a-simple-method-of-measuring-electrical-resistances-by-c-w-charles-william-siemens","","","","open_access_manual","browser-verified-download","","review","","2026-08-04T09:19:25.641Z","Royal Society zobrazuje digitalizovaný rukopis a nabízí export PDF; automatické požadavky server odmítá."
"WEB_biodiversitylibrary_org_Digitalizovany_puvodni_svazek_6958270a","Digitalizovaný původní svazek","Biodiversity Heritage Library","1880","organization","Institucionální zdroj","https://www.biodiversitylibrary.org/item/23752","https://www.biodiversitylibrary.org/item/23752","","","","open_access_manual","browser-verified-download","public-domain","yes","","2026-08-04T09:19:25.642Z","Biodiversity Heritage Library poskytuje digitalizovaný historický svazek a nástroje pro jeho stažení; automatické požadavky server odmítá."
"1884_Langley","Researches on Solar Heat and its Absorption by the Earth's Atmosphere","Samuel Pierpont Langley","1884","science","Report","","https://drive.google.com/file/d/1RFtDRgwXmn8ETxmUdINDzs8IDMoFmJyY/view","https://drive.google.com/uc?export=download&id=1RFtDRgwXmn8ETxmUdINDzs8IDMoFmJyY","primary-copy","","already_archived","existing-drive-copy","","review","","2026-08-04T09:12:29.066Z","Soubor už má v katalogu kopii na Google Drivu; oprávnění k dalšímu sdílení vyžaduje samostatnou kontrolu."
"1887_Callendar_Thermometry","On the Practical Measurement of Temperature: Experiments Made at the Cavendish Laboratory, Cambridge","Hugh Longbourne Callendar","1887","science","Původní studie","https://doi.org/10.1098/rsta.1887.0006","https://royalsocietypublishing.org/rsta/article/doi/10.1098/rsta.1887.0006/107600/VI-On-the-practical-measurement-of-temperature","","","","restricted_or_landing_only","closed-or-unknown","","no","403","2026-08-04T09:12:30.144Z","OpenAlex: uzavřený přístup. Veřejně dostupný plný soubor nebyl potvrzen."
"1894_Hogbom","Om sannolikheten för sekulära förändringar i atmosfärens kolsyrehalt","Arvid Högbom","1894","science","Studie","","https://drive.google.com/file/d/1l_AeVv8G8S0BKzzUr4bTvQZN5-gN_VxH/view","https://drive.google.com/uc?export=download&id=1l_AeVv8G8S0BKzzUr4bTvQZN5-gN_VxH","primary-copy","","already_archived","existing-drive-copy","","review","","2026-08-04T09:12:29.066Z","Soubor už má v katalogu kopii na Google Drivu; oprávnění k dalšímu sdílení vyžaduje samostatnou kontrolu."
"1896_Arrhenius","On the Influence of Carbonic Acid in the Air upon the Temperature of the Ground","Svante Arrhenius","1896","science","Studie","","https://drive.google.com/file/d/1-gReg5x8Tsm43c7GCDEB6JV80VXDj0VU/view","https://drive.google.com/uc?export=download&id=1-gReg5x8Tsm43c7GCDEB6JV80VXDj0VU","primary-copy","","already_archived","existing-drive-copy","","review","","2026-08-04T09:12:29.066Z","Soubor už má v katalogu kopii na Google Drivu; oprávnění k dalšímu sdílení vyžaduje samostatnou kontrolu."
"WEB_journals_ametsoc_org_The_International_Aeronautical_Congress_at_Berli_8cb3a239","The International Aeronautical Congress at Berlin","American Meteorological Society","1902","organization","Institucionální zdroj","https://journals.ametsoc.org/view/journals/mwre/30/7/1520-0493-30_7_356.xml","https://journals.ametsoc.org/view/journals/mwre/30/7/1520-0493-30_7_356.xml","","","","open_access_manual","browser-verified-download","public-domain","yes","","2026-08-04T09:19:25.642Z","Stránka Monthly Weather Review nabízí plný text i PDF práce z roku 1902; automatické požadavky server odmítá."
"DOI_10_1038_095262a0","Recording Rain Gauges","HUGH ROBERT MILL","1915","science","Studie","https://doi.org/10.1038/095262a0","https://doi.org/10.1038/095262a0","","","","open_access_manual","open-access-bronze","","review","200","2026-08-04T09:12:33.060Z","OpenAlex: otevřený přístup (bronze). Otevřený plný text je evidován, ale audit nepotvrdil stabilní přímou adresu souboru."
"DOI_10_1093_icesjms_4_3_267","On the Determination of pH in Seawater at Different Temperatures","K. Buch","1929","science","Studie","https://doi.org/10.1093/icesjms/4.3.267","https://academic.oup.com/icesjms/article-lookup/doi/10.1093/icesjms/4.3.267","","","","restricted_or_landing_only","closed-or-unknown","","no","403","2026-08-04T09:12:33.402Z","OpenAlex: uzavřený přístup. Veřejně dostupný plný soubor nebyl potvrzen."
"DOI_10_1093_icesjms_5_3_401","Reviews","A. P. O.","1930","science","Studie","https://doi.org/10.1093/icesjms/5.3.401","https://doi.org/10.1093/icesjms/5.3.401","","","","open_access_manual","open-access-bronze","","review","403","2026-08-04T09:12:33.587Z","OpenAlex: otevřený přístup (bronze). Otevřený plný text je evidován, ale audit nepotvrdil stabilní přímou adresu souboru."
"WEB_Permanent_Service_for_Mean_S_About_PSMSL_7904d751","About PSMSL","Permanent Service for Mean Sea Level","1933","organization","Institucionální zdroj","https://psmsl.org/about_us/","https://psmsl.org/about_us/","","","","web_only","web-page","","not_applicable","200","2026-08-04T09:12:33.681Z","Stránka je dostupná, ale neobsahuje automaticky rozpoznatelný soubor ke stažení."
"WEB_elischolar_library_yale_edu_A_bathythermograph_d06b1b5c","A bathythermograph","Yale University Library","1938","organization","Institucionální zdroj","https://elischolar.library.yale.edu/journal_of_marine_research/522/","https://elischolar.library.yale.edu/journal_of_marine_research/522/","","","","web_only","web-page","","not_applicable","200","2026-08-04T09:12:33.726Z","Stránka je dostupná, ale neobsahuje automaticky rozpoznatelný soubor ke stažení."
"1938_Callendar","The Artificial Production of Carbon Dioxide and its Influence on Temperature","Guy Stewart Callendar","1938","science","Studie","https://doi.org/10.1002/qj.49706427503","https://drive.google.com/file/d/1hL9njRIBCqEfW3qz8cV2GidMB7QeKCZr/view","https://drive.google.com/uc?export=download&id=1hL9njRIBCqEfW3qz8cV2GidMB7QeKCZr","primary-copy","","already_archived","existing-drive-copy","","review","","2026-08-04T09:12:29.066Z","Soubor už má v katalogu kopii na Google Drivu; oprávnění k dalšímu sdílení vyžaduje samostatnou kontrolu."
"WEB_Copernicus_ERA5_hourly_data_on_single_levels_from_1940_to_p_7e4f50d4","ERA5 hourly data on single levels from 1940 to present","Copernicus","1940","organization","Datový portál nebo soubor","https://cds.climate.copernicus.eu/datasets/reanalysis-era5-single-levels","https://cds.climate.copernicus.eu/datasets/reanalysis-era5-single-levels?tab=overview","","","","manual_data_download","data-portal","","review","200","2026-08-04T09:12:33.899Z","Zdroj je dostupný datový portál, ale konkrétní soubor vyžaduje výběr dat nebo ruční export."
"1941_Milankovic","Kanon der Erdbestrahlung und seine Anwendung auf das Eiszeitenproblem","Milutin Milanković","1941","book","Kniha","","https://drive.google.com/file/d/19N2a7IvozAvjVkxuqw9XHJV2UlU9m2Jt/view","https://drive.google.com/uc?export=download&id=19N2a7IvozAvjVkxuqw9XHJV2UlU9m2Jt","primary-copy","","already_archived","existing-drive-copy","","review","","2026-08-04T09:12:29.066Z","Soubor už má v katalogu kopii na Google Drivu; oprávnění k dalšímu sdílení vyžaduje samostatnou kontrolu."
"1952_Libby","Radiocarbon Dating","Willard Libby","1952","book","Kniha","","https://drive.google.com/file/d/1oQH4eoKfATFNVo0PQZDdZAhLhcOXBKqD/view","https://drive.google.com/uc?export=download&id=1oQH4eoKfATFNVo0PQZDdZAhLhcOXBKqD","primary-copy","","already_archived","existing-drive-copy","","review","","2026-08-04T09:12:29.066Z","Soubor už má v katalogu kopii na Google Drivu; oprávnění k dalšímu sdílení vyžaduje samostatnou kontrolu."
"1955_Emiliani","Pleistocene Temperatures","Cesare Emiliani","1955","science","Studie","","https://drive.google.com/file/d/1BUN9N05ph73dKAEPpzYsXT7QpjaJ6X6A/view","https://drive.google.com/uc?export=download&id=1BUN9N05ph73dKAEPpzYsXT7QpjaJ6X6A","primary-copy","","already_archived","existing-drive-copy","","review","","2026-08-04T09:12:29.066Z","Soubor už má v katalogu kopii na Google Drivu; oprávnění k dalšímu sdílení vyžaduje samostatnou kontrolu."
"1956_Plass","The Carbon Dioxide Theory of Climatic Change","Gilbert N. Plass","1956","science","Studie","","https://drive.google.com/file/d/1OQv4tb6jf8V3dPy_01bCkfL2DIbKjQ0_/view","https://drive.google.com/uc?export=download&id=1OQv4tb6jf8V3dPy_01bCkfL2DIbKjQ0_","primary-copy","","already_archived","existing-drive-copy","","review","","2026-08-04T09:12:29.066Z","Soubor už má v katalogu kopii na Google Drivu; oprávnění k dalšímu sdílení vyžaduje samostatnou kontrolu."
"DOI_10_3402_tellusa_v10i2_9231","On the Amount of Carbon Dioxide in the Atmosphere","G. S. Callendar","1958","science","Studie","https://doi.org/10.3402/tellusa.v10i2.9231","https://tellusjournal.org/articles/10.3402/tellusa.v10i2.9231","https://tellusjournal.org/articles/3586/files/657ab3cf3afd9.pdf","primary-copy","pdf","confirmed_download","open-access-hybrid","cc-by","yes_with_attribution","206","2026-08-04T09:12:34.588Z","OpenAlex: otevřený přístup (hybrid). Přímý soubor ověřen přes publication metadata; HTTP 206, application/pdf."
"DOI_10_1016_0016_7037_58_90033_4","The concentration and isotopic abundances of atmospheric carbon dioxide in rural areas","Charles D Keeling","1958","science","Studie","https://doi.org/10.1016/0016-7037(58)90033-4","https://linkinghub.elsevier.com/retrieve/pii/0016703758900334","","","","restricted_or_landing_only","closed-or-unknown","","no","200","2026-08-04T09:12:34.150Z","OpenAlex: uzavřený přístup. Veřejně dostupný plný soubor nebyl potvrzen."
"1958_Keeling","Začátek souvislého měření CO₂ na Mauna Loa","Charles David Keeling","1958","science","Měřicí program","https://www.scrippsco2.ucsd.edu/history_legacy/early_keeling_curve.html","https://www.scrippsco2.ucsd.edu/history_legacy/early_keeling_curve.html","","","","web_only","browser-verified-web-page","","not_applicable","","2026-08-04T09:19:25.639Z","Historická stránka Scripps je veřejně dostupná v prohlížeči, ale není samostatným dokumentem."
"DOI_10_1111_j_2153_3490_1960_tb01300_x","The Concentration and Isotopic Abundances of Carbon Dioxide in the Atmosphere","Charles D. Keeling","1960","science","Studie","https://doi.org/10.1111/j.2153-3490.1960.tb01300.x","https://tellusjournal.org/articles/10.3402/tellusa.v12i2.9366","https://tellusjournal.org/articles/3457/files/6572a8eb567d8.pdf","primary-copy","pdf","confirmed_download","open-access-hybrid","cc-by","yes_with_attribution","206","2026-08-04T09:12:34.624Z","OpenAlex: otevřený přístup (hybrid). Přímý soubor ověřen přes publication metadata; HTTP 206, application/pdf."
"DOI_10_1002_qj_49708737102","Temperature fluctuations and trends over the earth","G. S. Callendar","1961","science","Studie","https://doi.org/10.1002/qj.49708737102","https://rmets.onlinelibrary.wiley.com/doi/10.1002/qj.49708737102","","","","restricted_or_landing_only","closed-or-unknown","","no","403","2026-08-04T09:12:34.764Z","OpenAlex: uzavřený přístup. Veřejně dostupný plný soubor nebyl potvrzen."
"DOI_10_3189_s002214300002757x","Mass Balance Studies in Kebnekajse","Valter Schytt","1962","science","Studie","https://doi.org/10.3189/S002214300002757X","https://www.cambridge.org/core/journals/journal-of-glaciology/article/mass-balance-studies-in-kebnekajse/70847C791ECD897CF8F1EE494930FF6B","https://www.cambridge.org/core/services/aop-cambridge-core/content/view/70847C791ECD897CF8F1EE494930FF6B/S002214300002757Xa.pdf/div-class-title-mass-balance-studies-in-kebnekajse-div.pdf","primary-copy","pdf","confirmed_download","public-file-without-confirmed-oa-status","","review","206","2026-08-04T09:12:34.833Z","OpenAlex: uzavřený přístup. Přímý soubor ověřen přes publication metadata; HTTP 206, application/pdf."
"DOI_10_1061_jrcea4_0000523","Development of Rain Gages","Asit K. Biswas","1967","science","Studie","https://doi.org/10.1061/JRCEA4.0000523","https://ascelibrary.org/doi/10.1061/JRCEA4.0000523","","","","restricted_or_landing_only","closed-or-unknown","","no","403","2026-08-04T09:12:35.542Z","OpenAlex: uzavřený přístup. Veřejně dostupný plný soubor nebyl potvrzen."
"1967_Manabe_Wetherald","Thermal Equilibrium of the Atmosphere with a Given Distribution of Relative Humidity","Syukuro Manabe a Richard T. Wetherald","1967","science","Studie","https://doi.org/10.1175/1520-0469(1967)024%3C0241:TEOTAW%3E2.0.CO;2","https://doi.org/10.1175/1520-0469(1967)024<0241:teotaw>2.0.co;2","","","","open_access_manual","open-access-bronze","","review","403","2026-08-04T09:12:29.066Z","OpenAlex: otevřený přístup (bronze). Otevřený plný text je evidován, ale audit nepotvrdil stabilní přímou adresu souboru."
"1968_Steinhart_Hart","Calibration Curves for Thermistors","John S. Steinhart a Stanley R. Hart","1968","science","Původní studie","https://doi.org/10.1016/0011-7471(68)90057-0","https://linkinghub.elsevier.com/retrieve/pii/0011747168900570","","","","restricted_or_landing_only","closed-or-unknown","","no","200","2026-08-04T09:12:30.456Z","OpenAlex: uzavřený přístup. Veřejně dostupný plný soubor nebyl potvrzen."
"DOI_10_1029_jc075i036p07648","A carbonate chemistry profile at the 1969 Geosecs Intercalibration Station in the eastern Pacific Ocean","Taro Takahashi a kol.","1970","science","Studie","https://doi.org/10.1029/JC075i036p07648","https://onlinelibrary.wiley.com/doi/10.1029/JC075i036p07648","","","","restricted_or_landing_only","closed-or-unknown","","no","403","2026-08-04T09:12:35.741Z","OpenAlex: uzavřený přístup. Veřejně dostupný plný soubor nebyl potvrzen."
"DOI_10_1017_s0080455x00002083","On the History of Recording Tide Gauges","Wolfgang Matthäus","1972","science","Studie","https://doi.org/10.1017/S0080455X00002083","https://www.cambridge.org/core/journals/proceedings-of-the-royal-society-of-edinburgh-section-b-biological-sciences/article/abs/on-the-history-of-recording-tide-gauges/A2759E283D0D31D6E12593E1567609EC","","","","restricted_or_landing_only","closed-or-unknown","","no","200","2026-08-04T09:12:35.827Z","OpenAlex: uzavřený přístup. Veřejně dostupný plný soubor nebyl potvrzen."
"DOI_10_1111_j_2153_3490_1976_tb00701_x","Atmospheric carbon dioxide variations at Mauna Loa Observatory, Hawaii","Charles D. Keeling a kol.","1976","science","Studie","https://doi.org/10.1111/j.2153-3490.1976.tb00701.x","https://tellusjournal.org/articles/10.3402/tellusa.v28i6.11322","https://tellusjournal.org/articles/2423/files/submission/proof/2423-1-45240-1-10-20221011.pdf","primary-copy","pdf","confirmed_download","public-file-without-confirmed-oa-status","cc-by-4.0","yes_with_attribution","206","2026-08-04T09:12:35.904Z","OpenAlex: uzavřený přístup. Přímý soubor ověřen přes publication metadata; HTTP 206, application/pdf."
"1976_Hays_Imbrie_Shackleton","Variations in the Earth's Orbit: Pacemaker of the Ice Ages","James D. Hays, John Imbrie a Nicholas J. Shackleton","1976","science","Studie","https://doi.org/10.1126/science.194.4270.1121","https://www.science.org/doi/10.1126/science.194.4270.1121","","","","restricted_or_landing_only","closed-or-unknown","","no","403","2026-08-04T09:12:29.089Z","OpenAlex: uzavřený přístup. Veřejně dostupný plný soubor nebyl potvrzen."
"DOI_10_1038_274539a0","Ice sheet topography by satellite altimetry","R. L. Brooks a kol.","1978","science","Studie","https://doi.org/10.1038/274539a0","https://www.nature.com/articles/274539a0?error=cookies_not_supported&code=2c55e5cd-bcb9-4137-a9a9-c2b7f85bd53d","","","","restricted_or_landing_only","closed-or-unknown","","no","200","2026-08-04T09:12:36.216Z","OpenAlex: uzavřený přístup. Veřejně dostupný plný soubor nebyl potvrzen."
"1979_Charney","Carbon Dioxide and Climate: A Scientific Assessment","Jule Charney a kol.","1979","science","Odborná hodnoticí zpráva","https://nap.nationalacademies.org/catalog/12181/carbon-dioxide-and-climate-a-scientific-assessment","https://www.nationalacademies.org/publications/12181","","","","web_only","web-page","","not_applicable","206","2026-08-04T09:12:29.089Z","Stránka je dostupná, ale neobsahuje automaticky rozpoznatelný soubor ke stažení."
"DOI_10_1016_0012_821x_81_90090_x","Measurements of total carbon dioxide and alkalinity by potentiometric titration in the GEOSECS program","Alvin L. Bradshaw a kol.","1981","science","Studie","https://doi.org/10.1016/0012-821X(81)90090-X","https://linkinghub.elsevier.com/retrieve/pii/0012821X8190090X","","","","restricted_or_landing_only","closed-or-unknown","","no","200","2026-08-04T09:12:37.014Z","OpenAlex: uzavřený přístup. Veřejně dostupný plný soubor nebyl potvrzen."
"DOI_10_1038_295220a0","Ice core sample measurements give atmospheric CO₂ content during the past 40,000 yr","A. Neftel a kol.","1982","science","Studie","https://doi.org/10.1038/295220a0","https://www.nature.com/articles/295220a0?error=cookies_not_supported&code=97963552-58fd-4a4e-a0f3-8537425cb33a","","","","restricted_or_landing_only","closed-or-unknown","","no","200","2026-08-04T09:12:37.524Z","OpenAlex: uzavřený přístup. Veřejně dostupný plný soubor nebyl potvrzen."
"DOI_10_1029_jd089id04p05355","Determination of sea ice parameters with the NIMBUS 7 SMMR","D. J. Cavalieri a kol.","1984","science","Studie","https://doi.org/10.1029/JD089iD04p05355","https://agupubs.onlinelibrary.wiley.com/doi/10.1029/JD089iD04p05355","","","","restricted_or_landing_only","closed-or-unknown","","no","403","2026-08-04T09:12:37.566Z","OpenAlex: uzavřený přístup. Veřejně dostupný plný soubor nebyl potvrzen."
"DOI_10_1016_0016_7037_84_90225_4","pH scales and proton-transfer reactions in saline media such as sea water","A.G Dickson","1984","science","Studie","https://doi.org/10.1016/0016-7037(84)90225-4","https://linkinghub.elsevier.com/retrieve/pii/0016703784902254","","","","restricted_or_landing_only","closed-or-unknown","","no","200","2026-08-04T09:12:37.706Z","OpenAlex: uzavřený přístup. Veřejně dostupný plný soubor nebyl potvrzen."
"DOI_10_1016_0304_4203_85_90028_3","Coulometric TCO₂ Analyses for Marine Studies: An Introduction","Kenneth M. Johnson, A. E. King a J. McN. Sieburth","1985","science","Studie","https://doi.org/10.1016/0304-4203(85)90028-3","https://linkinghub.elsevier.com/retrieve/pii/0304420385900283","","","","restricted_or_landing_only","closed-or-unknown","","no","200","2026-08-04T09:12:37.978Z","OpenAlex: uzavřený přístup. Veřejně dostupný plný soubor nebyl potvrzen."
"DOI_10_1038_322430a0","Global temperature variations between 1861 and 1984","P. D. Jones a kol.","1986","science","Studie","https://doi.org/10.1038/322430a0","https://www.nature.com/articles/322430a0?error=cookies_not_supported&code=6df81e3e-288e-4170-8e06-2780c17e3c29","","","","restricted_or_landing_only","closed-or-unknown","","no","200","2026-08-04T09:12:38.249Z","OpenAlex: uzavřený přístup. Veřejně dostupný plný soubor nebyl potvrzen."
"DOI_10_3402_tellusb_v38i2_15083","Reassessment of late 19th century atmospheric carbon dioxide variations in the air of western Europe and the British Isles based on an unpublished analysis of contemporary air masses by G. S. Callendar","Eric From a Charles D. Keeling","1986","science","Studie","https://doi.org/10.3402/tellusb.v38i2.15083","https://b.tellusjournals.se/articles/10.3402/tellusb.v38i2.15083","https://b.tellusjournals.se/articles/1730/files/submission/proof/1730-1-15334-1-10-20221122.pdf","primary-copy","pdf","confirmed_download","public-file-without-confirmed-oa-status","cc-by-4.0","yes_with_attribution","206","2026-08-04T09:12:38.521Z","OpenAlex: uzavřený přístup. Přímý soubor ověřen přes publication metadata; HTTP 206, application/pdf."
"WEB_NASA_Arctic_Sea_ice_1973_1976_Satellite_passive_micro_d558d4bf","Arctic Sea ice, 1973-1976: Satellite passive-microwave observations","Parkinson, Claire L.","1987","organization","Institucionální zdroj","https://ntrs.nasa.gov/citations/19870015437","https://ntrs.nasa.gov/citations/19870015437","https://ntrs.nasa.gov/api/citations/19870015437/downloads/19870015437.pdf","linked-asset-needs-review","pdf","confirmed_download","public-file-linked-from-page","","review","206","2026-08-04T09:12:38.724Z","Na zdrojové stránce byl nalezen a ověřen soubor; HTTP 206, application/pdf."
"DOI_10_1016_0304_4203_87_90033_8","Coulometric total carbon dioxide analysis for marine studies: Automation and calibration","K.M Johnson a kol.","1987","science","Studie","https://doi.org/10.1016/0304-4203(87)90033-8","https://linkinghub.elsevier.com/retrieve/pii/0304420387900338","","","","restricted_or_landing_only","closed-or-unknown","","no","200","2026-08-04T09:12:38.868Z","OpenAlex: uzavřený přístup. Veřejně dostupný plný soubor nebyl potvrzen."
"DOI_10_1029_jd092id11p13345","Global trends of measured surface air temperature","James Hansen a Sergej Lebedeff","1987","science","Studie","https://doi.org/10.1029/JD092iD11p13345","https://agupubs.onlinelibrary.wiley.com/doi/10.1029/JD092iD11p13345","","","","restricted_or_landing_only","closed-or-unknown","","no","403","2026-08-04T09:12:38.752Z","OpenAlex: uzavřený přístup. Veřejně dostupný plný soubor nebyl potvrzen."
"1987_Vostok","Vostok ice core provides 160,000-year record of atmospheric CO₂","Jean-Marc Barnola a kol.","1987","science","Studie","https://doi.org/10.1038/329408a0","https://idp.nature.com/transit?redirect_uri=https%3A%2F%2Fwww.nature.com%2Farticles%2F329408a0&code=1d7a0086-bf00-424f-b7a4-35928ce60ed8","","","","restricted_or_landing_only","closed-or-unknown","","no","200","2026-08-04T09:12:29.089Z","OpenAlex: uzavřený přístup. Veřejně dostupný plný soubor nebyl potvrzen."
"1988_IPCC","Vznik Mezivládního panelu pro změnu klimatu (IPCC)","WMO a UNEP","1988","organization","Založení instituce","https://www.ipcc.ch/about/history/","https://www.ipcc.ch/about/history/","","","","web_only","web-page","","not_applicable","200","2026-08-04T09:12:29.090Z","Stránka je dostupná, ale neobsahuje automaticky rozpoznatelný soubor ke stažení."
"1990_IPCC_FAR","First Assessment Report","IPCC","1990","organization","Odborná syntéza","https://www.ipcc.ch/site/assets/uploads/2018/05/ipcc_90_92_assessments_far_full_report.pdf","https://www.ipcc.ch/site/assets/uploads/2018/05/ipcc_90_92_assessments_far_full_report.pdf","https://www.ipcc.ch/site/assets/uploads/2018/05/ipcc_90_92_assessments_far_full_report.pdf","primary-copy","pdf","confirmed_download","public-direct-file","","review","206","2026-08-04T09:12:29.579Z","Adresa vrací přímo soubor; HTTP 206, application/pdf."
"DOI_10_1002_joc_3370120402","A new daily central England temperature series, 1772–1991","D. E. Parker a kol.","1992","science","Studie","https://doi.org/10.1002/joc.3370120402","https://rmets.onlinelibrary.wiley.com/doi/10.1002/joc.3370120402","","","","restricted_or_landing_only","closed-or-unknown","","no","403","2026-08-04T09:12:39.273Z","OpenAlex: uzavřený přístup. Veřejně dostupný plný soubor nebyl potvrzen."
"DOI_10_1029_92jd01517","GPS meteorology: Remote sensing of atmospheric water vapor using the global positioning system","Michael Bevis a kol.","1992","science","Studie","https://doi.org/10.1029/92JD01517","https://agupubs.onlinelibrary.wiley.com/doi/10.1029/92JD01517","","","","restricted_or_landing_only","closed-or-unknown","","no","403","2026-08-04T09:12:39.193Z","OpenAlex: uzavřený přístup. Veřejně dostupný plný soubor nebyl potvrzen."
"1992_UNFCCC","Rámcová úmluva OSN o změně klimatu","OSN","1992","politics","Mezinárodní úmluva","https://unfccc.int/process-and-meetings/the-convention/history-of-the-convention/convention-documents","https://unfccc.int/process-and-meetings/the-convention/history-of-the-convention/convention-documents","","","","web_only","web-page","","not_applicable","200","2026-08-04T09:12:29.637Z","Stránka je dostupná, ale neobsahuje automaticky rozpoznatelný soubor ke stažení."
"WEB_Copernicus_Sea_level_gridded_data_from_satellite_observatio_0b1348c4","Sea level gridded data from satellite observations for the global ocean from 1993 to present","Copernicus","1993","organization","Datový portál nebo soubor","https://cds.climate.copernicus.eu/datasets/satellite-sea-level-global","https://cds.climate.copernicus.eu/datasets/satellite-sea-level-global?tab=overview","","","","manual_data_download","data-portal","","review","200","2026-08-04T09:12:39.745Z","Zdroj je dostupný datový portál, ale konkrétní soubor vyžaduje výběr dat nebo ruční export."
"DOI_10_1016_0967_0637_93_90048_8","Spectrophotometric seawater pH measurements: total hydrogen ion concentration scale calibration of m-cresol purple and at-sea results","Tonya D. Clayton a Robert H. Byrne","1993","science","Studie","https://doi.org/10.1016/0967-0637(93)90048-8","https://linkinghub.elsevier.com/retrieve/pii/0967063793900488","","","","restricted_or_landing_only","closed-or-unknown","","no","200","2026-08-04T09:12:39.717Z","OpenAlex: uzavřený přístup. Veřejně dostupný plný soubor nebyl potvrzen."
"DOI_10_1016_0034_4257_94_90014_0","An airborne multispectral video/radiometer remote sensing system: Development and calibration","Christopher M.U. Neale a Blake G. Crowther","1994","science","Studie","https://doi.org/10.1016/0034-4257(94)90014-0","https://linkinghub.elsevier.com/retrieve/pii/0034425794900140","","","","restricted_or_landing_only","closed-or-unknown","","no","200","2026-08-04T09:12:40.291Z","OpenAlex: uzavřený přístup. Veřejně dostupný plný soubor nebyl potvrzen."
"DOI_10_1029_94jd01951","Evidence for interannual variability of the carbon cycle from the National Oceanic and Atmospheric Administration/Climate Monitoring and Diagnostics Laboratory Global Air Sampling Network","Thomas J. Conway a kol.","1994","science","Studie","https://doi.org/10.1029/94JD01951","https://agupubs.onlinelibrary.wiley.com/doi/10.1029/94JD01951","","","","restricted_or_landing_only","closed-or-unknown","","no","403","2026-08-04T09:12:40.615Z","OpenAlex: uzavřený přístup. Veřejně dostupný plný soubor nebyl potvrzen."
"DOI_10_1029_94jd00548","Interdecadal changes of surface temperature since the late nineteenth century","D. E. Parker a kol.","1994","science","Studie","https://doi.org/10.1029/94JD00548","https://agupubs.onlinelibrary.wiley.com/doi/10.1029/94JD00548","","","","restricted_or_landing_only","closed-or-unknown","","no","403","2026-08-04T09:12:40.798Z","OpenAlex: uzavřený přístup. Veřejně dostupný plný soubor nebyl potvrzen."
"DOI_10_1029_95jd00859","Extension and integration of atmospheric carbon dioxide data into a globally consistent measurement record","Kenneth A. Masarie a Pieter P. Tans","1995","science","Studie","https://doi.org/10.1029/95JD00859","https://agupubs.onlinelibrary.wiley.com/doi/10.1029/95JD00859","","","","restricted_or_landing_only","closed-or-unknown","","no","403","2026-08-04T09:12:41.037Z","OpenAlex: uzavřený přístup. Veřejně dostupný plný soubor nebyl potvrzen."
"DOI_10_2307_2261570","The Responses of Species to Climate Over Two Centuries: An Analysis of the Marsham Phenological Record, 1736-1947","T. H. Sparks a P. D. Carey","1995","science","Studie","https://doi.org/10.2307/2261570","https://www.jstor.org/stable/2261570?origin=crossref","","","","restricted_or_landing_only","closed-or-unknown","","no","403","2026-08-04T09:12:41.067Z","OpenAlex: uzavřený přístup. Veřejně dostupný plný soubor nebyl potvrzen."
"DOI_10_1029_95jd03410","Natural and anthropogenic changes in atmospheric CO₂ over the last 1000 years from air in Antarctic ice and firn","D. M. Etheridge a kol.","1996","science","Studie","https://doi.org/10.1029/95JD03410","https://agupubs.onlinelibrary.wiley.com/doi/10.1029/95JD03410","","","","restricted_or_landing_only","closed-or-unknown","","no","403","2026-08-04T09:12:41.508Z","OpenAlex: uzavřený přístup. Veřejně dostupný plný soubor nebyl potvrzen."
"DOI_10_5067_8gq8lzqvl0vl","Sea Ice Concentrations from Nimbus-7 SMMR and DMSP SSM/I-SSMIS Passive Microwave Data","Donald J. Cavalieri, Claire L. Parkinson, Per Gloersen a H. Jay Zwally","1996","science","Datový soubor","https://doi.org/10.5067/8GQ8LZQVL0VL","https://nsidc.org/data/nsidc-0051/versions/1","https://nsidc.org/sites/default/files/documents/user-guide/nsidc-0051-v001-userguide.pdf","primary-copy","pdf","confirmed_download","open-access-green","","review","206","2026-08-04T09:14:47.246Z","OpenAlex: otevřený přístup (green). Přímý soubor ověřen přes source page; HTTP 206, application/pdf."
"DOI_10_1016_0967_0645_95_00093_3","Seasonal and Interannual Variability of Oceanic Carbon Dioxide Species at the U.S. JGOFS Bermuda Atlantic Time-series Study (BATS) Site","Nicholas R. Bates, Anthony F. Michaels a Anthony H. Knap","1996","science","Studie","https://doi.org/10.1016/0967-0645(95)00093-3","https://linkinghub.elsevier.com/retrieve/pii/0967064595000933","","","","restricted_or_landing_only","closed-or-unknown","","no","200","2026-08-04T09:12:41.263Z","OpenAlex: uzavřený přístup. Veřejně dostupný plný soubor nebyl potvrzen."
"DOI_10_1029_96gl03156","The 14C “bomb spike” determines the age spread and age of CO₂ in Law Dome firn and ice","V. A. Levchenko a kol.","1996","science","Studie","https://doi.org/10.1029/96GL03156","https://agupubs.onlinelibrary.wiley.com/doi/10.1029/96GL03156","","","","restricted_or_landing_only","closed-or-unknown","","no","403","2026-08-04T09:12:41.448Z","OpenAlex: uzavřený přístup. Veřejně dostupný plný soubor nebyl potvrzen."
"1997_Kyoto","Kjótský protokol","Smluvní strany UNFCCC","1997","politics","Mezinárodní protokol","https://unfccc.int/process-and-meetings/the-kyoto-protocol/what-is-the-kyoto-protocol","https://unfccc.int/process-and-meetings/the-kyoto-protocol/what-is-the-kyoto-protocol","","","","web_only","web-page","","not_applicable","200","2026-08-04T09:12:29.742Z","Stránka je dostupná, ale neobsahuje automaticky rozpoznatelný soubor ke stažení."
"DOI_10_1126_science_282_5388_456","Antarctic Elevation Change from 1992 to 1996","Duncan J. Wingham a kol.","1998","science","Studie","https://doi.org/10.1126/science.282.5388.456","https://www.science.org/doi/10.1126/science.282.5388.456","","","","restricted_or_landing_only","closed-or-unknown","","no","403","2026-08-04T09:12:41.922Z","OpenAlex: uzavřený přístup. Veřejně dostupný plný soubor nebyl potvrzen."
"WEB_cdiac_ess_dive_lbl_gov_Lewis_Wallace_1998_CO2SYS_e42bd642","Lewis & Wallace (1998): CO₂SYS","Carbon Dioxide Information Analysis Center (CDIAC)","1998","organization","Metodická dokumentace","https://www.ncei.noaa.gov/access/ocean-carbon-acidification-data-system/oceans/co2rprt.html","https://www.ncei.noaa.gov/access/ocean-carbon-acidification-data-system/oceans/co2rprt.html","","","","web_only","web-page","","not_applicable","206","2026-08-04T09:12:41.847Z","Stránka je dostupná, ale neobsahuje automaticky rozpoznatelný soubor ke stažení."
"DOI_10_1016_s0304_4203_97_00085_6","Rising Surface Ocean Dissolved Inorganic Carbon at the Hawaii Ocean Time-series Site","Christopher D. Winn, Yuan-Hui Li, Fred T. Mackenzie a David M. Karl","1998","science","Studie","https://doi.org/10.1016/S0304-4203(97)00085-6","https://linkinghub.elsevier.com/retrieve/pii/S0304420397000856","","","","restricted_or_landing_only","closed-or-unknown","","no","200","2026-08-04T09:12:41.993Z","OpenAlex: uzavřený přístup. Veřejně dostupný plný soubor nebyl potvrzen."
"DOI_10_1029_1999jc900082","Arctic sea ice extents, areas, and trends, 1978–1996","Claire L. Parkinson a kol.","1999","science","Studie","https://doi.org/10.1029/1999JC900082","https://doi.org/10.1029/1999jc900082","","","","open_access_manual","open-access-bronze","","review","403","2026-08-04T09:12:42.000Z","OpenAlex: otevřený přístup (bronze). Otevřený plný text je evidován, ale audit nepotvrdil stabilní přímou adresu souboru."
"DOI_10_1080_01490410050128591","An Improved Calibration of Satellite Altimetric Heights Using Tide Gauge Sea Levels with Adjustment for Land Motion","Gary T. Mitchum","2000","science","Studie","https://doi.org/10.1080/01490410050128591","https://www.tandfonline.com/doi/abs/10.1080/01490410050128591","","","","restricted_or_landing_only","closed-or-unknown","","no","403","2026-08-04T09:12:42.302Z","OpenAlex: uzavřený přístup. Veřejně dostupný plný soubor nebyl potvrzen."
"DOI_10_1126_science_287_5461_2225","Warming of the World Ocean","Sydney Levitus a kol.","2000","science","Studie","https://doi.org/10.1126/science.287.5461.2225","https://www.science.org/doi/10.1126/science.287.5461.2225","","","","restricted_or_landing_only","closed-or-unknown","","no","403","2026-08-04T09:12:42.380Z","OpenAlex: uzavřený přístup. Veřejně dostupný plný soubor nebyl potvrzen."
"2000_Argo","Zahájení programu Argo","Mezinárodní program Argo","2000","organization","Pozorovací program","https://www.aoml.noaa.gov/argo/","https://www.aoml.noaa.gov/argo/","https://www.aoml.noaa.gov/wp-content/uploads/2022/08/argo_biblio_updated_may2022.pdf","linked-asset-needs-review","pdf","confirmed_download","public-file-linked-from-page","","review","206","2026-08-04T09:12:29.810Z","Na zdrojové stránce byl nalezen a ověřen soubor; HTTP 206, application/pdf."
"WEB_openagrar_de_Meier_2001_stupnice_BBCH_f90d8917","Meier, 2001: stupnice BBCH","Julius Kühn Institute (OpenAgrar)","2001","organization","Metodická dokumentace","https://www.openagrar.de/servlets/MCRFileNodeServlet/openagrar_derivate_00010428/BBCH-Skala_en.pdf","https://www.openagrar.de/pow-challenge?redirect_url=%2Fservlets%2FMCRFileNodeServlet%2Fopenagrar_derivate_00010428%2FBBCH-Skala_en.pdf","","","","web_only","web-page","","not_applicable","200","2026-08-04T09:12:42.591Z","Stránka je dostupná, ale neobsahuje automaticky rozpoznatelný soubor ke stažení."
"DOI_10_4267_2042_36222","Il y a un siècle. Le contexte scientifique de la surprenante découverte de la stratosphère","Michel ROCHAS","2002","science","Studie","https://doi.org/10.4267/2042/36222","https://lameteorologie.fr/issues/2002/37/meteo_2002_37_57","https://lameteorologie.fr/admin/api/public/api/meteo/website/downloadArticlePDF/meteo_2002_37_57","primary-copy","pdf","confirmed_download","public-file-without-confirmed-oa-status","","review","206","2026-08-04T09:12:42.601Z","OpenAlex: uzavřený přístup. Přímý soubor ověřen přes publication metadata; HTTP 206, application/pdf."
"DOI_10_1126_science_1073888","Mass Balance of Polar Ice Sheets","Eric Rignot a Robert H. Thomas","2002","science","Studie","https://doi.org/10.1126/science.1073888","https://escholarship.org/uc/item/8qp1n27c","","","","open_access_manual","open-access-green","cc-by","yes_with_attribution","403","2026-08-04T09:12:42.781Z","OpenAlex: otevřený přístup (green). Otevřený plný text je evidován, ale audit nepotvrdil stabilní přímou adresu souboru."
"DOI_10_3354_cr019193","Observed coherent changes in climatic extremes during the second half of the twentieth century","P Frich a kol.","2002","science","Studie","https://doi.org/10.3354/cr019193","https://doi.org/10.3354/cr019193","","","","open_access_manual","open-access-bronze","","review","401","2026-08-04T09:12:42.738Z","OpenAlex: otevřený přístup (bronze). Otevřený plný text je evidován, ale audit nepotvrdil stabilní přímou adresu souboru."
"DOI_10_1038_425365a","Anthropogenic carbon and ocean pH","Ken Caldeira a Michael E. Wickett","2003","science","Studie","https://doi.org/10.1038/425365a","https://idp.nature.com/transit?redirect_uri=https%3A%2F%2Fwww.nature.com%2Farticles%2F425365a&code=fdcd5420-309d-48f8-8c99-4f08697b9570","","","","restricted_or_landing_only","closed-or-unknown","","no","200","2026-08-04T09:12:43.415Z","OpenAlex: uzavřený přístup. Veřejně dostupný plný soubor nebyl potvrzen."
"DOI_10_1029_2003jd003562","Implications of ice core smoothing for inferring CO₂ flux variability","C. M. Trudinger a kol.","2003","science","Studie","https://doi.org/10.1029/2003JD003562","https://doi.org/10.1029/2003jd003562","","","","open_access_manual","open-access-bronze","","review","403","2026-08-04T09:12:43.430Z","OpenAlex: otevřený přístup (bronze). Otevřený plný text je evidován, ale audit nepotvrdil stabilní přímou adresu souboru."
"DOI_10_1175_1520_0493_2003_131_0845_mgsiwa_2_0_co_2","Modeling Global Sea Ice with a Thickness and Enthalpy Distribution Model in Generalized Curvilinear Coordinates","Jinlun Zhang a Drew A. Rothrock","2003","science","Studie","https://doi.org/10.1175/1520-0493(2003)131%3C0845:MGSIWA%3E2.0.CO;2","https://doi.org/10.1175/1520-0493(2003)131<0845:mgsiwa>2.0.co;2","","","","open_access_manual","open-access-bronze","","review","403","2026-08-04T09:12:44.209Z","OpenAlex: otevřený přístup (bronze). Otevřený plný text je evidován, ale audit nepotvrdil stabilní přímou adresu souboru."
"DOI_10_1016_s0034_4257_02_00135_9","Monitoring vegetation phenology using MODIS","Xiaoyang Zhang a kol.","2003","science","Studie","https://doi.org/10.1016/S0034-4257(02)00135-9","https://linkinghub.elsevier.com/retrieve/pii/S0034425702001359","","","","restricted_or_landing_only","closed-or-unknown","","no","200","2026-08-04T09:12:44.583Z","OpenAlex: uzavřený přístup. Veřejně dostupný plný soubor nebyl potvrzen."
"DOI_10_1016_s0304_4203_02_00133_0","Reference materials for oceanic CO₂ analysis: a method for the certification of total alkalinity","A.G. Dickson a kol.","2003","science","Studie","https://doi.org/10.1016/S0304-4203(02)00133-0","https://linkinghub.elsevier.com/retrieve/pii/S0304420302001330","","","","restricted_or_landing_only","closed-or-unknown","","no","200","2026-08-04T09:12:44.015Z","OpenAlex: uzavřený přístup. Veřejně dostupný plný soubor nebyl potvrzen."
"DOI_10_1175_1520_0442_2003_016_0224_thomrt_2_0_co_2","Temporal Homogenization of Monthly Radiosonde Temperature Data. Part I: Methodology","John R. Lanzante a kol.","2003","science","Studie","https://doi.org/10.1175/1520-0442(2003)016%3C0224:THOMRT%3E2.0.CO;2","https://doi.org/10.1175/1520-0442(2003)016<0224:thomrt>2.0.co;2","","","","open_access_manual","open-access-bronze","","review","403","2026-08-04T09:12:44.114Z","OpenAlex: otevřený přístup (bronze). Otevřený plný text je evidován, ale audit nepotvrdil stabilní přímou adresu souboru."
"DOI_10_1175_1525_7541_2003_004_1147_tvgpcp_2_0_co_2","The Version-2 Global Precipitation Climatology Project (GPCP) Monthly Precipitation Analysis (1979–Present)","Robert F. Adler a kol.","2003","science","Studie","https://doi.org/10.1175/1525-7541(2003)004%3C1147:TVGPCP%3E2.0.CO;2","https://doi.org/10.1175/1525-7541(2003)004<1147:tvgpcp>2.0.co;2","","","","open_access_manual","open-access-bronze","","review","403","2026-08-04T09:12:42.784Z","OpenAlex: otevřený přístup (bronze). Otevřený plný text je evidován, ale audit nepotvrdil stabilní přímou adresu souboru."
"DOI_10_1016_s0273_1177_03_00591_x","GPS radio occultation with CHAMP: an innovative remote sensing method of the atmosphere","T. Schmidt a kol.","2004","science","Studie","https://doi.org/10.1016/S0273-1177(03)00591-X","https://linkinghub.elsevier.com/retrieve/pii/S027311770300591X","","","","restricted_or_landing_only","closed-or-unknown","","no","200","2026-08-04T09:12:45.158Z","OpenAlex: uzavřený přístup. Veřejně dostupný plný soubor nebyl potvrzen."
"DOI_10_7265_n52r3pmc","IMS Daily Northern Hemisphere Snow and Ice Analysis at 1 km, 4 km, and 24 km Resolutions, Version 1","U.S. National Ice Center","2004","science","Studie","https://doi.org/10.7265/N52R3PMC","https://nsidc.org/data/g02156/versions/1","https://nsidc.org/sites/default/files/g02156-v001-userguide_1_1.pdf","primary-copy","pdf","confirmed_download","open-access-green","","review","206","2026-08-04T09:12:45.513Z","OpenAlex: otevřený přístup (green). Přímý soubor ověřen přes source page; HTTP 206, application/pdf."
"DOI_10_1109_lgrs_2004_824741","Satellite-Derived Evolution of Arctic Sea Ice Age: October 1978 to March 2003","C. Fowler a kol.","2004","science","Studie","https://doi.org/10.1109/LGRS.2004.824741","https://ieeexplore.ieee.org/document/1291384/","","","","restricted_or_landing_only","closed-or-unknown","","no","202","2026-08-04T09:12:45.157Z","OpenAlex: uzavřený přístup. Veřejně dostupný plný soubor nebyl potvrzen."
"DOI_10_1175_jcli3198_1","Using First Differences to Reduce Inhomogeneity in Radiosonde Temperature Datasets","Melissa Free a kol.","2004","science","Studie","https://doi.org/10.1175/JCLI3198.1","https://doi.org/10.1175/jcli3198.1","","","","open_access_manual","open-access-bronze","","review","403","2026-08-04T09:12:45.729Z","OpenAlex: otevřený přístup (bronze). Otevřený plný text je evidován, ale audit nepotvrdil stabilní přímou adresu souboru."
"DOI_10_1038_nature04095","Anthropogenic ocean acidification over the twenty-first century and its impact on calcifying organisms","James C. Orr a kol.","2005","science","Studie","https://doi.org/10.1038/nature04095","https://idp.nature.com/transit?redirect_uri=https%3A%2F%2Fwww.nature.com%2Farticles%2Fnature04095&code=1d3add50-3cdd-4e9b-9f69-99f28f27a814","","","","restricted_or_landing_only","closed-or-unknown","","no","200","2026-08-04T09:12:45.746Z","OpenAlex: uzavřený přístup. Veřejně dostupný plný soubor nebyl potvrzen."
"DOI_10_1175_jcli3366_1","Avoiding Inhomogeneity in Percentile-Based Indices of Temperature Extremes","Xuebin Zhang a kol.","2005","science","Studie","https://doi.org/10.1175/JCLI3366.1","https://doi.org/10.1175/jcli3366.1","","","","open_access_manual","open-access-bronze","","review","403","2026-08-04T09:12:46.508Z","OpenAlex: otevřený přístup (bronze). Otevřený plný text je evidován, ale audit nepotvrdil stabilní přímou adresu souboru."
"DOI_10_1029_2005gl023955","Greenland mass balance from GRACE","Isabella Velicogna a John Wahr","2005","science","Studie","https://doi.org/10.1029/2005GL023955","https://escholarship.org/uc/item/4dm862ww","","","","open_access_manual","open-access-green","cc-by","yes_with_attribution","403","2026-08-04T09:12:45.782Z","OpenAlex: otevřený přístup (green). Otevřený plný text je evidován, ale audit nepotvrdil stabilní přímou adresu souboru."
"DOI_10_1029_2005jd006169","Radiosonde Atmospheric Temperature Products for Assessing Climate (RATPAC): A new data set of large‐area anomaly time series","Melissa Free a kol.","2005","science","Studie","https://doi.org/10.1029/2005JD006169","https://doi.org/10.1029/2005jd006169","","","","open_access_manual","open-access-bronze","","review","403","2026-08-04T09:12:45.869Z","OpenAlex: otevřený přístup (bronze). Otevřený plný text je evidován, ale audit nepotvrdil stabilní přímou adresu souboru."
"DOI_10_1029_2004jd005753","Revisiting radiosonde upper air temperatures from 1958 to 2002","Peter W. Thorne a kol.","2005","science","Studie","https://doi.org/10.1029/2004JD005753","https://doi.org/10.1029/2004jd005753","","","","open_access_manual","open-access-bronze","","review","403","2026-08-04T09:12:46.361Z","OpenAlex: otevřený přístup (bronze). Otevřený plný text je evidován, ale audit nepotvrdil stabilní přímou adresu souboru."
"DOI_10_1002_joc_1190","Uncertainties in central England temperature 1878-2003 and some improvements to the maximum and minimum series","David Parker a Briony Horton","2005","science","Studie","https://doi.org/10.1002/joc.1190","https://onlinelibrary.wiley.com/doi/10.1002/joc.1190","","","","restricted_or_landing_only","closed-or-unknown","","no","403","2026-08-04T09:12:46.425Z","OpenAlex: uzavřený přístup. Veřejně dostupný plný soubor nebyl potvrzen."
"DOI_10_1029_2005jd006003","Estimating uncertainty of the WMO mole fraction scale for carbon dioxide in air","Cong Long Zhao a Pieter P. Tans","2006","science","Studie","https://doi.org/10.1029/2005JD006003","https://doi.org/10.1029/2005jd006003","","","","open_access_manual","open-access-bronze","","review","403","2026-08-04T09:12:46.708Z","OpenAlex: otevřený přístup (bronze). Otevřený plný text je evidován, ale audit nepotvrdil stabilní přímou adresu souboru."
"DOI_10_1111_j_1365_2486_2006_01193_x","European phenological response to climate change matches the warming pattern","ANNETTE MENZEL a kol.","2006","science","Studie","https://doi.org/10.1111/j.1365-2486.2006.01193.x","https://research.wur.nl/en/publications/european-phenological-response-to-climate-change-matches-the-warm","","","","open_access_manual","open-access-green","","review","403","2026-08-04T09:12:47.309Z","OpenAlex: otevřený přístup (green). Otevřený plný text je evidován, ale audit nepotvrdil stabilní přímou adresu souboru."
"DOI_10_1029_2005jd006290","Global observed changes in daily climate extremes of temperature and precipitation","L. V. Alexander a kol.","2006","science","Studie","https://doi.org/10.1029/2005JD006290","https://bibliotecadigital.exactas.uba.ar/collection/paper/document/paper_01480227_v111_n5_p_Alexander","https://bibliotecadigital.exactas.uba.ar/download/paper/paper_01480227_v111_n5_p_Alexander.pdf","primary-copy","pdf","confirmed_download","open-access-bronze","other-oa","review","206","2026-08-04T09:12:46.898Z","OpenAlex: otevřený přístup (bronze). Přímý soubor ověřen přes publication metadata; HTTP 206, application/pdf."
"DOI_10_1126_science_1123785","Measurements of Time-Variable Gravity Show Mass Loss in Antarctica","Isabella Velicogna a John Wahr","2006","science","Studie","https://doi.org/10.1126/science.1123785","https://escholarship.org/uc/item/7w70w956","","","","open_access_manual","open-access-green","cc-by","yes_with_attribution","403","2026-08-04T09:12:47.025Z","OpenAlex: otevřený přístup (green). Otevřený plný text je evidován, ale audit nepotvrdil stabilní přímou adresu souboru."
"DOI_10_5067_qozivyv3v9jp","Nimbus-7 SMMR Polar Gridded Radiances and Sea Ice Concentrations, Version 1"," Per Gloersen","2006","science","Datový soubor","https://doi.org/10.5067/QOZIVYV3V9JP","https://nsidc.org/data/nsidc-0007/versions/1","https://nsidc.org/sites/default/files/nsidc-0007-v001-userguide.pdf","primary-copy","pdf","confirmed_download","open-access-green","","review","206","2026-08-04T09:12:47.527Z","OpenAlex: otevřený přístup (green). Přímý soubor ověřen přes source page; HTTP 206, application/pdf."
"DOI_10_1175_jcli3594_1","Overview of the Integrated Global Radiosonde Archive","Imke Durre a kol.","2006","science","Studie","https://doi.org/10.1175/JCLI3594.1","https://journals.ametsoc.org/view/journals/clim/19/1/jcli3594.1.xml","","","","manual_data_download","data-portal","","review","403","2026-08-04T09:12:47.724Z","OpenAlex: uzavřený přístup. Jde o datový záznam; soubory se pravděpodobně vybírají nebo generují na datovém portálu."
"DOI_10_1175_jcli3816_1","Recent Climatology, Variability, and Trends in Global Surface Humidity","Aiguo Dai","2006","science","Studie","https://doi.org/10.1175/JCLI3816.1","https://doi.org/10.1175/jcli3816.1","","","","open_access_manual","open-access-bronze","","review","403","2026-08-04T09:12:48.310Z","OpenAlex: otevřený přístup (bronze). Otevřený plný text je evidován, ale audit nepotvrdil stabilní přímou adresu souboru."
"DOI_10_1029_2005jd006548","Uncertainty estimates in regional and global observed temperature changes: A new data set from 1850","P. Brohan a kol.","2006","science","Studie","https://doi.org/10.1029/2005JD006548","https://doi.org/10.1029/2005jd006548","https://www.pure.ed.ac.uk/ws/files/11273977/UNCERTAINTY2006.pdf","primary-copy","pdf","confirmed_download","open-access-bronze","other-oa","review","200","2026-08-04T09:12:48.319Z","OpenAlex: otevřený přístup (bronze). Přímý soubor ověřen přes OpenAlex; HTTP 200, application/pdf."
"WEB_NOAA_Dickson_et_al_2007_prirucka_standardnich_mericic_9661bd2a","Dickson et al. (2007): příručka standardních měřicích postupů","NOAA","2007","organization","Metodická dokumentace","https://www.ncei.noaa.gov/access/ocean-carbon-acidification-data-system/oceans/Handbook_2007/Guide_all_in_one.pdf","https://www.ncei.noaa.gov/access/ocean-carbon-acidification-data-system/oceans/Handbook_2007/Guide_all_in_one.pdf","https://www.ncei.noaa.gov/access/ocean-carbon-acidification-data-system/oceans/Handbook_2007/Guide_all_in_one.pdf","primary-copy","pdf","confirmed_download","public-direct-file","","review","206","2026-08-04T09:12:49.125Z","Adresa vrací přímo soubor; HTTP 206, application/pdf."
"DOI_10_1175_jcli4050_1","Homogenization of Radiosonde Temperature Time Series Using Innovation Statistics","Leopold Haimberger","2007","science","Studie","https://doi.org/10.1175/JCLI4050.1","https://doi.org/10.1175/jcli4050.1","","","","open_access_manual","open-access-bronze","cc-by-nc-nd","yes_with_conditions","403","2026-08-04T09:12:49.528Z","OpenAlex: otevřený přístup (bronze). Otevřený plný text je evidován, ale audit nepotvrdil stabilní přímou adresu souboru."
"DOI_10_1029_2006gl027834","How much is the ocean really warming?","Viktor Gouretski a Klaus Peter Koltermann","2007","science","Studie","https://doi.org/10.1029/2006GL027834","https://doi.org/10.1029/2006gl027834","","","","open_access_manual","open-access-bronze","","review","403","2026-08-04T09:12:49.636Z","OpenAlex: otevřený přístup (bronze). Otevřený plný text je evidován, ale audit nepotvrdil stabilní přímou adresu souboru."
"DOI_10_1002_joc_1594","Phenological data series of cherry tree flowering in Kyoto, Japan, and its application to reconstruction of springtime temperatures since the 9th century","Yasuyuki Aono a Keiko Kazui","2007","science","Studie","https://doi.org/10.1002/joc.1594","https://doi.org/10.1002/joc.1594","https://omu.repo.nii.ac.jp/record/709/files/2010000032.pdf","primary-copy","pdf","confirmed_download","open-access-green","cc-by-nc-nd","yes_with_conditions","200","2026-08-04T09:12:50.276Z","OpenAlex: otevřený přístup (green). Přímý soubor ověřen přes OpenAlex; HTTP 200, application/pdf."
"DOI_10_1016_j_marchem_2007_01_013","Water mass ages of coastal ponds estimated using 223Ra and 224Ra as tracers","A.L. Hougham a S.B. Moran","2007","science","Studie","https://doi.org/10.1016/j.marchem.2007.01.013","https://linkinghub.elsevier.com/retrieve/pii/S0304420307000308","","","","restricted_or_landing_only","closed-or-unknown","","no","200","2026-08-04T09:12:50.186Z","OpenAlex: uzavřený přístup. Veřejně dostupný plný soubor nebyl potvrzen."
"DOI_10_1007_s00442_008_0959_4","Bias in phenology assessments based on first appearance data of butterflies","Arco J. van Strien a kol.","2008","science","Studie","https://doi.org/10.1007/s00442-008-0959-4","https://idp.springer.com/transit?redirect_uri=https%3A%2F%2Flink.springer.com%2Farticle%2F10.1007%2Fs00442-008-0959-4&code=68a4c5ae-499e-4aab-84a8-17928573459a","","","","restricted_or_landing_only","closed-or-unknown","","no","200","2026-08-04T09:12:52.324Z","OpenAlex: uzavřený přístup. Veřejně dostupný plný soubor nebyl potvrzen."
"DOI_10_1038_nature06949","High-resolution carbon dioxide concentration record 650,000–800,000 years before present","Dieter Lüthi a kol.","2008","science","Studie","https://doi.org/10.1038/nature06949","https://doi.org/10.1038/nature06949","","","","open_access_manual","open-access-bronze","","review","200","2026-08-04T09:12:50.778Z","OpenAlex: otevřený přístup (bronze). Otevřený plný text je evidován, ale audit nepotvrdil stabilní přímou adresu souboru."
"DOI_10_1111_j_1365_2745_2008_01436_x","How well do first flowering dates measure plant responses to climate change? The effects of population size and sampling frequency","Abraham J. Miller‐Rushing a kol.","2008","science","Studie","https://doi.org/10.1111/j.1365-2745.2008.01436.x","https://besjournals.onlinelibrary.wiley.com/doi/10.1111/j.1365-2745.2008.01436.x","","","","restricted_or_landing_only","closed-or-unknown","","no","403","2026-08-04T09:12:51.689Z","OpenAlex: uzavřený přístup. Veřejně dostupný plný soubor nebyl potvrzen."
"DOI_10_1038_nature07080","Improved estimates of upper-ocean warming and multi-decadal sea-level rise","Catia M. Domingues a kol.","2008","science","Studie","https://doi.org/10.1038/nature07080","https://figshare.com/articles/journal_contribution/Improved_estimates_of_upper-ocean_warming_and_multi-decadal_sea-level_rise/22883036","","","","open_access_manual","open-access-green","cc-by","yes_with_attribution","200","2026-08-04T09:12:50.833Z","OpenAlex: otevřený přístup (green). Otevřený plný text je evidován, ale audit nepotvrdil stabilní přímou adresu souboru."
"DOI_10_1029_2008jc004830","Observed sea ice extent in the Russian Arctic, 1933–2006","Andrew R. Mahoney a kol.","2008","science","Studie","https://doi.org/10.1029/2008JC004830","https://doi.org/10.1029/2008jc004830","","","","open_access_manual","open-access-bronze","","review","403","2026-08-04T09:12:52.008Z","OpenAlex: otevřený přístup (bronze). Otevřený plný text je evidován, ale audit nepotvrdil stabilní přímou adresu souboru."
"DOI_10_1175_2008jcli2274_1","Recent Changes in Surface Humidity: Development of the HadCRUH Dataset","Katharine M. Willett a kol.","2008","science","Studie","https://doi.org/10.1175/2008JCLI2274.1","https://doi.org/10.1175/2008jcli2274.1","","","","open_access_manual","open-access-bronze","","review","403","2026-08-04T09:12:52.174Z","OpenAlex: otevřený přístup (bronze). Otevřený plný text je evidován, ale audit nepotvrdil stabilní přímou adresu souboru."
"DOI_10_1029_2008jd010421","An update of observed stratospheric temperature trends","William J. Randel a kol.","2009","science","Studie","https://doi.org/10.1029/2008JD010421","https://hal.science/hal-00355600","https://hal.science/hal-00355600/document","primary-copy","pdf","confirmed_download","open-access-bronze","other-oa","review","206","2026-08-04T09:12:52.552Z","OpenAlex: otevřený přístup (bronze). Přímý soubor ověřen přes publication metadata; HTTP 206, application/pdf."
"DOI_10_1029_2009gl039777","Atmospheric temperature change detection with GPS radio occultation 1995 to 2008","A. K. Steiner a kol.","2009","science","Studie","https://doi.org/10.1029/2009GL039777","https://agupubs.onlinelibrary.wiley.com/doi/10.1029/2009GL039777","","","","restricted_or_landing_only","closed-or-unknown","","no","403","2026-08-04T09:12:53.072Z","OpenAlex: uzavřený přístup. Veřejně dostupný plný soubor nebyl potvrzen."
"DOI_10_1175_2008jtecha1176_1","Construction of the Remote Sensing Systems V3.2 Atmospheric Temperature Records from the MSU and AMSU Microwave Sounders","Carl A. Mears a Frank J. Wentz","2009","science","Studie","https://doi.org/10.1175/2008JTECHA1176.1","https://doi.org/10.1175/2008jtecha1176.1","","","","open_access_manual","open-access-bronze","","review","403","2026-08-04T09:12:53.290Z","OpenAlex: otevřený přístup (bronze). Otevřený plný text je evidován, ale audit nepotvrdil stabilní přímou adresu souboru."
"DOI_10_1029_2009gl039035","Decline in Arctic sea ice thickness from submarine and ICESat records: 1958–2008","R. Kwok a D. A. Rothrock","2009","science","Studie","https://doi.org/10.1029/2009GL039035","https://doi.org/10.1029/2009gl039035","","","","open_access_manual","open-access-bronze","","review","403","2026-08-04T09:12:53.981Z","OpenAlex: otevřený přístup (bronze). Otevřený plný text je evidován, ale audit nepotvrdil stabilní přímou adresu souboru."
"DOI_10_1029_2008gl037155","Global ocean heat content 1955–2008 in light of recently revealed instrumentation problems","S. Levitus a kol.","2009","science","Studie","https://doi.org/10.1029/2008GL037155","https://doi.org/10.1029/2008gl037155","https://archimer.ifremer.fr/doc/00660/77168/78560.pdf","primary-copy","pdf","confirmed_download","open-access-bronze","other-oa","review","200","2026-08-04T09:12:33.994Z","OpenAlex: otevřený přístup (bronze). Přímý soubor ověřen přes OpenAlex; HTTP 200, application/pdf."
"DOI_10_1175_2008jcli2263_1","Homogenization of Temperature Series via Pairwise Comparisons","Matthew J. Menne a Claude N. Williams","2009","science","Studie","https://doi.org/10.1175/2008JCLI2263.1","https://doi.org/10.1175/2008jcli2263.1","","","","open_access_manual","open-access-bronze","","review","403","2026-08-04T09:12:53.463Z","OpenAlex: otevřený přístup (bronze). Otevřený plný text je evidován, ale audit nepotvrdil stabilní přímou adresu souboru."
"DOI_10_1073_pnas_0906044106","Physical and biogeochemical modulation of ocean acidification in the central North Pacific","John E. Dore a kol.","2009","science","Studie","https://doi.org/10.1073/pnas.0906044106","http://doi.org/10.1073/pnas.0906044106","","","","open_access_manual","open-access-green","other-oa","review","403","2026-08-04T09:12:53.317Z","OpenAlex: otevřený přístup (green). Otevřený plný text je evidován, ale audit nepotvrdil stabilní přímou adresu souboru."
"DOI_10_1029_2008jd010989","Radiosonde‐based trends in precipitable water over the Northern Hemisphere: An update","Imke Durre a kol.","2009","science","Studie","https://doi.org/10.1029/2008JD010989","https://doi.org/10.1029/2008jd010989","","","","open_access_manual","open-access-bronze","","review","403","2026-08-04T09:12:54.019Z","OpenAlex: otevřený přístup (bronze). Otevřený plný text je evidován, ale audit nepotvrdil stabilní přímou adresu souboru."
"DOI_10_5670_oceanog_2009_36","The Argo Program: Observing the Global Oceans with Profiling Floats","Dean Roemmich a kol.","2009","science","Studie","https://doi.org/10.5670/oceanog.2009.36","https://doi.org/10.5670/oceanog.2009.36","https://tos.org/oceanography/assets/docs/22-2_roemmich.pdf","primary-copy","pdf","confirmed_download","open-access-gold","cc-by","yes_with_attribution","206","2026-08-04T09:12:54.288Z","OpenAlex: otevřený přístup (gold). Přímý soubor ověřen přes OpenAlex; HTTP 206, application/pdf."
"DOI_10_1175_2010jamc2375_1","Comprehensive Automated Quality Assurance of Daily Surface Observations","Imke Durre a kol.","2010","science","Studie","https://doi.org/10.1175/2010JAMC2375.1","https://doi.org/10.1175/2010jamc2375.1","","","","open_access_manual","open-access-bronze","","review","403","2026-08-04T09:12:54.637Z","OpenAlex: otevřený přístup (bronze). Otevřený plný text je evidován, ale audit nepotvrdil stabilní přímou adresu souboru."
"DOI_10_1111_j_2041_210x_2010_00020_x","Featuring 10 phenological estimators using simulated data","Jean‐Pierre Moussus a kol.","2010","science","Studie","https://doi.org/10.1111/j.2041-210X.2010.00020.x","https://doi.org/10.1111/j.2041-210x.2010.00020.x","","","","open_access_manual","open-access-bronze","","review","403","2026-08-04T09:12:54.662Z","OpenAlex: otevřený přístup (bronze). Otevřený plný text je evidován, ale audit nepotvrdil stabilní přímou adresu souboru."
"DOI_10_1029_2010rg000345","GLOBAL SURFACE TEMPERATURE CHANGE","J. Hansen a kol.","2010","science","Studie","https://doi.org/10.1029/2010RG000345","https://onlinelibrary.wiley.com/doi/10.1029/2010RG000345","","","","restricted_or_landing_only","closed-or-unknown","","no","403","2026-08-04T09:12:54.671Z","OpenAlex: uzavřený přístup. Veřejně dostupný plný soubor nebyl potvrzen."
"DOI_10_1038_nature09043","Robust warming of the global upper ocean","John M. Lyman a kol.","2010","science","Studie","https://doi.org/10.1038/nature09043","https://www.nature.com/articles/nature09043?error=cookies_not_supported&code=3d70b5eb-1403-4237-b1d1-579f279aac01","","","","restricted_or_landing_only","closed-or-unknown","","no","200","2026-08-04T09:12:55.370Z","OpenAlex: uzavřený přístup. Veřejně dostupný plný soubor nebyl potvrzen."
"DOI_10_4319_lom_2010_8_172","Testing the Honeywell Durafet® for seawater pH applications","Todd R. Martz a kol.","2010","science","Studie","https://doi.org/10.4319/lom.2010.8.172","https://doi.org/10.4319/lom.2010.8.172","","","","open_access_manual","open-access-bronze","","review","403","2026-08-04T09:12:54.799Z","OpenAlex: otevřený přístup (bronze). Otevřený plný text je evidován, ale audit nepotvrdil stabilní přímou adresu souboru."
"DOI_10_1029_2010jd014954","Assessing uncertainty in estimates of atmospheric temperature changes from MSU and AMSU using a Monte-Carlo estimation technique","Carl A. Mears a kol.","2011","science","Studie","https://doi.org/10.1029/2010JD014954","https://doi.org/10.1029/2010jd014954","","","","open_access_manual","open-access-bronze","","review","403","2026-08-04T09:12:55.371Z","OpenAlex: otevřený přístup (bronze). Otevřený plný text je evidován, ale audit nepotvrdil stabilní přímou adresu souboru."
"DOI_10_5194_tc_5_271_2011","Co-registration and bias corrections of satellite elevation data sets for quantifying glacier thickness change","C. Nuth a A. Kääb","2011","science","Studie","https://doi.org/10.5194/tc-5-271-2011","https://doi.org/10.5194/tc-5-271-2011","https://tc.copernicus.org/articles/5/271/2011/tc-5-271-2011.pdf","primary-copy","pdf","confirmed_download","open-access-gold","cc-by","yes_with_attribution","206","2026-08-04T09:12:55.548Z","OpenAlex: otevřený přístup (gold). Přímý soubor ověřen přes OpenAlex; HTTP 206, application/pdf."
"DOI_10_1029_2011gl047735","Distribution and trends in Arctic sea ice age through spring 2011","James Maslanik a kol.","2011","science","Studie","https://doi.org/10.1029/2011GL047735","https://doi.org/10.1029/2011gl047735","","","","open_access_manual","open-access-bronze","","review","403","2026-08-04T09:12:55.954Z","OpenAlex: otevřený přístup (bronze). Otevřený plný text je evidován, ale audit nepotvrdil stabilní přímou adresu souboru."
"WEB_World_Glacier_Monitoring_Ser_glosar_UNESCO_a_WGMS_06fc9a79","glosář UNESCO a WGMS","World Glacier Monitoring Service","2011","organization","Metodická dokumentace","https://wgms.ch/downloads/Cogley_etal_2011.pdf","https://wgms.ch/downloads/Cogley_etal_2011.pdf","https://wgms.ch/downloads/Cogley_etal_2011.pdf","primary-copy","pdf","confirmed_download","public-direct-file","","review","206","2026-08-04T09:12:55.602Z","Adresa vrací přímo soubor; HTTP 206, application/pdf."
"DOI_10_1029_2011jd016205","Intersatellite calibration of AMSU-A observations for weather and climate applications","Cheng-Zhi Zou a Wenhui Wang","2011","science","Studie","https://doi.org/10.1029/2011JD016205","https://doi.org/10.1029/2011jd016205","","","","open_access_manual","open-access-bronze","","review","403","2026-08-04T09:12:55.729Z","OpenAlex: otevřený přístup (bronze). Otevřený plný text je evidován, ale audit nepotvrdil stabilní přímou adresu souboru."
"DOI_10_5194_tc_5_219_2011","Northern Hemisphere spring snow cover variability and change over 1922–2010 including an assessment of uncertainty","R. D. Brown a D. A. Robinson","2011","science","Studie","https://doi.org/10.5194/tc-5-219-2011","https://doi.org/10.5194/tc-5-219-2011","https://tc.copernicus.org/articles/5/219/2011/tc-5-219-2011.pdf","primary-copy","pdf","confirmed_download","open-access-gold","cc-by","yes_with_attribution","206","2026-08-04T09:12:55.962Z","OpenAlex: otevřený přístup (gold). Přímý soubor ověřen přes OpenAlex; HTTP 206, application/pdf."
"DOI_10_5194_hess_15_3033_2011","Scaling and trends of hourly precipitation extremes in two different climate zones – Hong Kong and the Netherlands","G. Lenderink a kol.","2011","science","Studie","https://doi.org/10.5194/hess-15-3033-2011","https://doi.org/10.5194/hess-15-3033-2011","https://hess.copernicus.org/articles/15/3033/2011/hess-15-3033-2011.pdf","primary-copy","pdf","confirmed_download","open-access-gold","cc-by","yes_with_attribution","206","2026-08-04T09:12:56.315Z","OpenAlex: otevřený přístup (gold). Přímý soubor ověřen přes OpenAlex; HTTP 206, application/pdf."
"DOI_10_1007_s10712_011_9119_1","Sea-Level Rise from the Late 19th to the Early 21st Century","John A. Church a Neil J. White","2011","science","Studie","https://doi.org/10.1007/s10712-011-9119-1","https://link.springer.com/article/10.1007/s10712-011-9119-1?error=cookies_not_supported&code=2c9b81fe-89c6-4aeb-a3e1-95fe7f697904","https://link.springer.com/content/pdf/10.1007/s10712-011-9119-1.pdf?error=cookies_not_supported&code=c34c1a18-1e31-4e76-b823-91e89f376dc2","primary-copy","pdf","confirmed_download","open-access-hybrid","cc-by-nc","yes_with_conditions","206","2026-08-04T09:12:56.597Z","OpenAlex: otevřený přístup (hybrid). Přímý soubor ověřen přes publication metadata; HTTP 206, application/pdf."
"DOI_10_1029_2011jc007084","Uncertainty in modeled Arctic sea ice volume","Axel Schweiger a kol.","2011","science","Studie","https://doi.org/10.1029/2011JC007084","https://onlinelibrary.wiley.com/doi/10.1029/2011JC007084","","","","restricted_or_landing_only","closed-or-unknown","","no","403","2026-08-04T09:12:56.680Z","OpenAlex: uzavřený přístup. Veřejně dostupný plný soubor nebyl potvrzen."
"DOI_10_1126_science_1228102","A Reconciled Estimate of Ice-Sheet Mass Balance","Andrew Shepherd a kol.","2012","science","Studie","https://doi.org/10.1126/science.1228102","https://durham-repository.worktribe.com/output/1491868","","","","open_access_manual","open-access-green","cc-by","yes_with_attribution","403","2026-08-04T09:12:56.708Z","OpenAlex: otevřený přístup (green). Otevřený plný text je evidován, ale audit nepotvrdil stabilní přímou adresu souboru."
"DOI_10_1175_jtech_d_11_00103_1","An Overview of the Global Historical Climatology Network-Daily Database","Matthew J. Menne a kol.","2012","science","Studie","https://doi.org/10.1175/JTECH-D-11-00103.1","https://doi.org/10.1175/jtech-d-11-00103.1","","","","open_access_manual","open-access-bronze","","review","403","2026-08-04T09:12:56.994Z","OpenAlex: otevřený přístup (bronze). Otevřený plný text je evidován, ale audit nepotvrdil stabilní přímou adresu souboru."
"DOI_10_7265_n56d5qxc","Arctic Sea Ice Charts from Danish Meteorological Institute, 1893 - 1956","Danish Meteorological Institute And National Snow And Ice Data Center","2012","science","Studie","https://doi.org/10.7265/N56D5QXC","https://nsidc.org/data/g02203/versions/1","https://nsidc.org/sites/default/files/g02203-v001-userguide_1.pdf","primary-copy","pdf","confirmed_download","open-access-green","","review","206","2026-08-04T09:12:57.113Z","OpenAlex: otevřený přístup (green). Přímý soubor ověřen přes source page; HTTP 206, application/pdf."
"DOI_10_7289_v5d21vhz","Global Historical Climatology Network - Daily (GHCN-Daily), Version 3","Matthew J. Menne a kol.","2012","science","Datový soubor","https://doi.org/10.7289/V5D21VHZ","https://www.ncei.noaa.gov/metadata/geoportal/rest/metadata/item/gov.noaa.ncdc:C00861/html","https://www.ncei.noaa.gov/data/global-historical-climatology-network-daily/doc/readme.txt","primary-copy","txt","confirmed_download","open-access-green","","review","206","2026-08-04T09:12:57.679Z","OpenAlex: otevřený přístup (green). Přímý soubor ověřen přes source page; HTTP 206, text/plain."
"DOI_10_5194_cp_8_1649_2012","HadISD: a quality-controlled global synoptic report database for selected variables at long-term stations from 1973–2011","R. J. H. Dunn a kol.","2012","science","Studie","https://doi.org/10.5194/cp-8-1649-2012","https://doi.org/10.5194/cp-8-1649-2012","https://arxiv.org/pdf/1210.7191","primary-copy","pdf","confirmed_download","open-access-gold","cc-by","yes_with_attribution","206","2026-08-04T09:12:58.160Z","OpenAlex: otevřený přístup (gold). Přímý soubor ověřen přes OpenAlex; HTTP 206, application/pdf."
"DOI_10_1175_jcli_d_11_00668_1","Homogenization of the Global Radiosonde Temperature Dataset through Combined Comparison with Reanalysis Background Series and Neighboring Stations","Leopold Haimberger a kol.","2012","science","Studie","https://doi.org/10.1175/JCLI-D-11-00668.1","https://zenodo.org/record/3439484","","","","open_access_manual","open-access-green","other-oa","review","403","2026-08-04T09:12:58.532Z","OpenAlex: otevřený přístup (green). Otevřený plný text je evidován, ale audit nepotvrdil stabilní přímou adresu souboru."
"DOI_10_7289_v5n014g9","NOAA Climate Data Record (CDR) of Northern Hemisphere (NH) Snow Cover Extent (SCE), Version 1","David A. Robinson a kol.","2012","science","Datový soubor","https://doi.org/10.7289/V5N014G9","https://www.ncei.noaa.gov/access/metadata/landing-page/bin/iso?id=gov.noaa.ncdc:C00756","https://www.ncei.noaa.gov/pub/data/sds/cdr/CDRs/Snow_Cover_Extent_Northern_Hemisphere/SourceCode_01B-12.tar.gz","primary-copy","gzip","confirmed_download","open-access-green","","review","206","2026-08-04T09:12:58.910Z","OpenAlex: otevřený přístup (green). Přímý soubor ověřen přes source page; HTTP 206, application/gzip."
"DOI_10_5066_f78s4n1v","USA National Phenology Network In-Situ Phenology Observation Data","USA-National Phenology Network","2012","science","Datový soubor","https://doi.org/10.5066/F78S4N1V","https://doi.org/10.5066/f78s4n1v","","","","open_access_manual","open-access-green","","review","200","2026-08-04T09:12:59.823Z","OpenAlex: otevřený přístup (green). Otevřený plný text je evidován, ale audit nepotvrdil stabilní přímou adresu souboru."
"WEB_repository_oceanbestpractice_WMO_kapitola_o_mereni_vlhkosti_0667b41b","WMO, kapitola o měření vlhkosti","Ocean Best Practices System (IOC-UNESCO)","2012","organization","Metodická dokumentace","https://repository.oceanbestpractices.org/bitstream/handle/11329/83/wmo_8_en-2012.pdf?sequence=1","https://repository.oceanbestpractices.org/bitstream/handle/11329/83/wmo_8_en-2012.pdf?sequence=1","","","","web_only","web-page","","not_applicable","206","2026-08-04T09:13:00.336Z","Stránka je dostupná, ale neobsahuje automaticky rozpoznatelný soubor ke stažení."
"DOI_10_1029_2012gl051106","World ocean heat content and thermosteric sea level change (0–2000 m), 1955–2010","S. Levitus a kol.","2012","science","Studie","https://doi.org/10.1029/2012GL051106","https://archimer.ifremer.fr/doc/00661/77337/","https://archimer.ifremer.fr/doc/00661/77337/78773.pdf","primary-copy","pdf","confirmed_download","open-access-bronze","other-oa","review","200","2026-08-04T09:12:42.514Z","OpenAlex: otevřený přístup (bronze). Přímý soubor ověřen přes publication metadata; HTTP 200, application/pdf."
"DOI_10_5194_essd_5_71_2013","A description of the global land-surface precipitation data products of the Global Precipitation Climatology Centre with sample applications including centennial (trend) analysis from 1901–present","A. Becker a kol.","2013","science","Studie","https://doi.org/10.5194/essd-5-71-2013","https://doi.org/10.5194/essd-5-71-2013","https://essd.copernicus.org/articles/5/71/2013/essd-5-71-2013.pdf","primary-copy","pdf","confirmed_download","open-access-gold","cc-by","yes_with_attribution","206","2026-08-04T09:13:00.916Z","OpenAlex: otevřený přístup (gold). Přímý soubor ověřen přes OpenAlex; HTTP 206, application/pdf."
"DOI_10_1002_grl_50193","CryoSat‐2 estimates of Arctic sea ice thickness and volume","Seymour W. Laxon a kol.","2013","science","Studie","https://doi.org/10.1002/grl.50193","https://agupubs.onlinelibrary.wiley.com/doi/10.1002/grl.50193","","","","restricted_or_landing_only","closed-or-unknown","","no","403","2026-08-04T09:13:00.456Z","OpenAlex: uzavřený přístup. Veřejně dostupný plný soubor nebyl potvrzen."
"DOI_10_5194_tc_7_877_2013","Density assumptions for converting geodetic glacier volume change to mass change","M. Huss","2013","science","Studie","https://doi.org/10.5194/tc-7-877-2013","https://doi.org/10.5194/tc-7-877-2013","https://tc.copernicus.org/articles/7/877/2013/tc-7-877-2013.pdf","primary-copy","pdf","confirmed_download","open-access-gold","cc-by","yes_with_attribution","206","2026-08-04T09:13:00.839Z","OpenAlex: otevřený přístup (gold). Přímý soubor ověřen přes OpenAlex; HTTP 206, application/pdf."
"DOI_10_1175_jcli_d_12_00502_1","Global Increasing Trends in Annual Maximum Daily Precipitation","Seth Westra a kol.","2013","science","Studie","https://doi.org/10.1175/JCLI-D-12-00502.1","https://doi.org/10.1175/jcli-d-12-00502.1","https://unsworks.unsw.edu.au/server/api/core/bitstreams/4347d69f-5bb8-47d8-bdf2-33efd5b5149b/content","primary-copy","pdf","confirmed_download","open-access-bronze","cc-by-nc-nd","yes_with_conditions","206","2026-08-04T09:13:01.225Z","OpenAlex: otevřený přístup (bronze). Přímý soubor ověřen přes OpenAlex; HTTP 206, application/pdf."
"DOI_10_2112_jcoastres_d_12_00175_1","New Data Systems and Products at the Permanent Service for Mean Sea Level","Simon J. Holgate a kol.","2013","science","Studie","https://doi.org/10.2112/JCOASTRES-D-12-00175.1","https://bioone.org/journals/journal-of-coastal-research/volume-29/issue-3/JCOASTRES-D-12-00175.1/New-Data-Systems-and-Products-at-the-Permanent-Service-for/10.2112/JCOASTRES-D-12-00175.1.full","","","","restricted_or_landing_only","closed-or-unknown","","no","200","2026-08-04T09:13:01.350Z","OpenAlex: uzavřený přístup. Veřejně dostupný plný soubor nebyl potvrzen."
"DOI_10_1175_jcli_d_12_00383_1","On the Measurement of Heat Waves","S. E. Perkins a L. V. Alexander","2013","science","Studie","https://doi.org/10.1175/JCLI-D-12-00383.1","https://doi.org/10.1175/jcli-d-12-00383.1","https://unsworks.unsw.edu.au/server/api/core/bitstreams/6536a42a-6311-4c32-971c-92351fde0cf2/content","primary-copy","pdf","confirmed_download","open-access-bronze","cc-by-nc-nd","yes_with_conditions","206","2026-08-04T09:13:02.113Z","OpenAlex: otevřený přístup (bronze). Přímý soubor ověřen přes OpenAlex; HTTP 206, application/pdf."
"2013_Diamond_USCRN","U.S. Climate Reference Network after One Decade of Operations: Status and Assessment","Howard J. Diamond a kol.","2013","science","Primární klimatologická aplikace","https://doi.org/10.1175/BAMS-D-12-00170.1","https://doi.org/10.1175/bams-d-12-00170.1","","","","open_access_manual","open-access-bronze","","review","403","2026-08-04T09:12:30.811Z","OpenAlex: otevřený přístup (bronze). Otevřený plný text je evidován, ale audit nepotvrdil stabilní přímou adresu souboru."
"DOI_10_1002_jgrd_50150","Updated analyses of temperature and precipitation extreme indices since the beginning of the twentieth century: The HadEX2 dataset","M. G. Donat a kol.","2013","science","Studie","https://doi.org/10.1002/jgrd.50150","https://unsworks.unsw.edu.au/handle/1959.4/53634","https://unsworks.unsw.edu.au/server/api/core/bitstreams/dcaae0f9-eb42-4ac7-9655-749e16c4a50e/content","primary-copy","pdf","confirmed_download","open-access-green","cc-by-nc-nd","yes_with_conditions","206","2026-08-04T09:13:02.709Z","OpenAlex: otevřený přístup (green). Přímý soubor ověřen přes publication metadata; HTTP 206, application/pdf."
"WEB_NOAA_raquo_NOAA_s_Array_of_Drifting_Ocean_Buoys_90005d3e","&raquo; NOAA’s Array of Drifting Ocean Buoys","NOAA","2014","organization","Institucionální zdroj","https://www.aoml.noaa.gov/index.php/2014/08/06/noaas-array-of-drifting-ocean-buoys/","https://www.aoml.noaa.gov/index.php/2014/08/06/noaas-array-of-drifting-ocean-buoys/","","","","web_only","web-page","","not_applicable","200","2026-08-04T09:13:04.340Z","Stránka je dostupná, ale neobsahuje automaticky rozpoznatelný soubor ke stažení."
"DOI_10_5670_oceanog_2014_16","A Time-Series View of Changing Ocean Chemistry Due to Ocean Uptake of Anthropogenic CO₂ and Ocean Acidification","Nicholas Bates a kol.","2014","science","Studie","https://doi.org/10.5670/oceanog.2014.16","https://doi.org/10.5670/oceanog.2014.16","https://tos.org/oceanography/assets/docs/27-1_bates.pdf","primary-copy","pdf","confirmed_download","open-access-gold","cc-by","yes_with_attribution","206","2026-08-04T09:13:04.870Z","OpenAlex: otevřený přístup (gold). Přímý soubor ověřen přes OpenAlex; HTTP 206, application/pdf."
"DOI_10_5194_amt_7_647_2014","CO₂ , CO, and CH₄ measurements from tall towers in the NOAA Earth System Research Laboratory's Global Greenhouse Gas Reference Network: instrumentation, uncertainty analysis, and recommendations for future high-accuracy greenhouse gas monitoring efforts","A. E. Andrews a kol.","2014","science","Studie","https://doi.org/10.5194/amt-7-647-2014","https://doi.org/10.5194/amt-7-647-2014","https://amt.copernicus.org/articles/7/647/2014/amt-7-647-2014.pdf","primary-copy","pdf","confirmed_download","open-access-gold","cc-by","yes_with_attribution","206","2026-08-04T09:13:05.323Z","OpenAlex: otevřený přístup (gold). Přímý soubor ověřen přes OpenAlex; HTTP 206, application/pdf."
"2014_BIPM_Thermistors","Guide on Secondary Thermometry: Thermistor Thermometry","David R. White, Kenneth D. Hill, Dolores del Campo a Carmen Garcia Izquierdo","2014","science","Metodická příručka","https://www.bipm.org/documents/20126/41773843/Guide-SecTh-Thermistor-Thermometry.pdf/87e2fdc8-14fc-e977-918e-b801752d06a0?download=true&t=1593014016288&version=1.3","https://www.bipm.org/documents/20126/41773843/Guide-SecTh-Thermistor-Thermometry.pdf/87e2fdc8-14fc-e977-918e-b801752d06a0?download=true&t=1593014016288&version=1.3","https://www.bipm.org/documents/20126/41773843/Guide-SecTh-Thermistor-Thermometry.pdf/87e2fdc8-14fc-e977-918e-b801752d06a0?download=true&t=1593014016288&version=1.3","primary-copy","pdf","confirmed_download","public-direct-file","","review","200","2026-08-04T09:12:31.503Z","Adresa vrací přímo soubor; HTTP 200, application/pdf."
"DOI_10_5194_cp_10_1983_2014","HadISDH land surface multi-variable humidity and temperature record for climate monitoring","K. M. Willett a kol.","2014","science","Studie","https://doi.org/10.5194/cp-10-1983-2014","https://doi.org/10.5194/cp-10-1983-2014","https://cp.copernicus.org/articles/10/1983/2014/cp-10-1983-2014.pdf","primary-copy","pdf","confirmed_download","open-access-gold","cc-by","yes_with_attribution","206","2026-08-04T09:13:06.287Z","OpenAlex: otevřený přístup (gold). Přímý soubor ověřen přes OpenAlex; HTTP 206, application/pdf."
"DOI_10_1016_j_agrformet_2014_05_008","Monitoring vegetation phenology using an infrared-enabled security camera","Anika R. Petach a kol.","2014","science","Studie","https://doi.org/10.1016/j.agrformet.2014.05.008","https://dash.harvard.edu/entities/publication/73120378-d1e0-6bd4-e053-0100007fdf3b","https://dash.harvard.edu/server/api/core/bitstreams/7312037d-3a13-6bd4-e053-0100007fdf3b/content","primary-copy","pdf","confirmed_download","open-access-green","cc-by","yes_with_attribution","206","2026-08-04T09:13:07.123Z","OpenAlex: otevřený přístup (green). Přímý soubor ověřen přes publication metadata; HTTP 206, application/pdf."
"DOI_10_1002_2014jd021603","Recalibration and merging of SSU observations for stratospheric temperature trend studies","Cheng‐Zhi Zou a kol.","2014","science","Studie","https://doi.org/10.1002/2014JD021603","https://agupubs.onlinelibrary.wiley.com/doi/10.1002/2014JD021603","","","","restricted_or_landing_only","closed-or-unknown","","no","403","2026-08-04T09:13:07.440Z","OpenAlex: uzavřený přístup. Veřejně dostupný plný soubor nebyl potvrzen."
"DOI_10_5194_amt_7_4463_2014","Reference quality upper-air measurements: GRUAN data processing for the Vaisala RS92 radiosonde","R. J. Dirksen a kol.","2014","science","Studie","https://doi.org/10.5194/amt-7-4463-2014","https://doi.org/10.5194/amt-7-4463-2014","https://amt.copernicus.org/articles/7/4463/2014/amt-7-4463-2014.pdf","primary-copy","pdf","confirmed_download","open-access-gold","cc-by","yes_with_attribution","206","2026-08-04T09:13:07.905Z","OpenAlex: otevřený přístup (gold). Přímý soubor ověřen přes OpenAlex; HTTP 206, application/pdf."
"DOI_10_1109_tgrs_2014_2310136","Retrieval of Arctic Sea Ice Parameters by Satellite Passive Microwave Sensors: A Comparison of Eleven Sea Ice Concentration Algorithms","Natalia Ivanova a kol.","2014","science","Studie","https://doi.org/10.1109/TGRS.2014.2310136","https://ieeexplore.ieee.org/document/6782670/","","","","restricted_or_landing_only","closed-or-unknown","","no","202","2026-08-04T09:13:06.712Z","OpenAlex: uzavřený přístup. Veřejně dostupný plný soubor nebyl potvrzen."
"DOI_10_1007_s00484_014_0789_5","Standardized phenology monitoring methods to track plant and animal activity for science and resource management applications","Ellen G. Denny a kol.","2014","science","Studie","https://doi.org/10.1007/s00484-014-0789-5","https://doi.org/10.1007/s00484-014-0789-5","","","","open_access_manual","open-access-hybrid","cc-by","yes_with_attribution","200","2026-08-04T09:13:05.863Z","OpenAlex: otevřený přístup (hybrid). Otevřený plný text je evidován, ale audit nepotvrdil stabilní přímou adresu souboru."
"DOI_10_5194_essd_6_201_2014","Temperature data acquired from the DOI/GTN-P Deep Borehole Array on the Arctic Slope of Alaska, 1973–2013","G. D. Clow","2014","science","Studie","https://doi.org/10.5194/essd-6-201-2014","https://doi.org/10.5194/essd-6-201-2014","https://essd.copernicus.org/articles/6/201/2014/essd-6-201-2014.pdf","primary-copy","pdf","confirmed_download","open-access-gold","cc-by","yes_with_attribution","206","2026-08-04T09:13:08.270Z","OpenAlex: otevřený přístup (gold). Přímý soubor ověřen přes OpenAlex; HTTP 206, application/pdf."
"DOI_10_3390_ijerph120100227","The Excess Heat Factor: A Metric for Heatwave Intensity and Its Use in Classifying Heatwave Severity","John Nairn a Robert Fawcett","2014","science","Studie","https://doi.org/10.3390/ijerph120100227","https://doi.org/10.3390/ijerph120100227","","","","open_access_manual","open-access-gold","cc-by","yes_with_attribution","206","2026-08-04T09:13:08.647Z","OpenAlex: otevřený přístup (gold). Otevřený plný text je evidován, ale audit nepotvrdil stabilní přímou adresu souboru."
"DOI_10_5194_essd_7_137_2015","A long-term Northern Hemisphere snow cover extent data record for climate studies and monitoring","T. W. Estilow a kol.","2015","science","Studie","https://doi.org/10.5194/essd-7-137-2015","https://doi.org/10.5194/essd-7-137-2015","https://essd.copernicus.org/articles/7/137/2015/essd-7-137-2015.pdf","primary-copy","pdf","confirmed_download","open-access-gold","cc-by","yes_with_attribution","206","2026-08-04T09:13:08.690Z","OpenAlex: otevřený přístup (gold). Přímý soubor ověřen přes OpenAlex; HTTP 206, application/pdf."
"DOI_10_5194_essd_7_117_2015","A metadata template for ocean acidification data","L.-Q. Jiang a kol.","2015","science","Studie","https://doi.org/10.5194/essd-7-117-2015","https://doi.org/10.5194/essd-7-117-2015","https://essd.copernicus.org/articles/7/117/2015/essd-7-117-2015.pdf","primary-copy","pdf","confirmed_download","open-access-gold","cc-by","yes_with_attribution","206","2026-08-04T09:13:10.268Z","OpenAlex: otevřený přístup (gold). Přímý soubor ověřen přes OpenAlex; HTTP 206, application/pdf."
"DOI_10_1073_pnas_1504613112","Decadal acidification in the water masses of the Atlantic Ocean","Aida F. Ríos a kol.","2015","science","Studie","https://doi.org/10.1073/pnas.1504613112","https://doi.org/10.1073/pnas.1504613112","","","","open_access_manual","open-access-bronze","","review","403","2026-08-04T09:13:10.775Z","OpenAlex: otevřený přístup (bronze). Otevřený plný text je evidován, ale audit nepotvrdil stabilní přímou adresu souboru."
"DOI_10_1594_pangaea_842821","Global Terrestrial Network for Permafrost metadata for permafrost boreholes (TSP) and active layer monitoring (CALM) sites","GTN-P","2015","science","Studie","https://doi.org/10.1594/PANGAEA.842821","https://doi.pangaea.de/10.1594/PANGAEA.842821","","","","open_access_manual","open-access-green","cc-by","yes_with_attribution","200","2026-08-04T09:13:09.096Z","OpenAlex: otevřený přístup (green). Otevřený plný text je evidován, ale audit nepotvrdil stabilní přímou adresu souboru."
"DOI_10_3189_2015jog15j017","Historically unprecedented global glacier decline in the early 21st century","Michael Zemp a kol.","2015","science","Studie","https://doi.org/10.3189/2015JoG15J017","https://doi.org/10.3189/2015jog15j017","https://www.cambridge.org/core/services/aop-cambridge-core/content/view/2F1E3ACB111A03F9BA83D11439F5D681/S0022143000202554a.pdf/div-class-title-historically-unprecedented-global-glacier-decline-in-the-early-21st-century-div.pdf","primary-copy","pdf","confirmed_download","open-access-hybrid","cc-by","yes_with_attribution","206","2026-08-04T09:13:09.857Z","OpenAlex: otevřený přístup (hybrid). Přímý soubor ověřen přes OpenAlex; HTTP 206, application/pdf."
"2015_Paris","Pařížská dohoda","Smluvní strany UNFCCC","2015","politics","Mezinárodní dohoda","https://unfccc.int/process-and-meetings/the-paris-agreement","https://unfccc.int/process-and-meetings/the-paris-agreement","","","","web_only","web-page","","not_applicable","200","2026-08-04T09:12:30.046Z","Stránka je dostupná, ale neobsahuje automaticky rozpoznatelný soubor ke stažení."
"DOI_10_1038_nature14093","Probabilistic reanalysis of twentieth-century sea-level rise","Carling C. Hay a kol.","2015","science","Studie","https://doi.org/10.1038/nature14093","https://idp.nature.com/transit?redirect_uri=https%3A%2F%2Fwww.nature.com%2Farticles%2Fnature14093&code=e046bd6c-bbbb-41a4-b9f8-02a7e0c606c3","","","","restricted_or_landing_only","closed-or-unknown","","no","200","2026-08-04T09:13:10.642Z","OpenAlex: uzavřený přístup. Veřejně dostupný plný soubor nebyl potvrzen."
"DOI_10_1002_2014gl061957","Revision of the EPICA Dome C CO₂ record from 800 to 600 kyr before present","Bernhard Bereiter a kol.","2015","science","Studie","https://doi.org/10.1002/2014GL061957","https://boris-portal.unibe.ch/items/ce47f991-1bb7-4bed-8147-6f09037119eb","https://boris-portal.unibe.ch/server/api/core/bitstreams/46587414-f086-40b3-9579-54a16629aff6/content","primary-copy","pdf","confirmed_download","open-access-bronze","other-oa","review","206","2026-08-04T09:13:10.664Z","OpenAlex: otevřený přístup (bronze). Přímý soubor ověřen přes publication metadata; HTTP 206, application/pdf."
"DOI_10_5194_essd_7_245_2015","The new database of the Global Terrestrial Network for Permafrost (GTN-P)","B. K. Biskaborn a kol.","2015","science","Studie","https://doi.org/10.5194/essd-7-245-2015","https://doi.org/10.5194/essd-7-245-2015","https://essd.copernicus.org/articles/7/245/2015/essd-7-245-2015.pdf","primary-copy","pdf","confirmed_download","open-access-gold","cc-by","yes_with_attribution","206","2026-08-04T09:13:11.288Z","OpenAlex: otevřený přístup (gold). Přímý soubor ověřen přes OpenAlex; HTTP 206, application/pdf."
"DOI_10_5194_bg_12_1285_2015","Trends and drivers in global surface ocean pH over the past 3 decades","S. K. Lauvset a kol.","2015","science","Studie","https://doi.org/10.5194/bg-12-1285-2015","https://doi.org/10.5194/bg-12-1285-2015","https://bg.copernicus.org/articles/12/1285/2015/bg-12-1285-2015.pdf","primary-copy","pdf","confirmed_download","open-access-gold","cc-by","yes_with_attribution","206","2026-08-04T09:13:11.446Z","OpenAlex: otevřený přístup (gold). Přímý soubor ověřen přes OpenAlex; HTTP 206, application/pdf."
"DOI_10_5194_essd_8_383_2016","A multi-decade record of high-quality f CO₂ data in version 3 of the Surface Ocean CO₂ Atlas (SOCAT)","Dorothee C. E. Bakker a kol.","2016","science","Studie","https://doi.org/10.5194/essd-8-383-2016","https://doi.org/10.5194/essd-8-383-2016","https://ueaeprints.uea.ac.uk/id/eprint/59201/4/2016_Bakker_et_al_ESSD_SOCAT_v3.pdf","primary-copy","pdf","confirmed_download","open-access-gold","cc-by","yes_with_attribution","206","2026-08-04T09:13:11.777Z","OpenAlex: otevřený přístup (gold). Přímý soubor ověřen přes OpenAlex; HTTP 206, application/pdf."
"DOI_10_1002_2016jc011747","Assessing the impact of vertical land motion on twentieth century global mean sea level estimates","B. D. Hamlington a kol.","2016","science","Studie","https://doi.org/10.1002/2016JC011747","https://doi.org/10.1002/2016jc011747","","","","open_access_manual","open-access-hybrid","other-oa","review","403","2026-08-04T09:13:11.505Z","OpenAlex: otevřený přístup (hybrid). Otevřený plný text je evidován, ale audit nepotvrdil stabilní přímou adresu souboru."
"DOI_10_1002_joc_4775","ICOADS Release 3.0: a major update to the historical marine climate record","Eric Freeman a kol.","2016","science","Studie","https://doi.org/10.1002/joc.4775","https://repository.library.noaa.gov/view/noaa/14538","https://repository.library.noaa.gov/view/noaa/14538/noaa_14538_DS1.pdf","primary-copy","pdf","confirmed_download","open-access-hybrid","cc-by","yes_with_attribution","206","2026-08-04T09:13:12.099Z","OpenAlex: otevřený přístup (hybrid). Přímý soubor ověřen přes publication metadata; HTTP 206, application/pdf."
"DOI_10_7289_v5sf2t7j","Radiosonde Atmospheric Temperature Products for Assessing Climate (RATPAC), Version 2","Imke Durre a kol.","2016","science","Datový soubor","https://doi.org/10.7289/V5SF2T7J","https://doi.org/10.7289/v5sf2t7j","","","","open_access_manual","open-access-green","","review","206","2026-08-04T09:13:12.896Z","OpenAlex: otevřený přístup (green). Otevřený plný text je evidován, ale audit nepotvrdil stabilní přímou adresu souboru."
"DOI_10_3390_rs8060457","Relating the Age of Arctic Sea Ice to its Thickness, as Measured during NASA’s ICESat and IceBridge Campaigns","Mark Tschudi a kol.","2016","science","Studie","https://doi.org/10.3390/rs8060457","https://doi.org/10.3390/rs8060457","","","","open_access_manual","open-access-gold","cc-by","yes_with_attribution","206","2026-08-04T09:13:13.127Z","OpenAlex: otevřený přístup (gold). Otevřený plný text je evidován, ale audit nepotvrdil stabilní přímou adresu souboru."
"DOI_10_1007_s10712_016_9389_8","Satellite Altimetry-Based Sea Level at Global and Regional Scales","M. Ablain a kol.","2016","science","Studie","https://doi.org/10.1007/s10712-016-9389-8","https://idp.springer.com/transit?redirect_uri=https%3A%2F%2Flink.springer.com%2Farticle%2F10.1007%2Fs10712-016-9389-8&code=ccb97674-38af-4572-a748-daa650678f9b","","","","restricted_or_landing_only","closed-or-unknown","","no","200","2026-08-04T09:13:13.549Z","OpenAlex: uzavřený přístup. Veřejně dostupný plný soubor nebyl potvrzen."
"DOI_10_1175_jcli_d_15_0801_1","Sensitivity of Global Upper-Ocean Heat Content Estimates to Mapping Methods, XBT Bias Corrections, and Baseline Climatologies*","Tim Boyer a kol.","2016","science","Studie","https://doi.org/10.1175/JCLI-D-15-0801.1","https://doi.org/10.1175/jcli-d-15-0801.1","","","","open_access_manual","open-access-bronze","","review","403","2026-08-04T09:13:13.743Z","OpenAlex: otevřený přístup (bronze). Otevřený plný text je evidován, ale audit nepotvrdil stabilní přímou adresu souboru."
"DOI_10_1175_jtech_d_16_0018_1","Stratospheric Temperature Climate Data Record from Merged SSU and AMSU-A Observations","Cheng-Zhi Zou a Haifeng Qian","2016","science","Studie","https://doi.org/10.1175/JTECH-D-16-0018.1","https://journals.ametsoc.org/view/journals/atot/33/9/jtech-d-16-0018_1.xml","","","","restricted_or_landing_only","closed-or-unknown","","no","403","2026-08-04T09:13:14.568Z","OpenAlex: uzavřený přístup. Veřejně dostupný plný soubor nebyl potvrzen."
"DOI_10_1002_2015jd024039","Stratospheric temperature changes during the satellite era","Dian J. Seidel a kol.","2016","science","Studie","https://doi.org/10.1002/2015JD024039","https://doi.org/10.1002/2015jd024039","","","","open_access_manual","open-access-hybrid","cc-by-nc-nd","yes_with_conditions","403","2026-08-04T09:13:14.716Z","OpenAlex: otevřený přístup (hybrid). Otevřený plný text je evidován, ale audit nepotvrdil stabilní přímou adresu souboru."
"DOI_10_1175_jcli_d_15_0629_1","Stratospheric Temperature Trends over 1979–2015 Derived from Combined SSU, MLS, and SABER Satellite Observations","William J. Randel a kol.","2016","science","Studie","https://doi.org/10.1175/JCLI-D-15-0629.1","https://journals.ametsoc.org/view/journals/clim/29/13/jcli-d-15-0629.1.xml","","","","restricted_or_landing_only","closed-or-unknown","","no","403","2026-08-04T09:12:36.847Z","OpenAlex: uzavřený přístup. Veřejně dostupný plný soubor nebyl potvrzen."
"DOI_10_5194_essd_8_297_2016","The Global Ocean Data Analysis Project version 2 (GLODAPv2) – an internally consistent data product for the world ocean","Are Olsen a kol.","2016","science","Studie","https://doi.org/10.5194/essd-8-297-2016","https://doi.org/10.5194/essd-8-297-2016","https://www.osti.gov/servlets/purl/1338547","primary-copy","txt","confirmed_download","open-access-gold","cc-by","yes_with_attribution","200","2026-08-04T09:13:12.400Z","OpenAlex: otevřený přístup (gold). Přímý soubor ověřen přes OpenAlex; HTTP 200, text/plain."
"DOI_10_1002_2015rg000502","Vertical land motion as a key to understanding sea level change and variability","Guy Wöppelmann a Marta Marcos","2016","science","Studie","https://doi.org/10.1002/2015RG000502","https://digital.csic.es/handle/10261/133374","https://digital.csic.es/bitstream/10261/133374/1/Woppelmann-RevGeophysics-2016-v54-p64.pdf","primary-copy","pdf","confirmed_download","open-access-bronze","other-oa","review","206","2026-08-04T09:13:14.939Z","OpenAlex: otevřený přístup (bronze). Přímý soubor ověřen přes publication metadata; HTTP 206, application/pdf."
"DOI_10_1111_j_1931_0846_2016_12195_x","A database for depicting Arctic sea ice variations back to 1850","John E. Walsh a kol.","2017","science","Studie","https://doi.org/10.1111/j.1931-0846.2016.12195.x","https://www.tandfonline.com/doi/full/10.1111/j.1931-0846.2016.12195.x","","","","restricted_or_landing_only","closed-or-unknown","","no","403","2026-08-04T09:13:14.971Z","OpenAlex: uzavřený přístup. Veřejně dostupný plný soubor nebyl potvrzen."
"DOI_10_2151_sola_2017_030","Accuracy of Global Upper Ocean Heat Content Estimation Expected from Present Observational Data Sets","Masayoshi Ishii a kol.","2017","science","Studie","https://doi.org/10.2151/sola.2017-030","https://doi.org/10.2151/sola.2017-030","https://www.jstage.jst.go.jp/article/sola/13/0/13_2017-030/_pdf","primary-copy","pdf","confirmed_download","open-access-gold","","review","200","2026-08-04T09:13:15.267Z","OpenAlex: otevřený přístup (gold). Přímý soubor ověřen přes OpenAlex; HTTP 200, application/pdf."
"DOI_10_5194_amt_10_2209_2017","Comparisons of the Orbiting Carbon Observatory-2 (OCO-2) X CO₂ measurements with TCCON","Debra Wunch a kol.","2017","science","Studie","https://doi.org/10.5194/amt-10-2209-2017","https://doi.org/10.5194/amt-10-2209-2017","https://amt.copernicus.org/articles/10/2209/2017/amt-10-2209-2017.pdf","primary-copy","pdf","confirmed_download","open-access-gold","cc-by","yes_with_attribution","206","2026-08-04T09:13:18.018Z","OpenAlex: otevřený přístup (gold). Přímý soubor ověřen přes OpenAlex; HTTP 206, application/pdf."
"DOI_10_5067_96jo0kifdas8","CryoSat-2 Level-4 Sea Ice Elevation, Freeboard, and Thickness, Version 1"," Nathan Kurtz a  Jeremy Harbeck","2017","science","Datový soubor","https://doi.org/10.5067/96JO0KIFDAS8","https://nsidc.org/data/rdeft4/versions/1","https://nsidc.org/sites/default/files/rdeft4-v001-userguide_1.pdf","primary-copy","pdf","confirmed_download","open-access-green","","review","206","2026-08-04T09:13:15.404Z","OpenAlex: otevřený přístup (green). Přímý soubor ověřen přes source page; HTTP 206, application/pdf."
"DOI_10_1126_sciadv_1601545","Improved estimates of ocean heat content from 1960 to 2015","Lijing Cheng a kol.","2017","science","Studie","https://doi.org/10.1126/sciadv.1601545","https://archimer.ifremer.fr/doc/00673/78501/","https://archimer.ifremer.fr/doc/00673/78501/80764.pdf","primary-copy","pdf","confirmed_download","open-access-gold","cc-by-nc","yes_with_conditions","200","2026-08-04T09:12:34.693Z","OpenAlex: otevřený přístup (gold). Přímý soubor ověřen přes publication metadata; HTTP 200, application/pdf."
"DOI_10_7289_v53f4mvp","NCEI ocean heat content, temperature anomalies, salinity anomalies, thermosteric sea level anomalies, halosteric sea level anomalies, and total steric sea level anomalies from 1955 to present calculated from in situ oceanographic subsurface profile data (NCEI Accession 0164586)","Sydney Levitus a kol.","2017","science","Datový soubor","https://doi.org/10.7289/V53F4MVP","https://doi.org/10.7289/v53f4mvp","","","","open_access_manual","open-access-green","","review","206","2026-08-04T09:13:16.763Z","OpenAlex: otevřený přístup (green). Otevřený plný text je evidován, ale audit nepotvrdil stabilní přímou adresu souboru."
"DOI_10_1002_2017jc013090","On the “Cal‐Mode” Correction to TOPEX Satellite Altimetry and Its Effect on the Global Mean Sea Level Time Series","B. D. Beckley a kol.","2017","science","Studie","https://doi.org/10.1002/2017JC013090","https://agupubs.onlinelibrary.wiley.com/doi/10.1002/2017JC013090","","","","restricted_or_landing_only","closed-or-unknown","","no","403","2026-08-04T09:13:16.978Z","OpenAlex: uzavřený přístup. Veřejně dostupný plný soubor nebyl potvrzen."
"WEB_Copernicus_Seasonal_Productivity_2017_present_raster_10_m_E_9528f67a","Seasonal Productivity 2017-present (raster 10 m), Europe, yearly","Copernicus","2017","organization","Datový portál nebo soubor","https://land.copernicus.eu/en/products/vegetation/high-resolution-seasonal-productivity","https://land.copernicus.eu/en/products/vegetation/high-resolution-seasonal-productivity","","","","manual_data_download","data-portal","","review","206","2026-08-04T09:13:17.318Z","Zdroj je dostupný datový portál, ale konkrétní soubor vyžaduje výběr dat nebo ruční export."
"DOI_10_5194_amt_10_59_2017","The on-orbit performance of the Orbiting Carbon Observatory-2 (OCO-2) instrument and its radiometrically calibrated products","David Crisp a kol.","2017","science","Studie","https://doi.org/10.5194/amt-10-59-2017","https://doi.org/10.5194/amt-10-59-2017","https://amt.copernicus.org/articles/10/59/2017/amt-10-59-2017.pdf","primary-copy","pdf","confirmed_download","open-access-gold","cc-by","yes_with_attribution","206","2026-08-04T09:13:17.367Z","OpenAlex: otevřený přístup (gold). Přímý soubor ověřen přes OpenAlex; HTTP 206, application/pdf."
"DOI_10_5194_amt_10_549_2017","The Orbiting Carbon Observatory-2: first 18 months of science data products","Annmarie Eldering a kol.","2017","science","Studie","https://doi.org/10.5194/amt-10-549-2017","https://doi.org/10.5194/amt-10-549-2017","https://amt.copernicus.org/articles/10/549/2017/amt-10-549-2017.pdf","primary-copy","pdf","confirmed_download","open-access-gold","cc-by","yes_with_attribution","206","2026-08-04T09:13:16.339Z","OpenAlex: otevřený přístup (gold). Přímý soubor ověřen přes OpenAlex; HTTP 206, application/pdf."
"DOI_10_1007_s13143_017_0010_y","UAH Version 6 global satellite temperature products: Methodology and results","Roy W. Spencer a kol.","2017","science","Studie","https://doi.org/10.1007/s13143-017-0010-y","https://idp.springer.com/authorize?response_type=cookie&client_id=springerlink&redirect_uri=https%3A%2F%2Flink.springer.com%2Farticle%2F10.1007%2Fs13143-017-0010-y","","","","restricted_or_landing_only","closed-or-unknown","","no","200","2026-08-04T09:13:17.776Z","OpenAlex: uzavřený přístup. Veřejně dostupný plný soubor nebyl potvrzen."
"DOI_10_1175_amsmonographs_d_18_0006_1","100 Years of Progress in Atmospheric Observing Systems","Jeffrey L. Stith a kol.","2018","science","Studie","https://doi.org/10.1175/AMSMONOGRAPHS-D-18-0006.1","https://doi.org/10.1175/amsmonographs-d-18-0006.1","","","","open_access_manual","open-access-diamond","public-domain","yes","403","2026-08-04T09:13:18.630Z","OpenAlex: otevřený přístup (diamond). Otevřený plný text je evidován, ale audit nepotvrdil stabilní přímou adresu souboru."
"DOI_10_1029_2017jd028200","An Ensemble Version of the E‐OBS Temperature and Precipitation Data Sets","Richard C. Cornes a kol.","2018","science","Studie","https://doi.org/10.1029/2017JD028200","https://doi.org/10.1029/2017jd028200","https://ueaeprints.uea.ac.uk/id/eprint/68099/1/Accepted_manuscript.pdf","primary-copy","pdf","confirmed_download","open-access-bronze","","review","206","2026-08-04T09:13:18.682Z","OpenAlex: otevřený přístup (bronze). Přímý soubor ověřen přes OpenAlex; HTTP 206, application/pdf."
"DOI_10_1088_1748_9326_aae3ec","Arctic sea ice thickness, volume, and multiyear ice coverage: losses and coupled variability (1958–2018)","R Kwok","2018","science","Studie","https://doi.org/10.1088/1748-9326/aae3ec","https://doi.org/10.1088/1748-9326/aae3ec","","","","open_access_manual","open-access-gold","cc-by","yes_with_attribution","200","2026-08-04T09:13:19.205Z","OpenAlex: otevřený přístup (gold). Otevřený plný text je evidován, ale audit nepotvrdil stabilní přímou adresu souboru."
"DOI_10_1002_2018ea000363","Construction and Uncertainty Estimation of a Satellite‐Derived Total Precipitable Water Data Record Over the World's Oceans","Carl A. Mears a kol.","2018","science","Studie","https://doi.org/10.1002/2018EA000363","https://doi.org/10.1002/2018ea000363","","","","open_access_manual","open-access-gold","cc-by-nc-nd","yes_with_conditions","403","2026-08-04T09:13:19.415Z","OpenAlex: otevřený přístup (gold). Otevřený plný text je evidován, ale audit nepotvrdil stabilní přímou adresu souboru."
"DOI_10_1038_s41558_018_0245_3","Detection of continental-scale intensification of hourly rainfall extremes","Selma B. Guerreiro a kol.","2018","science","Studie","https://doi.org/10.1038/s41558-018-0245-3","https://hal.inrae.fr/hal-02607902","https://hal.inrae.fr/hal-02607902/document","primary-copy","pdf","confirmed_download","open-access-green","other-oa","review","206","2026-08-04T09:13:19.613Z","OpenAlex: otevřený přístup (green). Přímý soubor ověřen přes publication metadata; HTTP 206, application/pdf."
"DOI_10_1175_jtech_d_17_0223_1","Enhancing the Data Coverage in the Integrated Global Radiosonde Archive","Imke Durre a kol.","2018","science","Studie","https://doi.org/10.1175/JTECH-D-17-0223.1","https://doi.org/10.1175/jtech-d-17-0223.1","","","","open_access_manual","open-access-bronze","public-domain","yes","403","2026-08-04T09:13:20.044Z","OpenAlex: otevřený přístup (bronze). Otevřený plný text je evidován, ale audit nepotvrdil stabilní přímou adresu souboru."
"DOI_10_24381_cds_adbb2d47","ERA5 hourly data on single levels from 1940 to present","C3S","2018","science","Datový soubor","https://doi.org/10.24381/cds.adbb2d47","https://doi.org/10.24381/cds.adbb2d47","","","","open_access_manual","open-access-green","","review","","2026-08-04T09:13:20.094Z","OpenAlex: otevřený přístup (green). Otevřený plný text je evidován, ale audit nepotvrdil stabilní přímou adresu souboru."
"DOI_10_17882_58344","Error variance-covariance matrix of global mean sea level estimated from satellite altimetry (TOPEX, Jason 1, Jason 2, Jason 3)","Michael Ablain a kol.","2018","science","Datový soubor","https://doi.org/10.17882/58344","https://doi.org/10.17882/58344","","","","open_access_manual","open-access-green","cc-by-nc-4.0","yes_with_conditions","206","2026-08-04T09:13:20.461Z","OpenAlex: otevřený přístup (green). Otevřený plný text je evidován, ale audit nepotvrdil stabilní přímou adresu souboru."
"DOI_10_1016_j_agrformet_2018_03_003","Evaluation of land surface phenology from VIIRS data using time series of PhenoCam imagery","Xiaoyang Zhang a kol.","2018","science","Studie","https://doi.org/10.1016/j.agrformet.2018.03.003","https://www.osti.gov/biblio/1682476","","","","open_access_manual","open-access-green","","review","200","2026-08-04T09:13:20.763Z","OpenAlex: otevřený přístup (green). Otevřený plný text je evidován, ale audit nepotvrdil stabilní přímou adresu souboru."
"DOI_10_1016_j_rse_2018_06_047","Generation and evaluation of the VIIRS land surface phenology product","Xiaoyang Zhang a kol.","2018","science","Studie","https://doi.org/10.1016/j.rse.2018.06.047","https://linkinghub.elsevier.com/retrieve/pii/S0034425718303274","","","","restricted_or_landing_only","closed-or-unknown","","no","200","2026-08-04T09:13:23.147Z","OpenAlex: uzavřený přístup. Veřejně dostupný plný soubor nebyl potvrzen."
"DOI_10_6084_m9_figshare_c_4004668","GHWR, a multi-method global heatwave and warm-spell record and toolbox","Ehsan Raei a kol.","2018","science","Studie","https://doi.org/10.6084/m9.figshare.c.4004668","https://doi.org/10.6084/m9.figshare.c.4004668","","","","open_access_manual","open-access-green","cc-by","yes_with_attribution","202","2026-08-04T09:13:21.017Z","OpenAlex: otevřený přístup (green). Otevřený plný text je evidován, ale audit nepotvrdil stabilní přímou adresu souboru."
"DOI_10_1038_sdata_2018_206","GHWR, a multi-method global heatwave and warm-spell record and toolbox","Ehsan Raei a kol.","2018","science","Studie","https://doi.org/10.1038/sdata.2018.206","https://repository.library.noaa.gov/view/noaa/24182","https://repository.library.noaa.gov/view/noaa/24182/noaa_24182_DS1.pdf","primary-copy","pdf","confirmed_download","open-access-gold","cc-by-sa","yes_with_attribution","206","2026-08-04T09:13:21.972Z","OpenAlex: otevřený přístup (gold). Přímý soubor ověřen přes publication metadata; HTTP 206, application/pdf."
"DOI_10_1594_pangaea_884711","GTN-P global mean annual ground temperature data for permafrost near the depth of zero annual amplitude (2007-2016)","GTN-P","2018","science","Datový soubor","https://doi.org/10.1594/PANGAEA.884711","https://doi.pangaea.de/10.1594/PANGAEA.884711","","","","open_access_manual","open-access-green","cc-by","yes_with_attribution","200","2026-08-04T09:13:21.334Z","OpenAlex: otevřený přístup (green). Otevřený plný text je evidován, ale audit nepotvrdil stabilní přímou adresu souboru."
"DOI_10_1038_s41586_018_0179_y","Mass balance of the Antarctic Ice Sheet from 1992 to 2017","The IMBIE team","2018","science","Studie","https://doi.org/10.1038/s41586-018-0179-y","https://doi.org/10.1038/s41586-018-0179-y","https://orbi.uliege.be/bitstream/2268/225208/1/IMBIE_Nature_2018.pdf","primary-copy","pdf","confirmed_download","open-access-green","other-oa","review","200","2026-08-04T09:13:21.504Z","OpenAlex: otevřený přístup (green). Přímý soubor ověřen přes OpenAlex; HTTP 200, application/pdf."
"DOI_10_1007_s00484_018_1512_8","Pan European Phenological database (PEP725): a single point of access for European data","Barbara Templ a kol.","2018","science","Studie","https://doi.org/10.1007/s00484-018-1512-8","https://idp.springer.com/transit?redirect_uri=https%3A%2F%2Flink.springer.com%2Farticle%2F10.1007%2Fs00484-018-1512-8&code=4a2b5fbe-a5d6-48e0-aac5-1bcf8eb54431","","","","restricted_or_landing_only","closed-or-unknown","","no","200","2026-08-04T09:13:22.190Z","OpenAlex: uzavřený přístup. Veřejně dostupný plný soubor nebyl potvrzen."
"DOI_10_1016_j_marchem_2018_10_006","Routine uncertainty propagation for the marine carbon dioxide system","James C. Orr a kol.","2018","science","Studie","https://doi.org/10.1016/j.marchem.2018.10.006","https://doi.org/10.1016/j.marchem.2018.10.006","https://hal.sorbonne-universite.fr/hal-01973728v1/file/1-s2.0-S030442031830149X-main.pdf","primary-copy","pdf","confirmed_download","open-access-hybrid","cc-by","yes_with_attribution","206","2026-08-04T09:13:21.947Z","OpenAlex: otevřený přístup (hybrid). Přímý soubor ověřen přes OpenAlex; HTTP 206, application/pdf."
"DOI_10_1175_jcli_d_18_0094_1","The Global Historical Climatology Network Monthly Temperature Dataset, Version 4","Matthew J. Menne a kol.","2018","science","Studie","https://doi.org/10.1175/JCLI-D-18-0094.1","https://repository.library.noaa.gov/view/noaa/45291","https://repository.library.noaa.gov/view/noaa/45291/noaa_45291_DS1.pdf","primary-copy","pdf","confirmed_download","open-access-green","cc-by","yes_with_attribution","206","2026-08-04T09:13:22.769Z","OpenAlex: otevřený přístup (green). Přímý soubor ověřen přes publication metadata; HTTP 206, application/pdf."
"DOI_10_1038_sdata_2018_28","Tracking vegetation phenology across diverse North American biomes using PhenoCam imagery","Andrew D. Richardson a kol.","2018","science","Studie","https://doi.org/10.1038/sdata.2018.28","https://doi.org/10.1038/sdata.2018.28","https://www.osti.gov/servlets/purl/1433125","primary-copy","txt","confirmed_download","open-access-gold","cc-by","yes_with_attribution","200","2026-08-04T09:13:23.073Z","OpenAlex: otevřený přístup (gold). Přímý soubor ověřen přes OpenAlex; HTTP 200, text/plain."
"DOI_10_3133_ofr20181060","USA National Phenology Network observational data documentation","Alyssa H. Rosemartin a kol.","2018","science","Odborná zpráva","https://doi.org/10.3133/ofr20181060","https://doi.org/10.3133/ofr20181060","https://pubs.usgs.gov/of/2018/1060/ofr20181060.pdf","primary-copy","pdf","confirmed_download","open-access-diamond","","review","206","2026-08-04T09:14:25.452Z","OpenAlex: otevřený přístup (diamond). Přímý soubor ověřen přes OpenAlex; HTTP 206, application/pdf."
"DOI_10_1175_amsmonographs_d_19_0003_1","100 Years of Progress in Understanding the Stratosphere and Mesosphere","Mark P. Baldwin a kol.","2019","science","Studie","https://doi.org/10.1175/AMSMONOGRAPHS-D-19-0003.1","https://doi.org/10.1175/amsmonographs-d-19-0003.1","","","","open_access_manual","open-access-diamond","cc-by","yes_with_attribution","403","2026-08-04T09:13:23.548Z","OpenAlex: otevřený přístup (diamond). Otevřený plný text je evidován, ale audit nepotvrdil stabilní přímou adresu souboru."
"DOI_10_1029_2018jd029867","An Ensemble Data Set of Sea Surface Temperature Change From 1850: The Met Office Hadley Centre HadSST.4.0.0.0 Data Set","J. J. Kennedy a kol.","2019","science","Studie","https://doi.org/10.1029/2018JD029867","https://doi.org/10.1029/2018jd029867","","","","open_access_manual","open-access-bronze","","review","403","2026-08-04T09:13:23.661Z","OpenAlex: otevřený přístup (bronze). Otevřený plný text je evidován, ale audit nepotvrdil stabilní přímou adresu souboru."
"DOI_10_1088_1748_9326_aaf52c","Assessing uncertainties in sea ice extent climate indicators","Walter N Meier a J Scott Stewart","2019","science","Studie","https://doi.org/10.1088/1748-9326/aaf52c","https://repository.library.noaa.gov/view/noaa/25118","https://repository.library.noaa.gov/view/noaa/25118/noaa_25118_DS1.pdf","primary-copy","pdf","confirmed_download","open-access-gold","cc-by","yes_with_attribution","206","2026-08-04T09:13:27.572Z","OpenAlex: otevřený přístup (gold). Přímý soubor ověřen přes publication metadata; HTTP 206, application/pdf."
"DOI_10_1007_s10712_019_09525_z","Concepts and Terminology for Sea Level: Mean, Variability and Change, Both Local and Global","Jonathan M. Gregory a kol.","2019","science","Studie","https://doi.org/10.1007/s10712-019-09525-z","https://doi.org/10.1007/s10712-019-09525-z","https://brgm.hal.science/hal-02182687v1/document","primary-copy","pdf","confirmed_download","open-access-hybrid","cc-by","yes_with_attribution","206","2026-08-04T09:13:24.288Z","OpenAlex: otevřený přístup (hybrid). Přímý soubor ověřen přes OpenAlex; HTTP 206, application/pdf."
"DOI_10_1038_s41558_019_0456_2","Contributions of GRACE to understanding climate change","Byron D. Tapley a kol.","2019","science","Studie","https://doi.org/10.1038/s41558-019-0456-2","https://doi.org/10.1038/s41558-019-0456-2","","","","open_access_manual","open-access-hybrid","other-oa","review","200","2026-08-04T09:13:29.794Z","OpenAlex: otevřený přístup (hybrid). Otevřený plný text je evidován, ale audit nepotvrdil stabilní přímou adresu souboru."
"DOI_10_5067_utav7490fepb","EASE-Grid Sea Ice Age, Version 4"," Mark Tschudi a kol.","2019","science","Datový soubor","https://doi.org/10.5067/UTAV7490FEPB","https://nsidc.org/data/nsidc-0611/versions/4","https://nsidc.org/sites/default/files/documents/user-guide/nsidc-0611-v004-userguide_0.pdf","primary-copy","pdf","confirmed_download","open-access-green","","review","206","2026-08-04T09:13:24.520Z","OpenAlex: otevřený přístup (green). Přímý soubor ověřen přes source page; HTTP 206, application/pdf."
"DOI_10_1073_pnas_1904242116","Forty-six years of Greenland Ice Sheet mass balance from 1972 to 2018","Jérémie Mouginot a kol.","2019","science","Studie","https://doi.org/10.1073/pnas.1904242116","https://doi.org/10.1073/pnas.1904242116","https://curis.ku.dk/ws/files/225428199/Forty_six_years_of_Greenland_Ice_Sheet_mass_balance_from_1972_to_2018.pdf","primary-copy","pdf","confirmed_download","open-access-green","cc-by-nc-nd","yes_with_conditions","200","2026-08-04T09:13:27.845Z","OpenAlex: otevřený přístup (green). Přímý soubor ověřen přes OpenAlex; HTTP 200, application/pdf."
"DOI_10_1073_pnas_1812883116","Four decades of Antarctic Ice Sheet mass balance from 1979–2017","Eric Rignot a kol.","2019","science","Studie","https://doi.org/10.1073/pnas.1812883116","https://dspace.library.uu.nl/items/26b51360-9989-4e38-b763-a38f9cb69f70","https://dspace.library.uu.nl/server/api/core/bitstreams/864c0dee-35ce-4947-8ce1-60a434e60123/content","primary-copy","pdf","confirmed_download","open-access-bronze","cc-by","yes_with_attribution","206","2026-08-04T09:13:29.296Z","OpenAlex: otevřený přístup (bronze). Přímý soubor ověřen přes publication metadata; HTTP 206, application/pdf."
"2019_GCOS_GSRN","GCOS Surface Reference Network: Justification, Requirements, Siting and Instrumentation Options","GCOS Surface Reference Network Task Team","2019","science","Požadavky referenční sítě","https://gcos.wmo.int/site/global-climate-observing-system-gcos/networks/aopc-situ/gcos-surface-reference-network-gsrn-implementation/gsrn-task-team","https://gcos.wmo.int/site/global-climate-observing-system-gcos/networks/aopc-situ/gcos-surface-reference-network-gsrn-implementation/gsrn-task-team","","","","web_only","web-page","","not_applicable","206","2026-08-04T09:12:31.648Z","Stránka je dostupná, ale neobsahuje automaticky rozpoznatelný soubor ke stažení."
"DOI_10_1038_s41586_019_1071_0","Global glacier mass changes and their contributions to sea-level rise from 1961 to 2016","M. Zemp a kol.","2019","science","Studie","https://doi.org/10.1038/s41586-019-1071-0","https://doi.org/10.1038/s41586-019-1071-0","https://pure.ulster.ac.uk/ws/files/78030191/Zemp_etal_preproof.pdf","primary-copy","pdf","confirmed_download","open-access-green","other-oa","review","200","2026-08-04T09:13:24.805Z","OpenAlex: otevřený přístup (green). Přímý soubor ověřen přes OpenAlex; HTTP 200, application/pdf."
"DOI_10_7265_jj4s_tq79","Gridded Monthly Sea Ice Extent and Concentration, 1850 Onward, Version 2","J.E. Walsh a kol.","2019","science","Datový soubor","https://doi.org/10.7265/jj4s-tq79","https://nsidc.org/data/g10010/versions/2","https://nsidc.org/sites/default/files/g10010_v0020_1_0.pdf","primary-copy","pdf","confirmed_download","open-access-green","","review","206","2026-08-04T09:13:24.875Z","OpenAlex: otevřený přístup (green). Přímý soubor ověřen přes source page; HTTP 206, application/pdf."
"DOI_10_1175_jcli_d_18_0143_1","GSDR: A Global Sub-Daily Rainfall Dataset","Elizabeth Lewis a kol.","2019","science","Studie","https://doi.org/10.1175/JCLI-D-18-0143.1","https://hal.inrae.fr/hal-02609506","https://hal.inrae.fr/hal-02609506/document","primary-copy","pdf","confirmed_download","open-access-hybrid","other-oa","review","206","2026-08-04T09:13:25.518Z","OpenAlex: otevřený přístup (hybrid). Přímý soubor ověřen přes publication metadata; HTTP 206, application/pdf."
"DOI_10_5067_temsc_3jc62","JPL GRACE and GRACE-FO Mascon Ocean, Ice, and Hydrology Equivalent Water Height Coastal Resolution Improvement (CRI) Filtered Release 06 Version 02","NASA/JPL","2019","science","Datový soubor","https://doi.org/10.5067/TEMSC-3JC62","https://doi.org/10.5067/temsc-3jc62","","","","open_access_manual","open-access-green","cc-by-4.0","yes_with_attribution","200","2026-08-04T09:13:26.650Z","OpenAlex: otevřený přístup (green). Otevřený plný text je evidován, ale audit nepotvrdil stabilní přímou adresu souboru."
"DOI_10_1038_s41586_019_1855_2","Mass balance of the Greenland Ice Sheet from 1992 to 2018","The IMBIE Team","2019","science","Studie","https://doi.org/10.1038/s41586-019-1855-2","https://doi.org/10.1038/s41586-019-1855-2","https://eprints.lancs.ac.uk/id/eprint/141522/1/Shepherd_AAP_200_41586_2019_1855.pdf","primary-copy","pdf","confirmed_download","open-access-green","other-oa","review","206","2026-08-04T09:13:27.384Z","OpenAlex: otevřený přístup (green). Přímý soubor ověřen přes OpenAlex; HTTP 206, application/pdf."
"DOI_10_1038_s41467_018_08240_4","Permafrost is warming at a global scale","Boris K. Biskaborn a kol.","2019","science","Studie","https://doi.org/10.1038/s41467-018-08240-4","https://doi.org/10.1038/s41467-018-08240-4","https://www.dora.lib4ri.ch/wsl/dload/wsl:19330/PDF/view","primary-copy","pdf","confirmed_download","open-access-gold","cc-by-sa","yes_with_attribution","206","2026-08-04T09:13:23.897Z","OpenAlex: otevřený přístup (gold). Přímý soubor ověřen přes OpenAlex; HTTP 206, application/pdf."
"DOI_10_1038_s41558_019_0531_8","Persistent acceleration in global sea-level rise since the 1960s","Sönke Dangendorf a kol.","2019","science","Studie","https://doi.org/10.1038/s41558-019-0531-8","https://idp.nature.com/transit?redirect_uri=https%3A%2F%2Fwww.nature.com%2Farticles%2Fs41558-019-0531-8&code=352df0dd-b22e-4dd4-91cf-a96c71f83c82","","","","restricted_or_landing_only","closed-or-unknown","","no","200","2026-08-04T09:13:28.400Z","OpenAlex: uzavřený přístup. Veřejně dostupný plný soubor nebyl potvrzen."
"DOI_10_1038_s41558_019_0648_9","Phenology of nocturnal avian migration has shifted at the continental scale","Kyle G. Horton a kol.","2019","science","Studie","https://doi.org/10.1038/s41558-019-0648-9","https://www.nature.com/articles/s41558-019-0648-9","","","","restricted_or_landing_only","closed-or-unknown","","no","200","2026-08-04T09:13:34.241Z","OpenAlex: uzavřený přístup. Veřejně dostupný plný soubor nebyl potvrzen."
"DOI_10_5067_2xxgzy3dugnq","Quicklook Arctic Weekly EASE-Grid Sea Ice Age, Version 1"," Mark Tschudi a kol.","2019","science","Datový soubor","https://doi.org/10.5067/2XXGZY3DUGNQ","https://nsidc.org/data/nsidc-0749/versions/1","https://nsidc.org/sites/default/files/documents/user-guide/nsidc-0749-v001-userguide.pdf","primary-copy","pdf","confirmed_download","open-access-green","","review","206","2026-08-04T09:13:28.561Z","OpenAlex: otevřený přístup (green). Přímý soubor ověřen přes source page; HTTP 206, application/pdf."
"DOI_10_1017_jog_2019_66","Reanalysis of the US Geological Survey Benchmark Glaciers: long-term insight into climate forcing of glacier mass balance","Shad O'Neel a kol.","2019","science","Studie","https://doi.org/10.1017/jog.2019.66","https://doi.org/10.1017/jog.2019.66","https://www.cambridge.org/core/services/aop-cambridge-core/content/view/8C7B11056F0A16E78113D59F50A680D8/S0022143019000662a.pdf/div-class-title-reanalysis-of-the-us-geological-survey-benchmark-glaciers-long-term-insight-into-climate-forcing-of-glacier-mass-balance-div.pdf","primary-copy","pdf","confirmed_download","open-access-gold","cc-by","yes_with_attribution","206","2026-08-04T09:13:28.668Z","OpenAlex: otevřený přístup (gold). Přímý soubor ověřen přes OpenAlex; HTTP 206, application/pdf."
"DOI_10_6084_m9_figshare_10062239_v1","Spring and fall phenology data","Kyle Horton","2019","science","Datový soubor","https://doi.org/10.6084/m9.figshare.10062239.v1","https://figshare.com/articles/dataset/Spring_and_fall_phenology_data/10062239","","","","open_access_manual","open-access-green","cc-by","yes_with_attribution","202","2026-08-04T09:13:29.354Z","OpenAlex: otevřený přístup (green). Otevřený plný text je evidován, ale audit nepotvrdil stabilní přímou adresu souboru."
"DOI_10_5194_essd_11_1189_2019","Uncertainty in satellite estimates of global mean sea-level changes, trend and acceleration","Michaël Ablain a kol.","2019","science","Studie","https://doi.org/10.5194/essd-11-1189-2019","https://doi.org/10.5194/essd-11-1189-2019","https://essd.copernicus.org/articles/11/1189/2019/essd-11-1189-2019.pdf","primary-copy","pdf","confirmed_download","open-access-gold","cc-by","yes_with_attribution","206","2026-08-04T09:13:29.939Z","OpenAlex: otevřený přístup (gold). Přímý soubor ověřen přes OpenAlex; HTTP 206, application/pdf."
"DOI_10_5194_tc_13_49_2019","Version 2 of the EUMETSAT OSI SAF and ESA CCI sea-ice concentration climate data records","Thomas Lavergne a kol.","2019","science","Studie","https://doi.org/10.5194/tc-13-49-2019","https://doi.org/10.5194/tc-13-49-2019","https://tc.copernicus.org/articles/13/49/2019/tc-13-49-2019.pdf","primary-copy","pdf","confirmed_download","open-access-gold","cc-by","yes_with_attribution","206","2026-08-04T09:13:30.151Z","OpenAlex: otevřený přístup (gold). Přímý soubor ověřen přes OpenAlex; HTTP 206, application/pdf."
"DOI_10_1016_j_epsl_2019_115957","A baseline Antarctic GIA correction for space gravimetry","Lambert Caron a Erik R. Ivins","2020","science","Studie","https://doi.org/10.1016/j.epsl.2019.115957","https://linkinghub.elsevier.com/retrieve/pii/S0012821X19306491","","","","restricted_or_landing_only","closed-or-unknown","","no","200","2026-08-04T09:13:30.332Z","OpenAlex: uzavřený přístup. Veřejně dostupný plný soubor nebyl potvrzen."
"DOI_10_1002_ppp_2088","Active layer thickening and controls on interannual variability in the Nordic Arctic compared to the circum‐Arctic","Sarah M. Strand a kol.","2020","science","Studie","https://doi.org/10.1002/ppp.2088","https://doi.org/10.1002/ppp.2088","","","","open_access_manual","open-access-hybrid","cc-by","yes_with_attribution","206","2026-08-04T09:13:30.536Z","OpenAlex: otevřený přístup (hybrid). Otevřený plný text je evidován, ale audit nepotvrdil stabilní přímou adresu souboru."
"DOI_10_5194_tc_14_1519_2020","An enhancement to sea ice motion and age products at the National Snow and Ice Data Center (NSIDC)","Mark A. Tschudi a kol.","2020","science","Studie","https://doi.org/10.5194/tc-14-1519-2020","https://doi.org/10.5194/tc-14-1519-2020","https://tc.copernicus.org/articles/14/1519/2020/tc-14-1519-2020.pdf","primary-copy","pdf","confirmed_download","open-access-gold","cc-by","yes_with_attribution","206","2026-08-04T09:13:37.468Z","OpenAlex: otevřený přístup (gold). Přímý soubor ověřen přes OpenAlex; HTTP 206, application/pdf."
"DOI_10_1029_2019jc016008","Arctic Snow Depth and Sea Ice Thickness From ICESat‐2 and CryoSat‐2 Freeboards: A First Examination","R. Kwok a kol.","2020","science","Studie","https://doi.org/10.1029/2019JC016008","https://agupubs.onlinelibrary.wiley.com/doi/10.1029/2019JC016008","","","","restricted_or_landing_only","closed-or-unknown","","no","403","2026-08-04T09:13:34.524Z","OpenAlex: uzavřený přístup. Veřejně dostupný plný soubor nebyl potvrzen."
"DOI_10_1111_gcb_15000","Climate change fingerprints in recent European plant phenology","Annette Menzel a kol.","2020","science","Studie","https://doi.org/10.1111/gcb.15000","https://mediatum.ub.tum.de/node?id=1552113","https://mediatum.ub.tum.de/doc/1552113/document.pdf","primary-copy","pdf","confirmed_download","open-access-hybrid","cc-by","yes_with_attribution","206","2026-08-04T09:13:34.711Z","OpenAlex: otevřený přístup (hybrid). Přímý soubor ověřen přes publication metadata; HTTP 206, application/pdf."
"DOI_10_5281_zenodo_3862995","data supplement of ""The causes of sea-level rise since 1900""","Thomas Frederikse a kol.","2020","science","Datový soubor","https://doi.org/10.5281/zenodo.3862995","https://zenodo.org/record/3862995","","","","open_access_manual","open-access-green","other-oa","review","200","2026-08-04T09:13:31.194Z","OpenAlex: otevřený přístup (green). Otevřený plný text je evidován, ale audit nepotvrdil stabilní přímou adresu souboru."
"DOI_10_1029_2019jd032263","Development of an Updated Global Land In Situ‐Based Data Set of Temperature and Precipitation Extremes: HadEX3","Robert J. H. Dunn a kol.","2020","science","Studie","https://doi.org/10.1029/2019JD032263","https://hal.science/hal-04823110","https://hal.science/hal-04823110/document","primary-copy","pdf","confirmed_download","open-access-hybrid","cc-by-nc","yes_with_conditions","206","2026-08-04T09:13:31.888Z","OpenAlex: otevřený přístup (hybrid). Přímý soubor ověřen přes publication metadata; HTTP 206, application/pdf."
"DOI_10_5194_essd_12_2853_2020","Development of the HadISDH.marine humidity climate monitoring dataset","Kate M. Willett a kol.","2020","science","Studie","https://doi.org/10.5194/essd-12-2853-2020","https://doi.org/10.5194/essd-12-2853-2020","https://essd.copernicus.org/articles/12/2853/2020/essd-12-2853-2020.pdf","primary-copy","pdf","confirmed_download","open-access-gold","cc-by","yes_with_attribution","206","2026-08-04T09:13:31.444Z","OpenAlex: otevřený přístup (gold). Přímý soubor ověřen přes OpenAlex; HTTP 206, application/pdf."
"DOI_10_1038_s43247_020_0001_2","Dynamic ice loss from the Greenland Ice Sheet driven by sustained glacier retreat","Michalea D. King a kol.","2020","science","Studie","https://doi.org/10.1038/s43247-020-0001-2","https://doi.org/10.1038/s43247-020-0001-2","https://www.nature.com/articles/s43247-020-0001-2.pdf?error=cookies_not_supported&code=da4b88a5-f2e3-404f-8f12-36eed708275d","primary-copy","pdf","confirmed_download","open-access-gold","cc-by","yes_with_attribution","206","2026-08-04T09:13:31.952Z","OpenAlex: otevřený přístup (gold). Přímý soubor ověřen přes OpenAlex; HTTP 206, application/pdf."
"DOI_10_24381_cds_151d3ec6","E-OBS daily gridded meteorological data for Europe from 1950 to present derived from in-situ observations","Copernicus Climate Change Service","2020","science","Datový soubor","https://doi.org/10.24381/cds.151d3ec6","https://doi.org/10.24381/cds.151d3ec6","","","","open_access_manual","open-access-green","","review","","2026-08-04T09:13:32.176Z","OpenAlex: otevřený přístup (green). Otevřený plný text je evidován, ale audit nepotvrdil stabilní přímou adresu souboru."
"DOI_10_5194_amt_13_3081_2020","Evaluation of the 15-year ROM SAF monthly mean GPS radio occultation climate data record","Hans Gleisner a kol.","2020","science","Studie","https://doi.org/10.5194/amt-13-3081-2020","https://doi.org/10.5194/amt-13-3081-2020","https://amt.copernicus.org/articles/13/3081/2020/amt-13-3081-2020.pdf","primary-copy","pdf","confirmed_download","open-access-gold","cc-by","yes_with_attribution","206","2026-08-04T09:13:32.490Z","OpenAlex: otevřený přístup (gold). Přímý soubor ověřen přes OpenAlex; HTTP 206, application/pdf."
"DOI_10_48670_moi_00224","Global Ocean acidification - mean sea water pH time series and trend from Multi-Observations Reprocessing","European Union-Copernicus Marine Service","2020","science","Datový soubor","https://doi.org/10.48670/moi-00224","https://doi.org/10.48670/moi-00224","","","","open_access_manual","open-access-green","","review","200","2026-08-04T09:13:32.920Z","OpenAlex: otevřený přístup (green). Otevřený plný text je evidován, ale audit nepotvrdil stabilní přímou adresu souboru."
"DOI_10_1594_pangaea_911944","GlobSnow v3.0 snow water equivalent (SWE)","Kari Luojus a kol.","2020","science","Datový soubor","https://doi.org/10.1594/PANGAEA.911944","https://doi.pangaea.de/10.1594/PANGAEA.911944","","","","open_access_manual","open-access-green","cc-by","yes_with_attribution","200","2026-08-04T09:13:33.605Z","OpenAlex: otevřený přístup (green). Otevřený plný text je evidován, ale audit nepotvrdil stabilní přímou adresu souboru."
"DOI_10_5194_tc_14_2495_2020","Historical Northern Hemisphere snow cover trends and projected changes in the CMIP6 multi-model ensemble","Lawrence Mudryk a kol.","2020","science","Studie","https://doi.org/10.5194/tc-14-2495-2020","https://doi.org/10.5194/tc-14-2495-2020","https://tc.copernicus.org/articles/14/2495/2020/tc-14-2495-2020.pdf","primary-copy","pdf","confirmed_download","open-access-gold","cc-by","yes_with_attribution","206","2026-08-04T09:13:33.997Z","OpenAlex: otevřený přístup (gold). Přímý soubor ověřen přes OpenAlex; HTTP 206, application/pdf."
"DOI_10_1038_s41467_020_16970_7","Increasing trends in regional heatwaves","S. E. Perkins-Kirkpatrick a S. C. Lewis","2020","science","Studie","https://doi.org/10.1038/s41467-020-16970-7","https://doi.org/10.1038/s41467-020-16970-7","","","","open_access_manual","open-access-gold","cc-by","yes_with_attribution","200","2026-08-04T09:13:34.423Z","OpenAlex: otevřený přístup (gold). Otevřený plný text je evidován, ale audit nepotvrdil stabilní přímou adresu souboru."
"WEB_NOAA_NOAAGlobalTemp_0f2189d0","NOAAGlobalTemp","NOAA","2020","organization","Datový portál nebo soubor","https://www.ncei.noaa.gov/products/land-based-station/noaa-global-temp","https://www.ncei.noaa.gov/products/land-based-station/noaa-global-temp","","","","manual_data_download","data-portal","","review","200","2026-08-04T09:13:34.930Z","Zdroj je dostupný datový portál, ale konkrétní soubor vyžaduje výběr dat nebo ruční export."
"DOI_10_1175_jcli_d_19_0998_1","Observed Temperature Changes in the Troposphere and Stratosphere from 1979 to 2018","A. K. Steiner a kol.","2020","science","Studie","https://doi.org/10.1175/JCLI-D-19-0998.1","https://insu.hal.science/insu-02912462","https://insu.hal.science/insu-02912462/document","primary-copy","pdf","confirmed_download","open-access-bronze","other-oa","review","206","2026-08-04T09:13:35.524Z","OpenAlex: otevřený přístup (bronze). Přímý soubor ověřen přes publication metadata; HTTP 206, application/pdf."
"DOI_10_25921_m5wx_ja34","OceanSODA-ETHZ: A global gridded dataset of the surface ocean carbonate system for seasonal to decadal studies of ocean acidification (v2025) (NCEI Accession 0220059)","Gregor, Luke a Gruber, Nicolas","2020","science","Datový soubor","https://doi.org/10.25921/m5wx-ja34","https://doi.org/10.25921/m5wx-ja34","","","","open_access_manual","open-access-green","","review","206","2026-08-04T09:13:35.917Z","OpenAlex: otevřený přístup (green). Otevřený plný text je evidován, ale audit nepotvrdil stabilní přímou adresu souboru."
"DOI_10_1038_s41586_020_2258_0","Patterns and trends of Northern Hemisphere snow mass from 1980 to 2018","Jouni Pulliainen a kol.","2020","science","Studie","https://doi.org/10.1038/s41586-020-2258-0","https://idp.nature.com/transit?redirect_uri=https%3A%2F%2Fwww.nature.com%2Farticles%2Fs41586-020-2258-0&code=8d12f8cc-b74d-4fa5-9073-b0b9668cfb77","","","","restricted_or_landing_only","closed-or-unknown","","no","200","2026-08-04T09:13:36.129Z","OpenAlex: uzavřený přístup. Veřejně dostupný plný soubor nebyl potvrzen."
"WEB_NOAA_Precipitation_GPCP_Monthly_CDR_9894ca66","Precipitation - GPCP Monthly CDR","NOAA","2020","organization","Datový portál nebo soubor","https://www.ncei.noaa.gov/products/climate-data-records/precipitation-gpcp-monthly","https://www.ncei.noaa.gov/products/climate-data-records/precipitation-gpcp-monthly","https://www.ncei.noaa.gov/pub/data/sds/cdr/CDRs/Precipitation_GPCP-Monthly/CDR_Flyer_01B-34.pdf","linked-asset-needs-review","pdf","confirmed_download","public-file-linked-from-page","","review","206","2026-08-04T09:13:36.698Z","Na zdrojové stránce byl nalezen a ověřen soubor; HTTP 206, application/pdf."
"WEB_NOAA_Snow_Cover_Extent_Northern_Hemisphere_CDR_85362472","Snow Cover Extent (Northern Hemisphere) CDR","NOAA","2020","organization","Datový portál nebo soubor","https://www.ncei.noaa.gov/products/climate-data-records/snow-cover-extent","https://www.ncei.noaa.gov/products/climate-data-records/snow-cover-extent","https://www.ncei.noaa.gov/pub/data/sds/cdr/CDRs/Snow_Cover_Extent_Northern_Hemisphere/CDR_Flyer_01B-12.pdf","linked-asset-needs-review","pdf","confirmed_download","public-file-linked-from-page","","review","206","2026-08-04T09:13:36.823Z","Na zdrojové stránce byl nalezen a ověřen soubor; HTTP 206, application/pdf."
"DOI_10_5194_essd_12_3469_2020","The Berkeley Earth Land/Ocean Temperature Record","Robert A. Rohde a Zeke Hausfather","2020","science","Studie","https://doi.org/10.5194/essd-12-3469-2020","https://doi.org/10.5194/essd-12-3469-2020","https://essd.copernicus.org/articles/12/3469/2020/essd-12-3469-2020.pdf","primary-copy","pdf","confirmed_download","open-access-gold","cc-by","yes_with_attribution","206","2026-08-04T09:13:37.063Z","OpenAlex: otevřený přístup (gold). Přímý soubor ověřen přes OpenAlex; HTTP 206, application/pdf."
"DOI_10_1038_s41586_020_2591_3","The causes of sea-level rise since 1900","Thomas Frederikse a kol.","2020","science","Studie","https://doi.org/10.1038/s41586-020-2591-3","https://research.dial.uclouvain.be/entities/publication/d8ff98f9-b510-44fb-920d-50d704eb79f1","https://research.dial.uclouvain.be/server/api/core/bitstreams/43f52567-e261-477f-96c2-bd1bdf4987b1/content","primary-copy","pdf","confirmed_download","open-access-green","other-oa","review","206","2026-08-04T09:13:32.888Z","OpenAlex: otevřený přístup (green). Přímý soubor ověřen přes publication metadata; HTTP 206, application/pdf."
"DOI_10_1002_qj_3803","The ERA5 global reanalysis","Hans Hersbach a kol.","2020","science","Studie","https://doi.org/10.1002/qj.3803","https://doi.org/10.1002/qj.3803","","","","open_access_manual","open-access-hybrid","cc-by","yes_with_attribution","403","2026-08-04T09:13:33.987Z","OpenAlex: otevřený přístup (hybrid). Otevřený plný text je evidován, ale audit nepotvrdil stabilní přímou adresu souboru."
"WEB_NASA_TOPEX_POSEIDON_PO_DAAC_JPL_NASA_b5a07e8b","TOPEX-POSEIDON | PO.DAAC / JPL / NASA","NASA","2020","organization","Institucionální zdroj","https://podaac.jpl.nasa.gov/TOPEX-POSEIDON","https://podaac.jpl.nasa.gov/TOPEX-POSEIDON","","","","web_only","web-page","","not_applicable","200","2026-08-04T09:13:37.440Z","Stránka je dostupná, ale neobsahuje automaticky rozpoznatelný soubor ke stažení."
"WEB_World_Glacier_Monitoring_Ser_WGMS_2020_6e490990","WGMS, 2020","World Glacier Monitoring Service","2020","organization","Metodická dokumentace","https://wgms.ch/downloads/WGMS2020_SummaryReport1894-2019.pdf","https://wgms.ch/downloads/WGMS2020_SummaryReport1894-2019.pdf","https://wgms.ch/downloads/WGMS2020_SummaryReport1894-2019.pdf","primary-copy","pdf","confirmed_download","public-direct-file","","review","206","2026-08-04T09:13:37.852Z","Adresa vrací přímo soubor; HTTP 206, application/pdf."
"WEB_NOAA_World_Ocean_Database_3d4b1d70","World Ocean Database","NOAA","2020","organization","Datový portál nebo soubor","https://www.ncei.noaa.gov/products/world-ocean-database","https://www.ncei.noaa.gov/products/world-ocean-database","https://www.ncei.noaa.gov/data/oceans/woa/WOD/DOC/wod_intro.pdf","linked-asset-needs-review","pdf","confirmed_download","public-file-linked-from-page","","review","206","2026-08-04T09:13:37.967Z","Na zdrojové stránce byl nalezen a ověřen soubor; HTTP 206, application/pdf."
"WEB_NOAA_XBT_Corrections_in_the_World_Ocean_Database_6adbe6ee","XBT Corrections in the World Ocean Database","NOAA","2020","organization","Datový portál nebo soubor","https://www.ncei.noaa.gov/products/xbt-corrections","https://www.ncei.noaa.gov/products/xbt-corrections","","","","manual_data_download","data-portal","","review","200","2026-08-04T09:13:38.122Z","Zdroj je dostupný datový portál, ale konkrétní soubor vyžaduje výběr dat nebo ruční export."
"DOI_10_1038_s41586_021_03436_z","Accelerated global glacier mass loss in the early twenty-first century","Romain Hugonnet a kol.","2021","science","Studie","https://doi.org/10.1038/s41586-021-03436-z","https://insu.hal.science/insu-03214987","https://insu.hal.science/insu-03214987/document","primary-copy","pdf","confirmed_download","open-access-green","other-oa","review","206","2026-08-04T09:13:38.586Z","OpenAlex: otevřený přístup (green). Přímý soubor ověřen přes publication metadata; HTTP 206, application/pdf."
"DOI_10_6096_13","Accelerated global glacier mass loss in the early twenty-first century - Dataset.","Romain Hugonnet a kol.","2021","science","Datový soubor","https://doi.org/10.6096/13","https://pure.ulster.ac.uk/en/datasets/fcf5bcf2-923a-44f7-87c0-40d9c7eedf3b","","","","open_access_manual","open-access-green","other-oa","review","200","2026-08-04T09:13:38.588Z","OpenAlex: otevřený přístup (green). Otevřený plný text je evidován, ale audit nepotvrdil stabilní přímou adresu souboru."
"DOI_10_1029_2019jd032361","An Updated Assessment of Near‐Surface Temperature Change From 1850: The HadCRUT5 Data Set","C. P. Morice a kol.","2021","science","Studie","https://doi.org/10.1029/2019JD032361","https://doi.org/10.1029/2019jd032361","https://ueaeprints.uea.ac.uk/id/eprint/77964/1/morice_hadcrut5_accepted_version.pdf","primary-copy","pdf","confirmed_download","open-access-hybrid","cc-by","yes_with_attribution","206","2026-08-04T09:12:32.854Z","OpenAlex: otevřený přístup (hybrid). Přímý soubor ověřen přes OpenAlex; HTTP 206, application/pdf."
"DOI_10_5285_77b64c55_7166_4a06_9def_2e400398e452","Antarctic and Greenland Ice Sheet mass balance 1992-2020 for IPCC AR6","Andrew Shepherd a kol.","2021","science","Datový soubor","https://doi.org/10.5285/77B64C55-7166-4A06-9DEF-2E400398E452","https://www.research.ed.ac.uk/en/datasets/3499f30b-7d1b-4b5b-b640-21c783314f63","","","","open_access_manual","open-access-green","other-oa","review","200","2026-08-04T09:13:38.623Z","OpenAlex: otevřený přístup (green). Otevřený plný text je evidován, ale audit nepotvrdil stabilní přímou adresu souboru."
"DOI_10_1080_1088937x_2021_1988001","Cool, CALM, collected: the Circumpolar Active Layer Monitoring program and network","Frederick E. Nelson a kol.","2021","science","Studie","https://doi.org/10.1080/1088937X.2021.1988001","https://www.tandfonline.com/doi/full/10.1080/1088937X.2021.1988001","","","","restricted_or_landing_only","closed-or-unknown","","no","403","2026-08-04T09:13:42.963Z","OpenAlex: uzavřený přístup. Veřejně dostupný plný soubor nebyl potvrzen."
"WEB_GitHub_GitHub_rhugonnet_ww_tvol_study_Process_global_sc_300ee76a","GitHub - rhugonnet/ww_tvol_study: Process global-scale satellite and airborne elevation data into time series of glacier mass change: Hugonnet et al. (2021).","GitHub","2021","organization","Zdrojový kód","https://github.com/rhugonnet/ww_tvol_study","https://github.com/rhugonnet/ww_tvol_study","https://codeload.github.com/rhugonnet/ww_tvol_study/zip/refs/heads/main","primary-source-archive","zip","confirmed_download","public-source-code-archive","","review","200","2026-08-04T09:13:39.167Z","Veřejný repozitář lze stáhnout jako archiv zdrojového kódu."
"WEB_NOAA_Global_Historical_Climatology_Network_daily_GHCN_14491e06","Global Historical Climatology Network daily (GHCNd)","NOAA","2021","organization","Datový portál nebo soubor","https://www.ncei.noaa.gov/products/land-based-station/global-historical-climatology-network-daily","https://www.ncei.noaa.gov/products/land-based-station/global-historical-climatology-network-daily","https://www.ncei.noaa.gov/data/global-historical-climatology-network-daily/doc/GHCND_documentation.pdf","linked-asset-needs-review","pdf","confirmed_download","public-file-linked-from-page","","review","206","2026-08-04T09:13:39.746Z","Na zdrojové stránce byl nalezen a ověřen soubor; HTTP 206, application/pdf."
"WEB_NOAA_Global_Historical_Climatology_Network_monthly_GH_3f6fc0cd","Global Historical Climatology Network monthly (GHCNm)","NOAA","2021","organization","Datový portál nebo soubor","https://www.ncei.noaa.gov/products/land-based-station/global-historical-climatology-network-monthly","https://www.ncei.noaa.gov/products/land-based-station/global-historical-climatology-network-monthly","","","","manual_data_download","data-portal","","review","200","2026-08-04T09:13:40.491Z","Zdroj je dostupný datový portál, ale konkrétní soubor vyžaduje výběr dat nebo ruční export."
"WEB_NOAA_Global_Ocean_Heat_Content_CDR_f355b1a3","Global Ocean Heat Content CDR","NOAA","2021","organization","Datový portál nebo soubor","https://www.ncei.noaa.gov/products/climate-data-records/global-ocean-heat-content","https://www.ncei.noaa.gov/products/climate-data-records/global-ocean-heat-content","https://www.ncei.noaa.gov/pub/data/sds/cdr/CDRs/Ocean_Heat_Content/CDR_Flyer_01B-41.pdf","linked-asset-needs-review","pdf","confirmed_download","public-file-linked-from-page","","review","206","2026-08-04T09:13:40.683Z","Na zdrojové stránce byl nalezen a ověřen soubor; HTTP 206, application/pdf."
"DOI_10_1038_s41597_021_00939_2","GlobSnow v3.0 Northern Hemisphere snow water equivalent dataset","Kari Luojus a kol.","2021","science","Studie","https://doi.org/10.1038/s41597-021-00939-2","https://doi.org/10.1038/s41597-021-00939-2","","","","open_access_manual","open-access-gold","cc-by","yes_with_attribution","200","2026-08-04T09:13:41.210Z","OpenAlex: otevřený přístup (gold). Otevřený plný text je evidován, ale audit nepotvrdil stabilní přímou adresu souboru."
"DOI_10_24381_cds_38b9366c","Gravimetric mass balance data for the Antarctic and Greenland ice sheets derived from satellite observations","Copernicus Climate Change Service","2021","science","Datový soubor","https://doi.org/10.24381/cds.38b9366c","https://doi.org/10.24381/cds.38b9366c","","","","open_access_manual","open-access-green","","review","","2026-08-04T09:13:40.829Z","OpenAlex: otevřený přístup (green). Otevřený plný text je evidován, ale audit nepotvrdil stabilní přímou adresu souboru."
"2021_BIPM_IPRT","Guide to Secondary Thermometry: Industrial Platinum Resistance Thermometers","Jonathan V. Pearce a kol.","2021","science","Metodická příručka","https://www.bipm.org/documents/20126/41773843/BIPM_CCT_Guide_to_IPRTs.pdf/b3bd8bba-3b0b-ab46-481f-29ceddf7bb31?download=true&t=1638374241171&version=1.1","https://www.bipm.org/documents/20126/41773843/BIPM_CCT_Guide_to_IPRTs.pdf/b3bd8bba-3b0b-ab46-481f-29ceddf7bb31?download=true&t=1638374241171&version=1.1","https://www.bipm.org/documents/20126/41773843/BIPM_CCT_Guide_to_IPRTs.pdf/b3bd8bba-3b0b-ab46-481f-29ceddf7bb31?download=true&t=1638374241171&version=1.1","primary-copy","pdf","confirmed_download","public-direct-file","","review","200","2026-08-04T09:12:31.666Z","Adresa vrací přímo soubor; HTTP 200, application/pdf."
"2021_BIPM_SPRT","Guide to the Realization of the ITS-90: Platinum Resistance Thermometry","BIPM Consultative Committee for Thermometry","2021","science","Metrologická příručka","https://www.bipm.org/documents/20126/41773843/Guide_ITS-90_5_SPRT_2021.pdf/c4bbbe56-4118-eef7-47cb-3ea234db40b8?download=true&t=1667829321760&version=1.12","https://www.bipm.org/documents/20126/41773843/Guide_ITS-90_5_SPRT_2021.pdf/c4bbbe56-4118-eef7-47cb-3ea234db40b8?download=true&t=1667829321760&version=1.12","https://www.bipm.org/documents/20126/41773843/Guide_ITS-90_5_SPRT_2021.pdf/c4bbbe56-4118-eef7-47cb-3ea234db40b8?download=true&t=1667829321760&version=1.12","primary-copy","pdf","confirmed_download","public-direct-file","","review","200","2026-08-04T09:12:31.804Z","Adresa vrací přímo soubor; HTTP 200, application/pdf."
"WEB_NOAA_Integrated_Global_Radiosonde_Archive_IGRA_ab0ea6c1","Integrated Global Radiosonde Archive (IGRA)","NOAA","2021","organization","Datový portál nebo soubor","https://www.ncei.noaa.gov/products/weather-balloon/integrated-global-radiosonde-archive","https://www.ncei.noaa.gov/products/weather-balloon/integrated-global-radiosonde-archive","https://www.ncei.noaa.gov/data/integrated-global-radiosonde-archive/doc//igra2-product-description.pdf","linked-asset-needs-review","pdf","confirmed_download","public-file-linked-from-page","","review","206","2026-08-04T09:13:41.060Z","Na zdrojové stránce byl nalezen a ověřen soubor; HTTP 206, application/pdf."
"WEB_NOAA_International_Comprehensive_Ocean_Atmosphere_Dat_9d4f6713","International Comprehensive Ocean-Atmosphere Data Set (ICOADS)","NOAA","2021","organization","Datový portál nebo soubor","https://icoads.noaa.gov/","https://www.ncei.noaa.gov/products/international-comprehensive-ocean-atmosphere-data-set","https://www.ncei.noaa.gov/data/international-comprehensive-ocean-atmosphere/v3/doc/R3.0-imma1_short.pdf","linked-asset-needs-review","pdf","confirmed_download","public-file-linked-from-page","","review","206","2026-08-04T09:13:41.137Z","Na zdrojové stránce byl nalezen a ověřen soubor; HTTP 206, application/pdf."
"WEB_NOAA_Mean_Layer_Temperature_NOAA_CDR_743b717d","Mean Layer Temperature - NOAA CDR","NOAA","2021","organization","Datový portál nebo soubor","https://www.ncei.noaa.gov/products/climate-data-records/mean-layer-temperature-noaa","https://www.ncei.noaa.gov/products/climate-data-records/mean-layer-temperature-noaa","https://www.ncei.noaa.gov/pub/data/sds/cdr/CDRs/Mean%20Layer%20Temperatures%20-%20NOAA/CDR_Flyer_01B-25.pdf","linked-asset-needs-review","pdf","confirmed_download","public-file-linked-from-page","","review","206","2026-08-04T09:13:41.740Z","Na zdrojové stránce byl nalezen a ověřen soubor; HTTP 206, application/pdf."
"WEB_NASA_NASA_Scientific_Visualization_Studio_3D_Water_Va_cbd0352b","NASA Scientific Visualization Studio | 3D Water Vapor shows an Atmospheric River","NASA","2021","organization","Obrazový zdroj","https://svs.gsfc.nasa.gov/4939","https://svs.gsfc.nasa.gov/4939","https://svs.gsfc.nasa.gov/vis/a000000/a004900/a004939/JPSS_ATMS_water_vapor_with_TPW_1080p30.mp4","primary-copy","mp4","confirmed_download","public-file-linked-from-page","","review","206","2026-08-04T09:13:42.208Z","Na zdrojové stránce byl nalezen a ověřen soubor; HTTP 206, video/mp4."
"WEB_NASA_NASA_Scientific_Visualization_Studio_Temperature_bec5836b","NASA Scientific Visualization Studio | Temperature Measurement Stations","NASA","2021","organization","Obrazový zdroj","https://svs.gsfc.nasa.gov/4961/","https://svs.gsfc.nasa.gov/4961/","","","","web_only","web-page","","not_applicable","200","2026-08-04T09:13:42.918Z","Stránka je dostupná, ale neobsahuje automaticky rozpoznatelný soubor ke stažení."
"WEB_NOAA_Radiosonde_Atmospheric_Temperature_Products_for_960a4f75","Radiosonde Atmospheric Temperature Products for Assessing Climate (RATPAC)","NOAA","2021","organization","Datový portál nebo soubor","https://www.ncei.noaa.gov/products/weather-balloon/radiosonde-atmospheric-temperature-products","https://www.ncei.noaa.gov/products/weather-balloon/radiosonde-atmospheric-temperature-products","https://www.ncei.noaa.gov/data/radiosonde-atmospheric-temperature-products-for-assessing-climate/doc/readme.txt","primary-data-file","txt","confirmed_download","public-file-linked-from-page","","review","206","2026-08-04T09:13:43.046Z","Na zdrojové stránce byl nalezen a ověřen soubor; HTTP 206, text/plain."
"DOI_10_5194_amt_14_3015_2021","Revision of the World Meteorological Organization Global Atmosphere Watch (WMO/GAW) CO₂ calibration scale","Bradley D. Hall a kol.","2021","science","Studie","https://doi.org/10.5194/amt-14-3015-2021","https://doi.org/10.5194/amt-14-3015-2021","https://amt.copernicus.org/articles/14/3015/2021/amt-14-3015-2021.pdf","primary-copy","pdf","confirmed_download","open-access-gold","cc-by","yes_with_attribution","206","2026-08-04T09:13:38.703Z","OpenAlex: otevřený přístup (gold). Přímý soubor ověřen přes OpenAlex; HTTP 206, application/pdf."
"DOI_10_2909_5ae0f2a2_7ad8_4f7c_878d_f1b09d78d7a1","Seasonal Productivity 2017-present (raster 10 m), Europe, yearly, Sept. 2021","European Environment Agency a European Environment Agency","2021","science","Datový soubor","https://doi.org/10.2909/5ae0f2a2-7ad8-4f7c-878d-f1b09d78d7a1","https://doi.org/10.2909/5ae0f2a2-7ad8-4f7c-878d-f1b09d78d7a1","","","","open_access_manual","open-access-green","","review","403","2026-08-04T09:13:43.364Z","OpenAlex: otevřený přístup (green). Otevřený plný text je evidován, ale audit nepotvrdil stabilní přímou adresu souboru."
"WEB_NOAA_Special_Sensor_Microwave_Imager_SSM_I_Hydrologic_795cc7a4","Special Sensor Microwave/Imager (SSM/I) Hydrological Products","NOAA","2021","organization","Obrazový zdroj","https://www.ncei.noaa.gov/products/ssmi-hydrological","https://www.ncei.noaa.gov/products/ssmi-hydrological","","","","web_only","web-page","","not_applicable","200","2026-08-04T09:13:43.612Z","Stránka je dostupná, ale neobsahuje automaticky rozpoznatelný soubor ke stažení."
"DOI_10_1007_s00484_021_02185_y","The International Phenological Garden network (1959 to 2021): its 131 gardens, cloned study species, data archiving, and future","Susanne S. Renner a Frank-M. Chmielewski","2021","science","Studie","https://doi.org/10.1007/s00484-021-02185-y","https://edoc.hu-berlin.de/items/07178813-1331-4460-a68c-fda592de50e6","https://edoc.hu-berlin.de/server/api/core/bitstreams/eb90f0ba-10a5-4fbb-833a-2c74b44c5975/content","primary-copy","pdf","confirmed_download","open-access-hybrid","cc-by","yes_with_attribution","206","2026-08-04T09:13:43.633Z","OpenAlex: otevřený přístup (hybrid). Přímý soubor ověřen přes page metadata; HTTP 206, application/pdf."
"DOI_10_1038_s41467_022_31432_y","Accelerated western European heatwave trends linked to more-persistent double jets over Eurasia","Efi Rousi a kol.","2022","science","Studie","https://doi.org/10.1038/s41467-022-31432-y","https://www.nature.com/articles/s41467-022-31432-y?error=cookies_not_supported&code=37409831-dcd5-4e01-ad3a-ba9e83ea2491","https://www.nature.com/articles/s41467-022-31432-y.pdf?error=cookies_not_supported&code=3d50c7ad-203e-4f6b-9e94-d8f1e53826b7","primary-copy","pdf","confirmed_download","open-access-gold","cc-by","yes_with_attribution","206","2026-08-04T09:13:43.750Z","OpenAlex: otevřený přístup (gold). Přímý soubor ověřen přes publication metadata; HTTP 206, application/pdf."
"DOI_10_1029_2021gl097448","Arctic Snow Depth, Ice Thickness, and Volume From ICESat‐2 and CryoSat‐2: 2018–2021","Sahra Kacimi a Ron Kwok","2022","science","Studie","https://doi.org/10.1029/2021GL097448","https://doi.org/10.1029/2021gl097448","","","","open_access_manual","open-access-bronze","","review","403","2026-08-04T09:13:48.493Z","OpenAlex: otevřený přístup (bronze). Otevřený plný text je evidován, ale audit nepotvrdil stabilní přímou adresu souboru."
"DOI_10_1038_s41597_022_01223_7","Digitising historical sea level records in the Thames Estuary, UK","Addina Inayatillah a kol.","2022","science","Studie","https://doi.org/10.1038/s41597-022-01223-7","https://mejiro.repo.nii.ac.jp/records/1061","https://nrjjxl1nnwb4.compat.objectstorage.ap-tokyo-1.oraclecloud.com/contents/mejiro_repo_nii_ac_jp/7f/dd/a6a7-2800-4a50-8636-5201f216f89e/data?response-content-type=application%2Foctet-stream&response-content-disposition=attachment%3B%20filename%3DKJ00008691379.pdf&X-Amz-Algorithm=AWS4-HMAC-SHA256&X-Amz-Credential=2933d73c5ea35b566afd770d1a6af5c853196a77%2F20260804%2Fap-tokyo-1%2Fs3%2Faws4_request&X-Amz-Date=20260804T091353Z&X-Amz-Expires=60&X-Amz-SignedHeaders=host&X-Amz-Signature=5b9f2b2c98ea8f58cf46dad7bc3e8fe97bac1a22f877e7395a797eb3df630836","primary-copy","pdf","confirmed_download","open-access-green","cc0-or-public-domain","yes","206","2026-08-04T09:13:45.441Z","OpenAlex: otevřený přístup (green). Přímý soubor ověřen přes publication metadata; HTTP 206, application/octet-stream."
"DOI_10_1029_2022jd036728","Global Changes in Water Vapor 1979–2020","Richard P. Allan a kol.","2022","science","Studie","https://doi.org/10.1029/2022JD036728","https://doi.org/10.1029/2022jd036728","","","","open_access_manual","open-access-hybrid","cc-by","yes_with_attribution","403","2026-08-04T09:13:46.005Z","OpenAlex: otevřený přístup (hybrid). Otevřený plný text je evidován, ale audit nepotvrdil stabilní přímou adresu souboru."
"DOI_10_48670_moi_00277","Global ocean acidification - mean sea water pH trend map from Multi-Observations Reprocessing","European Union-Copernicus Marine Service","2022","science","Datový soubor","https://doi.org/10.48670/moi-00277","https://hal.science/hal-03826462","https://hal.science/hal-03826462/document","primary-copy","pdf","confirmed_download","open-access-green","other-oa","review","206","2026-08-04T09:13:46.538Z","OpenAlex: otevřený přístup (green). Přímý soubor ověřen přes publication metadata; HTTP 206, application/pdf."
"DOI_10_15770_eum_saf_osi_0014","Global Sea Ice Concentration Interim Climate Data Record Release 3 - DMSP","EUMETSAT OSI SAF","2022","science","Datový soubor","https://doi.org/10.15770/EUM_SAF_OSI_0014","https://doi.org/10.15770/eum_saf_osi_0014","","","","open_access_manual","open-access-green","cc-by","yes_with_attribution","206","2026-08-04T09:13:47.080Z","OpenAlex: otevřený přístup (green). Otevřený plný text je evidován, ale audit nepotvrdil stabilní přímou adresu souboru."
"DOI_10_5281_zenodo_7492812","GSDR-I Global Sub-Daily Precipitation Indices - Dataset","David Pritchard a kol.","2022","science","Datový soubor","https://doi.org/10.5281/zenodo.7492812","https://doi.org/10.5281/zenodo.7492812","","","","open_access_manual","open-access-green","cc-by","yes_with_attribution","200","2026-08-04T09:13:47.443Z","OpenAlex: otevřený přístup (green). Otevřený plný text je evidován, ale audit nepotvrdil stabilní přímou adresu souboru."
"DOI_10_5067_04yyikxw0gjs","ICESat-2 and CryoSat-2 L4 Monthly Arctic Snow Depth and Sea Ice Thickness, Version 1"," Sahra Kacimi a  Ron Kwok","2022","science","Datový soubor","https://doi.org/10.5067/04YYIKXW0GJS","https://nsidc.org/data/nsidc-0773/versions/1","https://nsidc.org/sites/default/files/documents/user-guide/nsidc-0773-v001-userguide.pdf","primary-copy","pdf","confirmed_download","open-access-green","","review","206","2026-08-04T09:13:48.366Z","OpenAlex: otevřený přístup (green). Přímý soubor ověřen přes source page; HTTP 206, application/pdf."
"2022_IEC_60751","IEC 60751:2022 Industrial Platinum Resistance Thermometers and Platinum Temperature Sensors","International Electrotechnical Commission","2022","science","Technický standard","https://webstore.iec.ch/en/publication/63753","https://webstore.iec.ch/en/publication/63753","","","","web_only","web-page","","not_applicable","206","2026-08-04T09:12:31.954Z","Stránka je dostupná, ale neobsahuje automaticky rozpoznatelný soubor ke stažení."
"DOI_10_5067_modis_mcd12q2_061","MODIS/Terra+Aqua Land Cover Dynamics Yearly L3 Global 500m SIN Grid V061"," Mark Friedl a kol.","2022","science","Datový soubor","https://doi.org/10.5067/MODIS/MCD12Q2.061","https://doi.org/10.5067/modis/mcd12q2.061","","","","open_access_manual","open-access-green","","review","200","2026-08-04T09:13:49.133Z","OpenAlex: otevřený přístup (green). Otevřený plný text je evidován, ale audit nepotvrdil stabilní přímou adresu souboru."
"DOI_10_1038_s41612_022_00229_7","Monitoring global climate change using GNSS radio occultation","Hans Gleisner a kol.","2022","science","Studie","https://doi.org/10.1038/s41612-022-00229-7","https://doi.org/10.1038/s41612-022-00229-7","","","","open_access_manual","open-access-gold","cc-by","yes_with_attribution","403","2026-08-04T09:13:51.824Z","OpenAlex: otevřený přístup (gold). Otevřený plný text je evidován, ale audit nepotvrdil stabilní přímou adresu souboru."
"DOI_10_1007_s00382_022_06567_9","Observed variability and trends in global precipitation during 1979–2020","Guojun Gu a Robert F. Adler","2022","science","Studie","https://doi.org/10.1007/s00382-022-06567-9","https://link.springer.com/article/10.1007/s00382-022-06567-9","","","","restricted_or_landing_only","closed-or-unknown","","no","200","2026-08-04T09:13:53.069Z","OpenAlex: uzavřený přístup. Veřejně dostupný plný soubor nebyl potvrzen."
"WEB_NOAA_Ocean_Carbon_and_Acidification_Data_System_OCADS_23d31f11","Ocean Carbon and Acidification Data System (OCADS)","NOAA","2022","organization","Datový portál nebo soubor","https://www.ncei.noaa.gov/products/ocean-carbon-acidification-data-system","https://www.ncei.noaa.gov/products/ocean-carbon-acidification-data-system","https://www.ncei.noaa.gov/access/ocean-carbon-acidification-data-system/support/physiological.xlsx","primary-data-file","xlsx","confirmed_download","public-file-linked-from-page","","review","206","2026-08-04T09:13:53.549Z","Na zdrojové stránce byl nalezen a ověřen soubor; HTTP 206, application/vnd.openxmlformats-officedocument.spreadsheetml.sheet."
"DOI_10_1098_rspb_2021_2456","Plants in the UK flower a month earlier under recent warming","Ulf Büntgen a kol.","2022","science","Studie","https://doi.org/10.1098/rspb.2021.2456","https://www.repository.cam.ac.uk/items/6f6e1185-ef3c-424a-bdb1-a62e7e5d483c","https://api.repository.cam.ac.uk/server/api/core/bitstreams/f9b66c23-424e-423b-a5f1-8b2870db7481/content","primary-copy","pdf","confirmed_download","open-access-hybrid","cc-by","yes_with_attribution","206","2026-08-04T09:13:44.047Z","OpenAlex: otevřený přístup (hybrid). Přímý soubor ověřen přes publication metadata; HTTP 206, application/pdf."
"DOI_10_5194_gmd_15_15_2022","PyCO₂SYS v1.8: marine carbonate system calculations in Python","Matthew P. Humphreys a kol.","2022","science","Studie","https://doi.org/10.5194/gmd-15-15-2022","https://gmd.copernicus.org/articles/15/15/2022/","https://gmd.copernicus.org/articles/15/15/2022/gmd-15-15-2022.pdf","primary-copy","pdf","confirmed_download","open-access-gold","cc-by","yes_with_attribution","206","2026-08-04T09:13:47.675Z","OpenAlex: otevřený přístup (gold). Přímý soubor ověřen přes publication metadata; HTTP 206, application/pdf."
"DOI_10_6084_m9_figshare_c_5800155","Supplementary material from ""Plants in the UK flower a month earlier under recent warming""","Ulf Büntgen a kol.","2022","science","Studie","https://doi.org/10.6084/m9.figshare.c.5800155","https://doi.org/10.6084/m9.figshare.c.5800155","","","","open_access_manual","open-access-green","cc-by","yes_with_attribution","202","2026-08-04T09:13:53.844Z","OpenAlex: otevřený přístup (green). Otevřený plný text je evidován, ale audit nepotvrdil stabilní přímou adresu souboru."
"DOI_10_1002_joc_7505","Temperature extremes and circulation types in the Czech Republic, 1961–2020","Pavel Zahradníček a kol.","2022","science","Studie","https://doi.org/10.1002/joc.7505","https://rmets.onlinelibrary.wiley.com/doi/10.1002/joc.7505","","","","restricted_or_landing_only","closed-or-unknown","","no","403","2026-08-04T09:13:55.236Z","OpenAlex: uzavřený přístup. Veřejně dostupný plný soubor nebyl potvrzen."
"DOI_10_1002_ecm_1552","Temporal shifts in avian phenology across the circannual cycle in a rapidly changing climate: A global meta‐analysis","Andrea Romano a kol.","2022","science","Studie","https://doi.org/10.1002/ecm.1552","https://doi.org/10.1002/ecm.1552","https://edit.elte.hu/xmlui/bitstream/handle/10831/113629/33252252.pdf;jsessionid=94E221ADA4227233629054C30D1BC6A1?sequence=1","primary-copy","pdf","confirmed_download","open-access-hybrid","cc-by-nc-nd","yes_with_conditions","200","2026-08-04T09:13:54.424Z","OpenAlex: otevřený přístup (hybrid). Přímý soubor ověřen přes OpenAlex; HTTP 200, application/pdf."
"WEB_nist_gov_Tuning_into_Weather_Forecasting_NIST_be922613","Tuning into Weather Forecasting | NIST","National Institute of Standards and Technology (NIST)","2022","organization","Institucionální zdroj","https://www.nist.gov/nist-museum/tuning-weather-forecasting","https://www.nist.gov/nist-museum/tuning-weather-forecasting","https://nvlpubs.nist.gov/nistpubs/Legacy/MP/nbsmiscellaneouspub275.pdf","linked-asset-needs-review","pdf","confirmed_download","public-file-linked-from-page","public-domain-claim","yes","206","2026-08-04T09:13:55.010Z","Na zdrojové stránce byl nalezen a ověřen soubor; HTTP 206, application/pdf."
"WEB_NASA_Algorithm_Theoretical_Basis_Document_79780237","Algorithm Theoretical Basis Document","NASA","2023","organization","Metodická dokumentace","https://gpm.nasa.gov/sites/default/files/2023-07/IMERG_V07_ATBD_final_230712.pdf","https://gpm.nasa.gov/sites/default/files/2023-07/IMERG_V07_ATBD_final_230712.pdf","https://gpm.nasa.gov/sites/default/files/2023-07/IMERG_V07_ATBD_final_230712.pdf","primary-copy","pdf","confirmed_download","public-direct-file","","review","206","2026-08-04T09:13:55.698Z","Adresa vrací přímo soubor; HTTP 206, application/pdf."
"DOI_10_1038_s41597_023_02238_4","An Observation-Based Dataset of Global Sub-Daily Precipitation Indices (GSDR-I)","David Pritchard a kol.","2023","science","Studie","https://doi.org/10.1038/s41597-023-02238-4","https://doi.org/10.1038/s41597-023-02238-4","","","","open_access_manual","open-access-gold","cc-by","yes_with_attribution","","2026-08-04T09:13:58.168Z","OpenAlex: otevřený přístup (gold). Otevřený plný text je evidován, ale audit nepotvrdil stabilní přímou adresu souboru."
"DOI_10_13155_97828","BGC-Argo quality control manual for pH","Kenneth S. Johnson a kol.","2023","science","Studie","https://doi.org/10.13155/97828","https://archimer.ifremer.fr/doc/00866/97828/","https://archimer.ifremer.fr/doc/00866/97828/106985.pdf","primary-copy","pdf","confirmed_download","open-access-green","other-oa","review","200","2026-08-04T09:13:57.142Z","OpenAlex: otevřený přístup (green). Přímý soubor ověřen přes OpenAlex; HTTP 200, application/pdf."
"DOI_10_5194_os_19_431_2023","Current observed global mean sea level rise and acceleration estimated from satellite altimetry and the associated measurement uncertainty","Adrien Guérou a kol.","2023","science","Studie","https://doi.org/10.5194/os-19-431-2023","https://doi.org/10.5194/os-19-431-2023","https://insu.hal.science/insu-04471099/document","primary-copy","pdf","confirmed_download","open-access-gold","cc-by","yes_with_attribution","206","2026-08-04T09:13:57.621Z","OpenAlex: otevřený přístup (gold). Přímý soubor ověřen přes OpenAlex; HTTP 206, application/pdf."
"DOI_10_3389_fmars_2023_1289931","Forty years of ocean acidification observations (1983–2023) in the Sargasso Sea at the Bermuda Atlantic Time-series Study site","Nicholas R. Bates a Rodney J. Johnson","2023","science","Studie","https://doi.org/10.3389/fmars.2023.1289931","https://doi.org/10.3389/fmars.2023.1289931","https://www.frontiersin.org/journals/marine-science/articles/10.3389/fmars.2023.1289931/pdf","primary-copy","pdf","confirmed_download","open-access-gold","cc-by","yes_with_attribution","206","2026-08-04T09:13:56.188Z","OpenAlex: otevřený přístup (gold). Přímý soubor ověřen přes OpenAlex; HTTP 206, application/pdf."
"DOI_10_1029_2023gb007765","Four Decades of Trends and Drivers of Global Surface Ocean Acidification","Danling Ma a kol.","2023","science","Studie","https://doi.org/10.1029/2023GB007765","https://archimer.ifremer.fr/doc/00941/105310/","https://archimer.ifremer.fr/doc/00941/105310/117713.pdf","primary-copy","pdf","confirmed_download","open-access-bronze","other-oa","review","200","2026-08-04T09:13:59.248Z","OpenAlex: otevřený přístup (bronze). Přímý soubor ověřen přes publication metadata; HTTP 200, application/pdf."
"DOI_10_24381_cds_ba597449","Glacier mass change gridded data from 1976 to present derived from the Fluctuations of Glaciers Database","Copernicus Climate Change Service","2023","science","Datový soubor","https://doi.org/10.24381/cds.ba597449","https://doi.org/10.24381/cds.ba597449","","","","open_access_manual","open-access-green","","review","","2026-08-04T09:13:59.716Z","OpenAlex: otevřený přístup (green). Otevřený plný text je evidován, ale audit nepotvrdil stabilní přímou adresu souboru."
"WEB_World_Meteorological_Organiz_Global_Observing_System_GOS_cd0817f4","Global Observing System (GOS)","World Meteorological Organization","2023","organization","Institucionální zdroj","https://wmo.int/activities/global-observing-system-gos/global-observing-system-gos","https://wmo.int/activities/global-observing-system-gos/global-observing-system-gos","","","","web_only","web-page","","not_applicable","206","2026-08-04T09:14:00.082Z","Stránka je dostupná, ale neobsahuje automaticky rozpoznatelný soubor ke stažení."
"DOI_10_12157_iocas_20230720_001","Global Ocean Gridded Seawater pH During 1992–2020 at 0–2000 m Depth","Guorong Zhong, Xuegang Li a Jinming Song","2023","science","Datový soubor","https://doi.org/10.12157/IOCAS.20230720.001","https://msdc.qdio.ac.cn/data/metadata-special-detail?id=1681888486837194754&otherId=1681888486912692226&lan=en","","","","manual_data_download","data-portal","","review","206","2026-08-04T09:12:39.407Z","OpenAlex HTTP 404 Jde o datový záznam; soubory se pravděpodobně vybírají nebo generují na datovém portálu."
"DOI_10_5067_gpm_imerg_3b_hh_07","GPM IMERG Final Precipitation L3 Half Hourly 0.1 degree x 0.1 degree V07","G.J. Huffman a kol.","2023","science","Datový soubor","https://doi.org/10.5067/GPM/IMERG/3B-HH/07","https://doi.org/10.5067/gpm/imerg/3b-hh/07","","","","open_access_manual","open-access-green","","review","200","2026-08-04T09:14:00.190Z","OpenAlex: otevřený přístup (green). Otevřený plný text je evidován, ale audit nepotvrdil stabilní přímou adresu souboru."
"DOI_10_1038_s41467_023_42143_3","Heat extremes in Western Europe increasing faster than simulated due to atmospheric circulation trends","Robert Vautard a kol.","2023","science","Studie","https://doi.org/10.1038/s41467-023-42143-3","https://doi.org/10.1038/s41467-023-42143-3","https://hal.science/hal-04266530/file/s41467-023-42143-3.pdf","primary-copy","pdf","confirmed_download","open-access-gold","other-oa","review","206","2026-08-04T09:14:02.180Z","OpenAlex: otevřený přístup (gold). Přímý soubor ověřen přes OpenAlex; HTTP 206, application/pdf."
"WEB_nrcs_usda_gov_historie_programu_Snow_Survey_f7dd6c0d","historie programu Snow Survey","USDA Natural Resources Conservation Service","2023","organization","Metodická dokumentace","https://www.nrcs.usda.gov/sites/default/files/2023-01/History-of-Snow-Survey-and-Water-Supply-Forecasting.pdf","https://www.nrcs.usda.gov/sites/default/files/2023-01/History-of-Snow-Survey-and-Water-Supply-Forecasting.pdf","https://www.nrcs.usda.gov/sites/default/files/2023-01/History-of-Snow-Survey-and-Water-Supply-Forecasting.pdf","primary-copy","pdf","confirmed_download","public-direct-file","","review","206","2026-08-04T09:14:00.277Z","Adresa vrací přímo soubor; HTTP 206, application/pdf."
"DOI_10_5194_essd_15_1597_2023","Mass balance of the Greenland and Antarctic ice sheets from 1992 to 2020","Inès N. Otosaka a kol.","2023","science","Studie","https://doi.org/10.5194/essd-15-1597-2023","https://doi.org/10.5194/essd-15-1597-2023","https://orbi.uliege.be/bitstream/2268/301887/1/essd-15-1597-2023.pdf","primary-copy","pdf","confirmed_download","open-access-gold","other-oa","review","200","2026-08-04T09:14:00.992Z","OpenAlex: otevřený přístup (gold). Přímý soubor ověřen přes OpenAlex; HTTP 200, application/pdf."
"DOI_10_1007_s10712_023_09795_8","Mass Balances of the Antarctic and Greenland Ice Sheets Monitored from Space","Inès N. Otosaka a kol.","2023","science","Studie","https://doi.org/10.1007/s10712-023-09795-8","https://doi.org/10.1007/s10712-023-09795-8","","","","open_access_manual","open-access-hybrid","cc-by","yes_with_attribution","200","2026-08-04T09:14:00.484Z","OpenAlex: otevřený přístup (hybrid). Otevřený plný text je evidován, ale audit nepotvrdil stabilní přímou adresu souboru."
"DOI_10_5067_f6jmovy5navz","Randolph Glacier Inventory - A Dataset of Global Glacier Outlines, Version 7","RGI Consortium","2023","science","Datový soubor","https://doi.org/10.5067/F6JMOVY5NAVZ","https://research-information.bris.ac.uk/en/datasets/1ce8677f-856c-47a7-b513-be20e8814398","","","","open_access_manual","open-access-green","other-oa","review","200","2026-08-04T09:14:01.517Z","OpenAlex: otevřený přístup (green). Otevřený plný text je evidován, ale audit nepotvrdil stabilní přímou adresu souboru."
"DOI_10_1111_1365_2656_13887","Six decades of North American bird banding records reveal plasticity in migration phenology","Kyle G. Horton a kol.","2023","science","Studie","https://doi.org/10.1111/1365-2656.13887","https://doi.org/10.1111/1365-2656.13887","","","","open_access_manual","open-access-hybrid","cc-by-nc-nd","yes_with_conditions","403","2026-08-04T09:14:01.526Z","OpenAlex: otevřený přístup (hybrid). Otevřený plný text je evidován, ale audit nepotvrdil stabilní přímou adresu souboru."
"DOI_10_15138_9n0h_zh07","Trends in globally-averaged CO₂ determined from NOAA Global Monitoring Laboratory measurements.","Xin Lan a kol.","2023","science","Datový soubor","https://doi.org/10.15138/9N0H-ZH07","https://gml.noaa.gov/ccgg/trends/global.html?doi=10.15138/9n0h-zh07","https://gml.noaa.gov/webdata/ccgg/trends/co2_trend_gl.pdf","primary-copy","pdf","confirmed_download","open-access-green","","review","206","2026-08-04T09:14:02.141Z","OpenAlex: otevřený přístup (green). Přímý soubor ověřen přes source page; HTTP 206, application/pdf."
"DOI_10_1002_lno_12477","Uncertainty sources for measurable ocean carbonate chemistry variables","Brendan R. Carter a kol.","2023","science","Studie","https://doi.org/10.1002/lno.12477","https://doi.org/10.1002/lno.12477","https://ueaeprints.uea.ac.uk/id/eprint/99417/1/Carter_etal_2024_LimnologyOceanography.pdf","primary-copy","pdf","confirmed_download","open-access-hybrid","cc-by","yes_with_attribution","206","2026-08-04T09:13:57.143Z","OpenAlex: otevřený přístup (hybrid). Přímý soubor ověřen přes OpenAlex; HTTP 206, application/pdf."
"DOI_10_1029_2023jd040179","A NASA GISTEMPv4 Observational Uncertainty Ensemble","Nathan Lenssen a kol.","2024","science","Studie","https://doi.org/10.1029/2023JD040179","https://doi.org/10.1029/2023jd040179","","","","open_access_manual","open-access-bronze","","review","403","2026-08-04T09:14:02.862Z","OpenAlex: otevřený přístup (bronze). Otevřený plný text je evidován, ale audit nepotvrdil stabilní přímou adresu souboru."
"DOI_10_5194_os_20_725_2024","Anthropogenic CO₂ , air–sea CO₂ fluxes, and acidification in the Southern Ocean: results from a time-series analysis at station OISO-KERFIX (51° S–68° E)","Nicolas Metzl a kol.","2024","science","Studie","https://doi.org/10.5194/os-20-725-2024","https://doi.org/10.5194/os-20-725-2024","https://archimer.ifremer.fr/doc/00860/97159/106013.pdf","primary-copy","pdf","confirmed_download","open-access-gold","cc-by","yes_with_attribution","200","2026-08-04T09:14:03.567Z","OpenAlex: otevřený přístup (gold). Přímý soubor ověřen přes OpenAlex; HTTP 200, application/pdf."
"WEB_NOAA_Arctic_Terrestrial_Carbon_Cycling_NOAA_Arctic_4138f338","Arctic Terrestrial Carbon Cycling - NOAA Arctic","NOAA","2024","organization","Institucionální zdroj","https://arctic.noaa.gov/report-card/report-card-2024/arctic-terrestrial-carbon-cycling/","https://arctic.noaa.gov/report-card/report-card-2024/arctic-terrestrial-carbon-cycling/","","","","web_only","web-page","","not_applicable","200","2026-08-04T09:14:03.590Z","Stránka je dostupná, ale neobsahuje automaticky rozpoznatelný soubor ke stažení."
"DOI_10_5194_essd_16_121_2024","CMEMS-LSCE: a global, 0.25°, monthly reconstruction of the surface ocean carbonate system","Thi-Tuyet-Trang Chau a kol.","2024","science","Studie","https://doi.org/10.5194/essd-16-121-2024","https://essd.copernicus.org/articles/16/121/2024/","https://essd.copernicus.org/articles/16/121/2024/essd-16-121-2024.pdf","primary-copy","pdf","confirmed_download","open-access-gold","cc-by","yes_with_attribution","206","2026-08-04T09:14:04.161Z","OpenAlex: otevřený přístup (gold). Přímý soubor ověřen přes publication metadata; HTTP 206, application/pdf."
"DOI_10_5285_9d9bfc488ec54b1297eca2c9662f9c81","ESA Snow Climate Change Initiative (Snow_cci): Snow Water Equivalent (SWE) level 3C daily global climate research data package (CRDP) (1979 - 2022), version 3.1","Kari Luojus a kol.","2024","science","Datový soubor","https://doi.org/10.5285/9d9bfc488ec54b1297eca2c9662f9c81","https://catalogue.ceda.ac.uk/uuid/9d9bfc488ec54b1297eca2c9662f9c81/","https://artefacts.ceda.ac.uk/licences/specific_licences/esacci_snow_terms_and_conditions.pdf","primary-copy","pdf","confirmed_download","open-access-green","","review","206","2026-08-04T09:14:04.853Z","OpenAlex: otevřený přístup (green). Přímý soubor ověřen přes source page; HTTP 206, application/pdf."
"DOI_10_5194_tc_18_2473_2024","Estimating the uncertainty of sea-ice area and sea-ice extent from satellite retrievals","Andreas Wernecke a kol.","2024","science","Studie","https://doi.org/10.5194/tc-18-2473-2024","https://tc.copernicus.org/articles/18/2473/2024/","https://tc.copernicus.org/articles/18/2473/2024/tc-18-2473-2024.pdf","primary-copy","pdf","confirmed_download","open-access-gold","cc-by","yes_with_attribution","206","2026-08-04T09:14:07.749Z","OpenAlex: otevřený přístup (gold). Přímý soubor ověřen přes publication metadata; HTTP 206, application/pdf."
"DOI_10_5904_wgms_glambie_2024_07","Glacier Mass Balance Intercomparison Exercise (GlaMBIE)","GlaMBIE","2024","science","Datový soubor","https://doi.org/10.5904/wgms-glambie-2024-07","https://doi.org/10.5904/wgms-glambie-2024-07","","","","open_access_manual","open-access-green","","review","200","2026-08-04T09:14:05.227Z","OpenAlex: otevřený přístup (green). Otevřený plný text je evidován, ale audit nepotvrdil stabilní přímou adresu souboru."
"DOI_10_12157_iocas_20240117_001","IAPv4 Global Ocean Heat Content Gridded Dataset","Lijing Cheng a kol.","2024","science","Datový soubor","https://doi.org/10.12157/IOCAS.20240117.001","https://msdc.qdio.ac.cn/data/metadata-special-detail?id=1746817324930842626&lan=en","","","","manual_data_download","data-portal","","review","206","2026-08-04T09:14:50.025Z","OpenAlex HTTP 404 Jde o datový záznam; soubory se pravděpodobně vybírají nebo generují na datovém portálu."
"DOI_10_5194_essd_16_3517_2024","IAPv4 ocean temperature and ocean heat content gridded dataset","Lijing Cheng a kol.","2024","science","Studie","https://doi.org/10.5194/essd-16-3517-2024","https://essd.copernicus.org/articles/16/3517/2024/","https://essd.copernicus.org/articles/16/3517/2024/essd-16-3517-2024.pdf","primary-copy","pdf","confirmed_download","open-access-gold","cc-by","yes_with_attribution","206","2026-08-04T09:14:05.296Z","OpenAlex: otevřený přístup (gold). Přímý soubor ověřen přes publication metadata; HTTP 206, application/pdf."
"WEB_NASA_NASA_Scientific_Visualization_Studio_GRACE_and_G_1879a9f3","NASA Scientific Visualization Studio | GRACE and GRACE-FO polar ice mass loss","NASA","2024","organization","Obrazový zdroj","https://svs.gsfc.nasa.gov/31166/","https://svs.gsfc.nasa.gov/31166/","","","","web_only","web-page","","not_applicable","200","2026-08-04T09:14:05.921Z","Stránka je dostupná, ale neobsahuje automaticky rozpoznatelný soubor ke stažení."
"DOI_10_25921_tn91_wv50","NOAA Climate Data Record (CDR) of Mean Layer Temperature-NOAA, Version 5","Cheng-Zhi Zou a Xianjun Hao","2024","science","Datový soubor","https://doi.org/10.25921/tn91-wv50","https://www.ncei.noaa.gov/metadata/geoportal/rest/metadata/item/gov.noaa.ncdc:C01708/html","https://www.ncei.noaa.gov/pub/data/sds/cdr/CDRs/Mean%20Layer%20Temperatures%20-%20NOAA/SourceCode_01B-25.tar.gz","primary-copy","gzip","confirmed_download","open-access-green","","review","206","2026-08-04T09:14:05.932Z","OpenAlex: otevřený přístup (green). Přímý soubor ověřen přes source page; HTTP 206, application/gzip."
"DOI_10_1175_bams_d_24_0012_1","NOAAGlobalTemp Version 6: An AI-Based Global Surface Temperature Dataset","Xungang Yin a kol.","2024","science","Studie","https://doi.org/10.1175/BAMS-D-24-0012.1","https://journals.ametsoc.org/view/journals/bams/105/11/BAMS-D-24-0012.1.xml","","","","manual_data_download","data-portal","","review","403","2026-08-04T09:14:05.984Z","OpenAlex: uzavřený přístup. Jde o datový záznam; soubory se pravděpodobně vybírají nebo generují na datovém portálu."
"DOI_10_1029_2023ea003279","Observed Global Changes in Sector‐Relevant Climate Extremes Indices—An Extension to HadEX3","Robert J. H. Dunn a kol.","2024","science","Studie","https://doi.org/10.1029/2023EA003279","https://doi.org/10.1029/2023ea003279","https://upcommons.upc.edu/server/api/core/bitstreams/c78c0a20-6414-4b8c-96db-e476bf816ade/content","primary-copy","pdf","confirmed_download","open-access-gold","cc-by-nc-nd","yes_with_conditions","206","2026-08-04T09:14:04.747Z","OpenAlex: otevřený přístup (gold). Přímý soubor ověřen přes OpenAlex; HTTP 206, application/pdf."
"DOI_10_5194_bg_21_5561_2024","Ocean acidification trends and carbonate system dynamics across the North Atlantic subpolar gyre water masses during 2009–2019","David Curbelo-Hernández a kol.","2024","science","Studie","https://doi.org/10.5194/bg-21-5561-2024","https://doi.org/10.5194/bg-21-5561-2024","https://bg.copernicus.org/articles/21/5561/2024/bg-21-5561-2024.pdf","primary-copy","pdf","confirmed_download","open-access-gold","cc-by","yes_with_attribution","206","2026-08-04T09:14:04.413Z","OpenAlex: otevřený přístup (gold). Přímý soubor ověřen přes OpenAlex; HTTP 206, application/pdf."
"DOI_10_1029_2024gl111229","Refined Estimates of Global Ocean Deep and Abyssal Decadal Warming Trends","Gregory C. Johnson a Sarah G. Purkey","2024","science","Studie","https://doi.org/10.1029/2024GL111229","https://repository.library.noaa.gov/view/noaa/67454","https://repository.library.noaa.gov/view/noaa/67454/noaa_67454_DS1.pdf","primary-copy","pdf","confirmed_download","open-access-gold","cc-by-nc-nd","yes_with_conditions","206","2026-08-04T09:14:06.451Z","OpenAlex: otevřený přístup (gold). Přímý soubor ověřen přes publication metadata; HTTP 206, application/pdf."
"WEB_NOAA_State_of_the_Climate_in_2024_tabulka_2_8_4784f00d","State of the Climate in 2024, tabulka 2.8","NOAA","2024","organization","Metodická dokumentace","https://repository.library.noaa.gov/view/noaa/71485/noaa_71485_DS1.pdf","https://repository.library.noaa.gov/view/noaa/71485/noaa_71485_DS1.pdf","https://repository.library.noaa.gov/view/noaa/71485/noaa_71485_DS1.pdf","primary-copy","pdf","confirmed_download","public-direct-file","","review","206","2026-08-04T09:14:06.470Z","Adresa vrací přímo soubor; HTTP 206, application/pdf."
"WEB_ametsoc_net_State_of_the_Climate_in_2024_Stratospheric_Tempe_d68326f7","State of the Climate in 2024: Stratospheric Temperature","American Meteorological Society","2024","organization","Metodická dokumentace","https://ametsoc.net/sotc2024/02GlobalClimate_SotC2024.pdf","https://ametsoc.net/sotc2024/02GlobalClimate_SotC2024.pdf","https://ametsoc.net/sotc2024/02GlobalClimate_SotC2024.pdf","primary-copy","pdf","open_access_manual","browser-verified-download","","review","","2026-08-04T09:19:25.663Z","Přímé PDF je veřejně dohledatelné, ale server odmítá automatické požadavky."
"DOI_10_1038_s43247_024_01761_5","The rate of global sea level rise doubled during the past three decades","B. D. Hamlington a kol.","2024","science","Studie","https://doi.org/10.1038/s43247-024-01761-5","https://doi.org/10.1038/s43247-024-01761-5","","","","open_access_manual","open-access-gold","cc-by-nc-nd","yes_with_conditions","200","2026-08-04T09:14:07.109Z","OpenAlex: otevřený přístup (gold). Otevřený plný text je evidován, ale audit nepotvrdil stabilní přímou adresu souboru."
"DOI_10_5194_acp_24_12925_2024","Upper-stratospheric temperature trends: new results from the Optical Spectrograph and InfraRed Imager System (OSIRIS)","Kimberlee Dubé a kol.","2024","science","Studie","https://doi.org/10.5194/acp-24-12925-2024","https://doi.org/10.5194/acp-24-12925-2024","https://acp.copernicus.org/articles/24/12925/2024/acp-24-12925-2024.pdf","primary-copy","pdf","confirmed_download","open-access-gold","cc-by","yes_with_attribution","206","2026-08-04T09:14:07.351Z","OpenAlex: otevřený přístup (gold). Přímý soubor ověřen přes OpenAlex; HTTP 206, application/pdf."
"DOI_10_5067_viirs_vnp22q2_002","VIIRS/NPP Land Surface Phenology Yearly L3 Global 500m SIN Grid V002"," Xiaoyang Zhang","2024","science","Datový soubor","https://doi.org/10.5067/VIIRS/VNP22Q2.002","https://www.earthdata.nasa.gov/data/catalog/lpcloud-vnp22q2-002","https://landweb.modaps.eosdis.nasa.gov/data/userguide/VIIRS_Land_C2_Changes_09152022.pdf","primary-copy","pdf","confirmed_download","open-access-green","","review","206","2026-08-04T09:14:07.587Z","OpenAlex: otevřený přístup (green). Přímý soubor ověřen přes source page; HTTP 206, application/pdf."
"WEB_World_Glacier_Monitoring_Ser_WMO_2024_a75c9125","WMO, 2024","World Glacier Monitoring Service","2024","organization","Metodická dokumentace","https://wgms.ch/downloads/WMO-8-vII-2024_en.pdf","https://wgms.ch/downloads/WMO-8-vII-2024_en.pdf","https://wgms.ch/downloads/WMO-8-vII-2024_en.pdf","primary-copy","pdf","confirmed_download","public-direct-file","","review","206","2026-08-04T09:14:08.325Z","Adresa vrací přímo soubor; HTTP 206, application/pdf."
"DOI_10_25923_z885_h264","World Ocean Database 2023","Alexey V. Mishonov","2024","science","Studie","https://doi.org/10.25923/z885-h264","https://repository.library.noaa.gov/view/noaa/66204","https://repository.library.noaa.gov/view/noaa/66204/noaa_66204_DS1.pdf","primary-copy","pdf","confirmed_download","open-access-gold","public-domain","yes","206","2026-08-04T09:14:08.378Z","OpenAlex: otevřený přístup (gold). Přímý soubor ověřen přes publication metadata; HTTP 206, application/pdf."
"WEB_National_Snow_and_Ice_Data_C_2025_Arctic_sea_ice_minimum_squeezes_into_the_te_15e854cc","2025 Arctic sea ice minimum squeezes into the ten lowest minimums | National Snow and Ice Data Center","National Snow and Ice Data Center","2025","organization","Datový portál nebo soubor","https://nsidc.org/sea-ice-today/analyses/2025-arctic-sea-ice-minimum-squeezes-ten-lowest-minimums","https://nsidc.org/sea-ice-today/analyses/2025-arctic-sea-ice-minimum-squeezes-ten-lowest-minimums","","","","manual_data_download","data-portal","","review","200","2026-08-04T09:14:08.391Z","Zdroj je dostupný datový portál, ale konkrétní soubor vyžaduje výběr dat nebo ruční export."
"DOI_10_5194_essd_17_719_2025","A global monthly 3D field of seawater pH over 3 decades: a machine learning approach","Guorong Zhong a kol.","2025","science","Studie","https://doi.org/10.5194/essd-17-719-2025","https://doi.org/10.5194/essd-17-719-2025","https://archimer.ifremer.fr/doc/00942/105390/118055.pdf","primary-copy","pdf","confirmed_download","open-access-gold","other-oa","review","200","2026-08-04T09:14:18.185Z","OpenAlex: otevřený přístup (gold). Přímý soubor ověřen přes OpenAlex; HTTP 200, application/pdf."
"DOI_10_5194_essd_17_1977_2025","Annual mass change of the world's glaciers from 1976 to 2024 by temporal downscaling of satellite data with in situ observations","Inés Dussaillant a kol.","2025","science","Studie","https://doi.org/10.5194/essd-17-1977-2025","https://essd.copernicus.org/articles/17/1977/2025/","https://essd.copernicus.org/articles/17/1977/2025/essd-17-1977-2025.pdf","primary-copy","pdf","confirmed_download","open-access-gold","cc-by","yes_with_attribution","206","2026-08-04T09:14:08.403Z","OpenAlex: otevřený přístup (gold). Přímý soubor ověřen přes publication metadata; HTTP 206, application/pdf."
"WEB_content_drupal_climate_gov_Climate_Change_Ocean_Heat_Content_a227e082","Climate Change: Ocean Heat Content","NOAA Climate.gov","2025","organization","Institucionální zdroj","https://content-drupal.climate.gov/news-features/understanding-climate/climate-change-ocean-heat-content","https://content-drupal.climate.gov/news-features/understanding-climate/climate-change-ocean-heat-content","https://www.ncei.noaa.gov/data/oceans/woa/DATA_ANALYSIS/3M_HEAT_CONTENT/DATA/basin/3month/ohc_levitus_climdash_seasonal.csv","linked-asset-needs-review","csv","confirmed_download","public-file-linked-from-page","","review","206","2026-08-04T09:14:09.025Z","Na zdrojové stránce byl nalezen a ověřen soubor; HTTP 206, text/csv."
"DOI_10_1038_s41586_024_08545_z","Community estimate of global glacier mass changes from 2000 to 2023","The GlaMBIE Team a kol.","2025","science","Studie","https://doi.org/10.1038/s41586-024-08545-z","https://doi.org/10.1038/s41586-024-08545-z","","","","open_access_manual","open-access-hybrid","cc-by","yes_with_attribution","200","2026-08-04T09:14:09.108Z","OpenAlex: otevřený přístup (hybrid). Otevřený plný text je evidován, ale audit nepotvrdil stabilní přímou adresu souboru."
"DOI_10_1126_sciadv_adv7926","Determining the cause of inconsistent onset-season trends in the Northern Hemisphere snow cover extent record","Aleksandra Elias Chereque a kol.","2025","science","Studie","https://doi.org/10.1126/sciadv.adv7926","https://doi.org/10.1126/sciadv.adv7926","","","","open_access_manual","open-access-gold","cc-by","yes_with_attribution","200","2026-08-04T09:14:09.210Z","OpenAlex: otevřený přístup (gold). Otevřený plný text je evidován, ale audit nepotvrdil stabilní přímou adresu souboru."
"DOI_10_26008_1912_bco_dmo_3782_8","Discrete bottle samples collected at the Bermuda Atlantic Time-series Study (BATS) site in the Sargasso Sea from October 1988 through December 2024","Nicholas Bates a kol.","2025","science","Datový soubor","https://doi.org/10.26008/1912/bco-dmo.3782.8","https://darchive.mblwhoilibrary.org/handle/1912/71950","https://darchive.mblwhoilibrary.org/server/api/core/bitstreams/b94268f6-38ba-4229-9ef0-241818222518/content","primary-copy","pdf","confirmed_download","open-access-green","cc-by","yes_with_attribution","206","2026-08-04T09:14:10.282Z","OpenAlex: otevřený přístup (green). Přímý soubor ověřen přes publication metadata; HTTP 206, application/pdf."
"DOI_10_5285_a6fbedd8ee5b472c8e84e55f746c1704","ESA Permafrost Climate Change Initiative (Permafrost_cci): Permafrost active layer thickness for the Northern Hemisphere, v5.0","Sebastian Westermann a kol.","2025","science","Datový soubor","https://doi.org/10.5285/a6fbedd8ee5b472c8e84e55f746c1704","https://catalogue.ceda.ac.uk/uuid/a6fbedd8ee5b472c8e84e55f746c1704/","https://artefacts.ceda.ac.uk/licences/specific_licences/esacci_permafrost_terms_and_conditions.pdf","primary-copy","pdf","confirmed_download","open-access-green","","review","206","2026-08-04T09:14:10.602Z","OpenAlex: otevřený přístup (green). Přímý soubor ověřen přes source page; HTTP 206, application/pdf."
"DOI_10_5285_d235665772ec4b558e9a89ac85595e71","ESA Permafrost Climate Change Initiative (Permafrost_cci): Permafrost extent for the Northern Hemisphere, v5.0","Sebastian Westermann a kol.","2025","science","Datový soubor","https://doi.org/10.5285/d235665772ec4b558e9a89ac85595e71","https://catalogue.ceda.ac.uk/uuid/d235665772ec4b558e9a89ac85595e71/","https://artefacts.ceda.ac.uk/licences/specific_licences/esacci_permafrost_terms_and_conditions.pdf","primary-copy","pdf","confirmed_download","open-access-green","","review","206","2026-08-04T09:14:11.646Z","OpenAlex: otevřený přístup (green). Přímý soubor ověřen přes source page; HTTP 206, application/pdf."
"DOI_10_5285_5675b0be944f45a8af0e7ddbeb47a011","ESA Permafrost Climate Change Initiative (Permafrost_cci): Permafrost Ground Temperature for the Northern Hemisphere, v5.0","Sebastian Westermann a kol.","2025","science","Datový soubor","https://doi.org/10.5285/5675b0be944f45a8af0e7ddbeb47a011","https://catalogue.ceda.ac.uk/uuid/5675b0be944f45a8af0e7ddbeb47a011/","https://artefacts.ceda.ac.uk/licences/specific_licences/esacci_permafrost_terms_and_conditions.pdf","primary-copy","pdf","confirmed_download","open-access-green","","review","206","2026-08-04T09:14:12.110Z","OpenAlex: otevřený přístup (green). Přímý soubor ověřen přes source page; HTTP 206, application/pdf."
"WEB_Copernicus_globalni_data_CSV_e4635f0c","globální data CSV","Copernicus","2025","organization","Datový portál nebo soubor","https://climate.copernicus.eu/sites/default/files/custom-uploads/indicators-2025/sea-level/fig1_data.csv","https://climate.copernicus.eu/sites/default/files/custom-uploads/indicators-2025/sea-level/fig1_data.csv","https://climate.copernicus.eu/sites/default/files/custom-uploads/indicators-2025/sea-level/fig1_data.csv","primary-copy","csv","confirmed_download","public-direct-file","","review","206","2026-08-04T09:14:12.183Z","Adresa vrací přímo soubor; HTTP 206, application/octet-stream."
"WEB_World_Meteorological_Organiz_Guide_to_Instruments_and_Methods_of_Observation_93c4c4a4","Guide to Instruments and Methods of Observation (WMO-No. 8)","World Meteorological Organization","2025","organization","Metodická dokumentace","https://community.wmo.int/site/knowledge-hub/programmes-and-initiatives/instruments-and-methods-of-observation-programme-imop/guide-instruments-and-methods-of-observation-wmo-no-8","https://community.wmo.int/site/knowledge-hub/programmes-and-initiatives/instruments-and-methods-of-observation-programme-imop/guide-instruments-and-methods-of-observation-wmo-no-8","","","","web_only","web-page","","not_applicable","206","2026-08-04T09:14:12.379Z","Stránka je dostupná, ale neobsahuje automaticky rozpoznatelný soubor ke stažení."
"WEB_nist_gov_How_Do_You_Measure_the_Acidity_pH_of_the_Ocean_N_3a09e72c","How Do You Measure the Acidity (pH) of the Ocean? | NIST","National Institute of Standards and Technology (NIST)","2025","organization","Institucionální zdroj","https://www.nist.gov/how-do-you-measure-it/how-do-you-measure-acidity-ph-ocean","https://www.nist.gov/how-do-you-measure-it/how-do-you-measure-acidity-ph-ocean","","","","web_only","web-page","","not_applicable","206","2026-08-04T09:14:12.487Z","Stránka je dostupná, ale neobsahuje automaticky rozpoznatelný soubor ke stažení."
"WEB_NASA_Ice_Sheets_Earth_Indicator_NASA_Science_77404de9","Ice Sheets - Earth Indicator - NASA Science","NASA","2025","organization","Institucionální zdroj","https://science.nasa.gov/earth/explore/earth-indicators/ice-sheets/","https://science.nasa.gov/earth/explore/earth-indicators/ice-sheets/","","","","web_only","web-page","","not_applicable","200","2026-08-04T09:14:12.911Z","Stránka je dostupná, ale neobsahuje automaticky rozpoznatelný soubor ke stažení."
"DOI_10_5067_txdhdj1jt0cg","ICESat-2 L4 Monthly Gridded Sea Ice Thickness, Version 4"," Alek Petty a kol.","2025","science","Datový soubor","https://doi.org/10.5067/TXDHDJ1JT0CG","https://nsidc.org/data/is2sitmogr4/versions/4","https://nsidc.org/sites/default/files/documents/user-guide/is2sitmogr4-v004-userguide.pdf","primary-copy","pdf","confirmed_download","open-access-green","","review","206","2026-08-04T09:14:13.059Z","OpenAlex: otevřený přístup (green). Přímý soubor ověřen přes source page; HTTP 206, application/pdf."
"2025_NIST_Thermometer_Calibrations","Industrial Thermometer Calibrations","National Institute of Standards and Technology","2025","organization","Kalibrační služba a metodický popis","https://www.nist.gov/pml/sensor-science/thermodynamic-metrology/industrial-thermometer-calibrations","https://www.nist.gov/pml/sensor-science/thermodynamic-metrology/industrial-thermometer-calibrations","","","","web_only","web-page","","not_applicable","206","2026-08-04T09:12:32.005Z","Stránka je dostupná, ale neobsahuje automaticky rozpoznatelný soubor ke stažení."
"WEB_NASA_NASA_Scientific_Visualization_Studio_Arctic_Sea_8c5c7d01","NASA Scientific Visualization Studio | Arctic Sea Ice Minimum 2025","NASA","2025","organization","Obrazový zdroj","https://svs.gsfc.nasa.gov/5583/","https://svs.gsfc.nasa.gov/5583/","https://svs.gsfc.nasa.gov/vis/a000000/a005500/a005583/arctic_sea_ice_2025_still_print.jpg","primary-copy","jpg","confirmed_download","public-file-linked-from-page","","review","206","2026-08-04T09:14:13.504Z","Na zdrojové stránce byl nalezen a ověřen soubor; HTTP 206, image/jpeg."
"DOI_10_25923_mmxf_0r86","NOAA Arctic Report Card 2025 : Sea Ice","W. N. Meier a kol.","2025","science","Studie","https://doi.org/10.25923/mmxf-0r86","https://repository.library.noaa.gov/view/noaa/72429","https://repository.library.noaa.gov/view/noaa/72429/noaa_72429_DS1.pdf","primary-copy","pdf","confirmed_download","open-access-gold","public-domain","yes","206","2026-08-04T09:14:13.518Z","OpenAlex: otevřený přístup (gold). Přímý soubor ověřen přes publication metadata; HTTP 206, application/pdf."
"DOI_10_25923_cfhv_c239","NOAA Arctic Report Card 2025 : Terrestrial Snow Cover","L. R. Mudryk a kol.","2025","science","Studie","https://doi.org/10.25923/cfhv-c239","https://repository.library.noaa.gov/view/noaa/72423","https://repository.library.noaa.gov/view/noaa/72423/noaa_72423_DS1.pdf","primary-copy","pdf","confirmed_download","open-access-gold","public-domain","yes","206","2026-08-04T09:14:14.150Z","OpenAlex: otevřený přístup (gold). Přímý soubor ověřen přes publication metadata; HTTP 206, application/pdf."
"DOI_10_5066_p9wrgci3","Permafrost Ground Temperature from 1950 to 1961 in Utqiagvik, Alaska: Special Holes 2, 8, 22, and 26","Alena M Giesche a kol.","2025","science","Datový soubor","https://doi.org/10.5066/P9WRGCI3","https://doi.org/10.5066/p9wrgci3","","","","open_access_manual","open-access-green","public-domain","yes","200","2026-08-04T09:14:14.199Z","OpenAlex: otevřený přístup (green). Otevřený plný text je evidován, ale audit nepotvrdil stabilní přímou adresu souboru."
"DOI_10_3334_ornldaac_2364","PhenoCam Dataset v3.0: Digital Camera Imagery from the PhenoCam Network, 2000-2023","K. Ballou a kol.","2025","science","Studie","https://doi.org/10.3334/ORNLDAAC/2364","https://www.earthdata.nasa.gov/data/catalog/ornl-cloud-phenocam-images-v3-2364-3","https://d3o6w55j8uz1ro.cloudfront.net/s3-d0f68fa49c8cba12794bb586349f2341/ornl-cumulus-prod-public.s3.us-west-2.amazonaws.com/global_vegetation/Phenocam_Images_V3/comp/Phenocam_Images_V3.pdf?A-userid=None&Expires=1785838467&Signature=SaVFs~rBYzbAb5dgJDTsasj9PCKBvoZ3vxXyVfAodCnPIxefEhtNb6czzJq02tzu3VE0tJfseNaMA~tkOXGGqQDACHQqJKb~XjEcSxclnvb~eiKKibzyM8e2WkEfx1NbWZ~CPGPL4dTofSUfCuCnxltSUsmX2qXM1HBdd4OC-5eHuEqdru1ZxGyzb7hfbReyjszn9tS9ymkNKMXFRORkNMTYdPmf6W9UES78oUgJZE5npzPEQFrEIbmPzu-7oqH5TQZjqaY~16oaZmtUEE~IcDXfOUYUDbYt2DyTPg-QnSMC~g-0ZJXnv47qmTJ-wonECyIgOyZ80ubPwDOJFihvng__&Key-Pair-Id=K102FZ00QGPW3J","primary-copy","pdf","confirmed_download","open-access-green","other-oa","review","206","2026-08-04T09:14:14.700Z","OpenAlex: otevřený přístup (green). Přímý soubor ověřen přes source page; HTTP 206, application/pdf."
"DOI_10_3334_ornldaac_2389","PhenoCam Dataset v3.0: Vegetation Phenology from Digital Camera Imagery, 2000-2023","O. Zimmerman a kol.","2025","science","Studie","https://doi.org/10.3334/ORNLDAAC/2389","https://www.earthdata.nasa.gov/data/catalog/ornl-cloud-phenocam-v3-2389-3","https://d3o6w55j8uz1ro.cloudfront.net/s3-d0f68fa49c8cba12794bb586349f2341/ornl-cumulus-prod-public.s3.us-west-2.amazonaws.com/global_vegetation/PhenoCam_V3/comp/PhenoCam_V3.pdf?A-userid=None&Expires=1785838467&Signature=Rf8EaDJR8ygnZ63Vw0Je1LaP2BlaM0GXIS72PNQd8qA~m4rxYsNQa8dVHozbsNU-T4-X9uE~K0HfFKX8XPzBg0--AaozKO4LMv8J0V6on9jkJIsyALDOKeaeg9Fzys6QaW01s9j1Br82Am0Fcv6LBC8~ehsl2K5iHkRRjyMyjMW0p-SWrxgiUump7eMB7FIZPVIixcM9S7IvHfaxP~WfIrXxzZ1UbnLCPida0r4l2tYSS46Ptmxp6~t3VoX1JiwJzbVCXT6oDhXlczXhCWqvx2lCfFvRHBbpAB9XM5wcGrVaxzCq1adA5aXGPInjnrvLdF6YFKp9NPjdnbznUKq2VA__&Key-Pair-Id=K102FZ00QGPW3J","primary-copy","pdf","confirmed_download","open-access-green","other-oa","review","206","2026-08-04T09:14:14.750Z","OpenAlex: otevřený přístup (green). Přímý soubor ověřen přes source page; HTTP 206, application/pdf."
"WEB_Copernicus_regionalni_data_NetCDF_a6fb7ddf","regionální data NetCDF","Copernicus","2025","organization","Datový portál nebo soubor","https://climate.copernicus.eu/sites/default/files/custom-uploads/indicators-2025/sea-level/fig2_data.nc","https://climate.copernicus.eu/sites/default/files/custom-uploads/indicators-2025/sea-level/fig2_data.nc","https://climate.copernicus.eu/sites/default/files/custom-uploads/indicators-2025/sea-level/fig2_data.nc","primary-copy","netcdf","confirmed_download","public-direct-file","","review","206","2026-08-04T09:14:16.020Z","Adresa vrací přímo soubor; HTTP 206, application/octet-stream."
"WEB_NOAA_Sea_Ice_NOAA_Arctic_88643942","Sea Ice - NOAA Arctic","NOAA","2025","organization","Institucionální zdroj","https://arctic.noaa.gov/report-card/report-card-2025/sea-ice-2025/","https://arctic.noaa.gov/report-card/report-card-2025/sea-ice-2025/","","","","web_only","web-page","","not_applicable","200","2026-08-04T09:14:16.121Z","Stránka je dostupná, ale neobsahuje automaticky rozpoznatelný soubor ke stažení."
"DOI_10_15770_eum_saf_osi_0023","Sea Ice Concentration Climate Data Record Release 3.1 - Multimission","EUMETSAT OSI SAF","2025","science","Datový soubor","https://doi.org/10.15770/EUM_SAF_OSI_0023","https://doi.org/10.15770/eum_saf_osi_0023","","","","open_access_manual","open-access-green","cc-by","yes_with_attribution","206","2026-08-04T09:14:16.190Z","OpenAlex: otevřený přístup (green). Otevřený plný text je evidován, ale audit nepotvrdil stabilní přímou adresu souboru."
"WEB_Copernicus_Sea_ice_cover_for_September_2025_Copernicus_88c9834a","Sea ice cover for September 2025 | Copernicus","Copernicus","2025","organization","Institucionální zdroj","https://climate.copernicus.eu/sea-ice-cover-september-2025","https://climate.copernicus.eu/sea-ice-cover-september-2025","https://climate.copernicus.eu/sites/default/files/2025-10/C3S_Bulletin_seaice_202509_Fig1_timeseries_osisaf_monthly_sie_anomaly_ref19912020_arctic.pdf","linked-asset-needs-review","pdf","confirmed_download","public-file-linked-from-page","","review","206","2026-08-04T09:14:16.219Z","Na zdrojové stránce byl nalezen a ověřen soubor; HTTP 206, application/pdf."
"DOI_10_7265_a98x_0f50","Sea Ice Index, Version 4","Florence Fetterer a kol.","2025","science","Datový soubor","https://doi.org/10.7265/a98x-0f50","https://nsidc.org/data/g02135/versions/4","https://nsidc.org/sites/default/files/documents/user-guide/g02135-v004-userguide.pdf","primary-copy","pdf","confirmed_download","open-access-green","","review","206","2026-08-04T09:14:16.684Z","OpenAlex: otevřený přístup (green). Přímý soubor ověřen přes source page; HTTP 206, application/pdf."
"WEB_NASA_Sea_Level_Earth_Indicator_NASA_Science_07caffec","Sea Level - Earth Indicator - NASA Science","NASA","2025","organization","Institucionální zdroj","https://science.nasa.gov/earth/explore/earth-indicators/sea-leve/","https://science.nasa.gov/earth/explore/earth-indicators/sea-leve/","","","","web_only","web-page","","not_applicable","200","2026-08-04T09:14:16.720Z","Stránka je dostupná, ale neobsahuje automaticky rozpoznatelný soubor ke stažení."
"WEB_NASA_Sentinel_6B_Extends_Global_Ocean_Height_Record_N_4996a256","Sentinel-6B Extends Global Ocean Height Record - NASA Science","NASA","2025","organization","Institucionální zdroj","https://science.nasa.gov/science-research/earth-science/sentinel-6b-extends-global-ocean-height-record/","https://science.nasa.gov/science-research/earth-science/sentinel-6b-extends-global-ocean-height-record/","https://assets.science.nasa.gov/content/dam/science/esd/earth-observer/2020/Jan_Feb_2020_color_508_final.pdf","linked-asset-needs-review","pdf","confirmed_download","public-file-linked-from-page","","review","206","2026-08-04T09:14:16.754Z","Na zdrojové stránce byl nalezen a ověřen soubor; HTTP 206, application/pdf."
"WEB_NOAA_Terrestrial_Snow_Cover_NOAA_Arctic_33ece5d4","Terrestrial Snow Cover - NOAA Arctic","NOAA","2025","organization","Institucionální zdroj","https://arctic.noaa.gov/report-card/report-card-2025/terrestrial-snow-cover-2025/","https://arctic.noaa.gov/report-card/report-card-2025/terrestrial-snow-cover-2025/","","","","web_only","web-page","","not_applicable","200","2026-08-04T09:14:16.970Z","Stránka je dostupná, ale neobsahuje automaticky rozpoznatelný soubor ke stažení."
"DOI_10_1175_bams_d_25_0104_1","The Arctic","R. L. Thoman a kol.","2025","science","Studie","https://doi.org/10.1175/BAMS-D-25-0104.1","https://orbi.uliege.be/handle/2268/336298","https://orbi.uliege.be/bitstream/2268/336298/1/bams-BAMS-D-25-0104.1.pdf","primary-copy","pdf","confirmed_download","open-access-green","other-oa","review","200","2026-08-04T09:14:06.622Z","OpenAlex: otevřený přístup (green). Přímý soubor ověřen přes publication metadata; HTTP 200, application/pdf."
"DOI_10_5194_essd_17_6531_2025","Tracking vegetation phenology across diverse biomes using Version 3.0 of the PhenoCam Dataset","Adam M. Young a kol.","2025","science","Studie","https://doi.org/10.5194/essd-17-6531-2025","https://essd.copernicus.org/articles/17/6531/2025/","https://essd.copernicus.org/articles/17/6531/2025/essd-17-6531-2025.pdf","primary-copy","pdf","confirmed_download","open-access-gold","cc-by","yes_with_attribution","206","2026-08-04T09:14:17.454Z","OpenAlex: otevřený přístup (gold). Přímý soubor ověřen přes publication metadata; HTTP 206, application/pdf."
"2025_USCRN_Blue_Hill","USCRN Daily01: MA Blue Hill 0 W, denní data za rok 2025","NOAA National Centers for Environmental Information","2025","organization","Veřejný datový soubor","https://www.ncei.noaa.gov/pub/data/uscrn/products/daily01/2025/CRND0103-2025-MA_Blue_Hill_0_W.txt","https://www.ncei.noaa.gov/pub/data/uscrn/products/daily01/2025/CRND0103-2025-MA_Blue_Hill_0_W.txt","https://www.ncei.noaa.gov/pub/data/uscrn/products/daily01/2025/CRND0103-2025-MA_Blue_Hill_0_W.txt","primary-copy","txt","confirmed_download","public-direct-file","","review","206","2026-08-04T09:12:32.054Z","Adresa vrací přímo soubor; HTTP 206, text/plain."
"WEB_World_Meteorological_Organiz_WMO_Greenhouse_Gas_Bulletin_No_21_d093105c","WMO Greenhouse Gas Bulletin - No. 21","World Meteorological Organization","2025","organization","Institucionální zdroj","https://wmo.int/resources/publication-series/greenhouse-gas-bulletin/wmo-greenhouse-gas-bulletin-no-21","https://wmo.int/resources/publication-series/greenhouse-gas-bulletin/wmo-greenhouse-gas-bulletin-no-21","","","","web_only","web-page","","not_applicable","206","2026-08-04T09:14:18.057Z","Stránka je dostupná, ale neobsahuje automaticky rozpoznatelný soubor ke stažení."
"WEB_NOAA_A_primer_on_pH_d5a1e990","A primer on pH","NOAA","2026","organization","Institucionální zdroj","https://www.pmel.noaa.gov/co2/story/A%2Bprimer%2Bon%2BpH","https://www.pmel.noaa.gov/co2/story/A%2Bprimer%2Bon%2BpH","","","","web_only","web-page","","not_applicable","200","2026-08-04T09:14:18.669Z","Stránka je dostupná, ale neobsahuje automaticky rozpoznatelný soubor ke stažení."
"DOI_10_1038_s41598_026_43863_4","A systematic bias in float pH leads to overestimation of derived pCO₂ and underestimation of carbon uptake by the Southern Ocean","Chuqing Zhang a kol.","2026","science","Studie","https://doi.org/10.1038/s41598-026-43863-4","https://doi.org/10.1038/s41598-026-43863-4","https://eprints.soton.ac.uk/510923/1/41598_2026_43863_Author_1_.pdf","primary-copy","pdf","confirmed_download","open-access-gold","other-oa","review","206","2026-08-04T09:14:55.385Z","OpenAlex: otevřený přístup (gold). Přímý soubor ověřen přes OpenAlex; HTTP 206, application/pdf."
"WEB_U_S_Geological_Survey_Ablation_Stake_on_Wolverine_Glacier_276f80c5","Ablation Stake on Wolverine Glacier","U.S. Geological Survey","2026","organization","Obrazový zdroj","https://www.usgs.gov/media/images/ablation-stake-wolverine-glacier","https://www.usgs.gov/media/images/ablation-stake-wolverine-glacier","","","","web_only","web-page","public-domain-claim","not_applicable","200","2026-08-04T09:14:18.804Z","Stránka je dostupná, ale neobsahuje automaticky rozpoznatelný soubor ke stažení."
"DOI_10_5904_wgms_amce_2026_02_10","Annual mass-change estimates for the world's glaciers","World Glacier Monitoring Service","2026","science","Datový soubor","https://doi.org/10.5904/wgms-amce-2026-02-10","https://doi.org/10.5904/wgms-amce-2026-02-10","","","","open_access_manual","open-access-green","","review","200","2026-08-04T09:14:19.462Z","OpenAlex: otevřený přístup (green). Otevřený plný text je evidován, ale audit nepotvrdil stabilní přímou adresu souboru."
"WEB_National_Snow_and_Ice_Data_C_Arctic_sea_ice_record_low_maximum_strikes_again_20554b0e","Arctic sea ice record low maximum strikes again | National Snow and Ice Data Center","National Snow and Ice Data Center","2026","organization","Datový portál nebo soubor","https://nsidc.org/ru/node/431729","https://nsidc.org/ru/node/431729","","","","manual_data_download","data-portal","","review","200","2026-08-04T09:14:20.081Z","Zdroj je dostupný datový portál, ale konkrétní soubor vyžaduje výběr dat nebo ruční export."
"WEB_International_Argo_Program_Biogeochemical_Argo_e740e98e","Biogeochemical Argo","International Argo Program","2026","organization","Institucionální zdroj","https://biogeochemical-argo.org/measured-variables-ph.php","https://biogeochemical-argo.org/measured-variables-ph.php","","","","web_only","web-page","","not_applicable","200","2026-08-04T09:14:20.625Z","Stránka je dostupná, ale neobsahuje automaticky rozpoznatelný soubor ke stažení."
"WEB_International_Argo_Program_Biogeochemical_Argo_cf88bda9","Biogeochemical Argo","International Argo Program","2026","organization","Datový portál nebo soubor","https://biogeochemical-argo.org/data-access.php","https://biogeochemical-argo.org/data-access.php","","","","manual_data_download","data-portal","","review","206","2026-08-04T09:14:20.798Z","Zdroj je dostupný datový portál, ale konkrétní soubor vyžaduje výběr dat nebo ruční export."
"WEB_NOAA_Carbon_Cycle_Greenhouse_Gases_NOAA_Global_Monito_611ed2c8","Carbon Cycle Greenhouse Gases - NOAA Global Monitoring Laboratory","NOAA","2026","organization","Institucionální zdroj","https://gml.noaa.gov/ccgg/flask.html","https://gml.noaa.gov/ccgg/flask.html","","","","web_only","web-page","","not_applicable","200","2026-08-04T09:14:20.930Z","Stránka je dostupná, ale neobsahuje automaticky rozpoznatelný soubor ke stažení."
"WEB_NOAA_Carbon_Cycle_Greenhouse_Gases_NOAA_Global_Monito_66691a03","Carbon Cycle Greenhouse Gases - NOAA Global Monitoring Laboratory","NOAA","2026","organization","Institucionální zdroj","https://gml.noaa.gov/ccgg/about/co2_measurements.html","https://gml.noaa.gov/ccgg/about/co2_measurements.html","","","","web_only","web-page","","not_applicable","200","2026-08-04T09:14:20.963Z","Stránka je dostupná, ale neobsahuje automaticky rozpoznatelný soubor ke stažení."
"WEB_NOAA_Carbon_Cycle_Greenhouse_Gases_NOAA_Global_Monito_f7a76e45","Carbon Cycle Greenhouse Gases - NOAA Global Monitoring Laboratory","NOAA","2026","organization","Datový portál nebo soubor","https://gml.noaa.gov/ccgg/data/getdata.php?gas=co2","https://gml.noaa.gov/ccgg/data/getdata.php?gas=co2","","","","manual_data_download","data-portal","","review","200","2026-08-04T09:14:21.560Z","Zdroj je dostupný datový portál, ale konkrétní soubor vyžaduje výběr dat nebo ruční export."
"WEB_NOAA_Center_for_Satellite_Applications_and_Research_N_c3fa6ee2","Center for Satellite Applications and Research - NOAA / NESDIS / STAR","NOAA","2026","organization","Datový portál nebo soubor","https://www.star.nesdis.noaa.gov/smcd/emb/mscat/products.php","https://www.star.nesdis.noaa.gov/smcd/emb/mscat/products.php","","","","manual_data_download","data-portal","","review","200","2026-08-04T09:14:21.779Z","Zdroj je dostupný datový portál, ale konkrétní soubor vyžaduje výběr dat nebo ruční export."
"WEB_NOAA_Center_for_Satellite_Applications_and_Research_N_aabcb47e","Center for Satellite Applications and Research - NOAA / NESDIS / STAR","NOAA","2026","organization","Institucionální zdroj","https://www.star.nesdis.noaa.gov/smcd/emb/mscat/introduction.php","https://www.star.nesdis.noaa.gov/smcd/emb/mscat/introduction.php","","","","web_only","web-page","","not_applicable","200","2026-08-04T09:14:22.097Z","Stránka je dostupná, ale neobsahuje automaticky rozpoznatelný soubor ke stažení."
"WEB_National_Snow_and_Ice_Data_C_Circumpolar_Active_Layer_Monitoring_CALM_Program_28cfbc3c","Circumpolar Active Layer Monitoring (CALM) Program Network, Version 1 | National Snow and Ice Data Center","National Snow and Ice Data Center","2026","organization","Datový portál nebo soubor","https://nsidc.org/data/ggd313/versions/1","https://nsidc.org/data/ggd313/versions/1","","","","manual_data_download","data-portal","","review","200","2026-08-04T09:14:22.400Z","Zdroj je dostupný datový portál, ale konkrétní soubor vyžaduje výběr dat nebo ruční export."
"WEB_International_Permafrost_Ass_Circumpolar_Active_Layer_Monitoring_Network_CALM_34543ac5","Circumpolar Active Layer Monitoring Network (CALM) - International Permafrost Association","International Permafrost Association","2026","organization","Datový portál nebo soubor","https://www.permafrost.org/data/circumpolar-active-layer-monitoring-network-calm/","https://www.permafrost.org/data/circumpolar-active-layer-monitoring-network-calm/","","","","manual_data_download","data-portal","","review","200","2026-08-04T09:14:22.517Z","Zdroj je dostupný datový portál, ale konkrétní soubor vyžaduje výběr dat nebo ruční export."
"WEB_NOAA_ClimateDashboard_atmospheric_carbon_dioxide_imag_5eb9863d","ClimateDashboard-atmospheric-carbon-dioxide-image-paleo-20250428-1400px.png","NOAA","2026","organization","Obrazový zdroj","https://prod-01-asg-www-climate.woc.noaa.gov/media/16929","https://prod-01-asg-www-climate.woc.noaa.gov/media/16929","https://prod-01-asg-www-climate.woc.noaa.gov/sites/default/files/2025-04/ClimateDashboard-atmospheric-carbon-dioxide-image-paleo-20250428-1400px.png","primary-copy","png","confirmed_download","public-file-linked-from-page","","review","206","2026-08-04T09:14:22.846Z","Na zdrojové stránce byl nalezen a ověřen soubor; HTTP 206, image/png."
"WEB_Permanent_Service_for_Mean_S_Complete_PSMSL_Data_Set_05055002","Complete PSMSL Data Set","Permanent Service for Mean Sea Level","2026","organization","Datový portál nebo soubor","https://psmsl.org/data/obtaining/complete.php","https://psmsl.org/data/obtaining/complete.php","","","","manual_data_download","data-portal","","review","200","2026-08-04T09:14:23.247Z","Zdroj je dostupný datový portál, ale konkrétní soubor vyžaduje výběr dat nebo ruční export."
"WEB_Smithsonian_Institution_Danielluv_vlhkomer_Smithsonian_fe197e61","Daniellův vlhkoměr, Smithsonian","Smithsonian Institution","2026","organization","Institucionální zdroj","https://americanhistory.si.edu/collections/nmah_1184206","https://americanhistory.si.edu/collections/nmah_1184206","","","","web_only","browser-verified-web-page","","not_applicable","","2026-08-04T09:19:25.669Z","Muzejní záznam je veřejný; Smithsonian u fotografie výslovně uvádí omezení dalšího použití."
"WEB_Permanent_Service_for_Mean_S_Data_and_Station_Information_for_STOCKHOLM_52369772","Data and Station Information for STOCKHOLM","Permanent Service for Mean Sea Level","2026","organization","Datový portál nebo soubor","https://psmsl.org/data/obtaining/stations/78.php","https://psmsl.org/data/obtaining/stations/78.php","","","","manual_data_download","data-portal","","review","200","2026-08-04T09:14:23.387Z","Zdroj je dostupný datový portál, ale konkrétní soubor vyžaduje výběr dat nebo ruční export."
"WEB_International_Argo_Program_Data_from_GDACs_b2737bdf","Data from GDACs","International Argo Program","2026","organization","Datový portál nebo soubor","https://argo.ucsd.edu/data/data-from-gdacs/","https://argo.ucsd.edu/data/data-from-gdacs/","","","","manual_data_download","data-portal","","review","200","2026-08-04T09:14:23.576Z","Zdroj je dostupný datový portál, ale konkrétní soubor vyžaduje výběr dat nebo ruční export."
"WEB_berkeleyearth_org_Data_Overview_Berkeley_Earth_b889a1aa","Data Overview - Berkeley Earth","Berkeley Earth","2026","organization","Datový portál nebo soubor","https://berkeleyearth.org/data/","https://berkeleyearth.org/data/","https://berkeley-earth-wp-offload.storage.googleapis.com/wp-content/uploads/2022/12/03232411/skeptics-guide-to-climate-change-1.pdf","linked-asset-needs-review","pdf","confirmed_download","public-file-linked-from-page","cc-by-nc-4.0","yes_with_conditions","206","2026-08-04T09:14:23.766Z","Na zdrojové stránce byl nalezen a ověřen soubor; HTTP 206, application/pdf."
"WEB_NASA_Data_GISS_GISS_Surface_Temperature_Analysis_GIST_4f73fdd3","Data.GISS: GISS Surface Temperature Analysis (GISTEMP v4): Data Downloads","NASA","2026","organization","Datový portál nebo soubor","https://data.giss.nasa.gov/gistemp/data_v4.html","https://data.giss.nasa.gov/gistemp/data_v4.html","https://data.giss.nasa.gov/pub/gistemp/gistemp250_GHCNv4.nc.gz","primary-data-file","gzip","confirmed_download","public-file-linked-from-page","","review","206","2026-08-04T09:14:24.062Z","Na zdrojové stránce byl nalezen a ověřen soubor; HTTP 206, application/x-gzip."
"WEB_NASA_Data_GISS_GISTEMP_Uncertainty_Analysis_Observati_77ee7299","Data.GISS: GISTEMP Uncertainty Analysis: Observational Uncertainty Ensemble","NASA","2026","organization","Datový portál nebo soubor","https://data.giss.nasa.gov/gistemp/uncertainty/","https://data.giss.nasa.gov/gistemp/uncertainty/","","","","manual_data_download","data-portal","","review","200","2026-08-04T09:14:24.304Z","Zdroj je dostupný datový portál, ale konkrétní soubor vyžaduje výběr dat nebo ruční export."
"WEB_NASA_Data_GISS_Surface_Temperature_Animations_34f35b4b","Data.GISS: Surface Temperature: Animations","NASA","2026","organization","Datový portál nebo soubor","https://data.giss.nasa.gov/gistemp/animations/","https://data.giss.nasa.gov/gistemp/animations/","","","","manual_data_download","data-portal","","review","200","2026-08-04T09:14:24.608Z","Zdroj je dostupný datový portál, ale konkrétní soubor vyžaduje výběr dat nebo ruční export."
"WEB_World_Glacier_Monitoring_Ser_database_versions_world_glacier_monitoring_servi_ccf7faf7","database versions – world glacier monitoring service","World Glacier Monitoring Service","2026","organization","Datový portál nebo soubor","https://wgms.ch/data_databaseversions/","https://wgms.ch/data_databaseversions/","","","","manual_data_download","data-portal","","review","200","2026-08-04T09:14:24.986Z","Zdroj je dostupný datový portál, ale konkrétní soubor vyžaduje výběr dat nebo ruční export."
"WEB_pep725_eu_Dataset_PEP725_5a0c6dbb","Dataset - PEP725","Pan European Phenology Project (PEP725)","2026","organization","Datový portál nebo soubor","https://pep725.eu/dataset/","https://pep725.eu/dataset/","https://pep725.geosphere.at/wp-content/uploads/2026/03/PEP725_Sample.zip","linked-asset-needs-review","zip","confirmed_download","public-file-linked-from-page","","review","206","2026-08-04T09:14:25.273Z","Na zdrojové stránce byl nalezen a ověřen soubor; HTTP 206, application/zip."
"WEB_NOAA_Day_1_Images_from_the_field_NOAA_Ocean_Acidifica_0193e647","Day 1: Images from the field - NOAA Ocean Acidification Program","NOAA","2026","organization","Obrazový zdroj","https://oceanacidification.noaa.gov/day-1-images-from-the-field-wcoa2026/","https://oceanacidification.noaa.gov/day-1-images-from-the-field-wcoa2026/","","","","web_only","web-page","","not_applicable","200","2026-08-04T09:14:25.306Z","Stránka je dostupná, ale neobsahuje automaticky rozpoznatelný soubor ke stažení."
"WEB_Creative_Commons_Deed_Attribution_4_0_International_Creative_Comm_f3dd853d","Deed - Attribution 4.0 International - Creative Commons","Creative Commons","2026","organization","Licenční podmínky","https://creativecommons.org/licenses/by/4.0/","https://creativecommons.org/licenses/by/4.0/","","","","web_only","web-page","cc-by-4.0","not_applicable","206","2026-08-04T09:14:25.379Z","Stránka je dostupná, ale neobsahuje automaticky rozpoznatelný soubor ke stažení."
"WEB_Deutscher_Wetterdienst_Download_GPCC_Products_7b2ee25a","Download GPCC Products","Deutscher Wetterdienst","2026","organization","Datový portál nebo soubor","https://opendata.dwd.de/climate_environment/GPCC/html/download_gate.html","https://opendata.dwd.de/climate_environment/GPCC/html/download_gate.html","","","","manual_data_download","data-portal","","review","206","2026-08-04T09:14:25.455Z","Zdroj je dostupný datový portál, ale konkrétní soubor vyžaduje výběr dat nebo ruční export."
"WEB_Copernicus_E_OBS_data_access_94a6a7b1","E-OBS data access","Copernicus","2026","organization","Datový portál nebo soubor","https://surfobs.climate.copernicus.eu/dataaccess/access_eobs.php","https://surfobs.climate.copernicus.eu/dataaccess/access_eobs.php","","","","manual_data_download","data-portal","cc0-or-public-domain","review","200","2026-08-04T09:14:25.591Z","Zdroj je dostupný datový portál, ale konkrétní soubor vyžaduje výběr dat nebo ruční export."
"WEB_Copernicus_E_OBS_indices_access_f0afe507","E-OBS indices access","Copernicus","2026","organization","Datový portál nebo soubor","https://surfobs.climate.copernicus.eu/dataaccess/access_eobs_indices.php","https://surfobs.climate.copernicus.eu/dataaccess/access_eobs_indices.php","","","","manual_data_download","data-portal","cc0-or-public-domain","review","200","2026-08-04T09:14:25.850Z","Zdroj je dostupný datový portál, ale konkrétní soubor vyžaduje výběr dat nebo ruční export."
"WEB_NOAA_Education_Behind_The_Scenes_NOAA_GML_2bef52ec","Education - Behind The Scenes NOAA GML","NOAA","2026","organization","Institucionální zdroj","https://gml.noaa.gov/ccgg/behind_the_scenes/surface.html","https://gml.noaa.gov/ccgg/behind_the_scenes/surface.html","","","","web_only","web-page","","not_applicable","200","2026-08-04T09:14:26.172Z","Stránka je dostupná, ale neobsahuje automaticky rozpoznatelný soubor ke stažení."
"DOI_10_5194_essd_18_1729_2026","Elevation change of the Greenland Ice Sheet and its peripheral glaciers: 1992–2023","Johan Nilsson a Alex S. Gardner","2026","science","Studie","https://doi.org/10.5194/essd-18-1729-2026","https://doi.org/10.5194/essd-18-1729-2026","https://essd.copernicus.org/articles/18/1729/2026/essd-18-1729-2026.pdf","primary-copy","pdf","confirmed_download","open-access-gold","cc-by","yes_with_attribution","206","2026-08-04T09:14:36.285Z","OpenAlex: otevřený přístup (gold). Přímý soubor ověřen přes OpenAlex; HTTP 206, application/pdf."
"DOI_10_5904_wgms_fog_2026_02_10","Fluctuations of Glaciers (FoG) Database","World Glacier Monitoring Service","2026","science","Datový soubor","https://doi.org/10.5904/wgms-fog-2026-02-10","https://doi.org/10.5904/wgms-fog-2026-02-10","","","","open_access_manual","open-access-green","","review","200","2026-08-04T09:14:26.214Z","OpenAlex: otevřený přístup (green). Otevřený plný text je evidován, ale audit nepotvrdil stabilní přímou adresu souboru."
"WEB_GitHub_GitHub_fmidev_GlobSnow3_0_1859ddbe","GitHub - fmidev/GlobSnow3.0","GitHub","2026","organization","Zdrojový kód","https://github.com/fmidev/GlobSnow3.0","https://github.com/fmidev/GlobSnow3.0","https://codeload.github.com/fmidev/GlobSnow3.0/zip/refs/heads/master","primary-source-archive","zip","confirmed_download","public-source-code-archive","","review","200","2026-08-04T09:14:26.230Z","Veřejný repozitář lze stáhnout jako archiv zdrojového kódu."
"WEB_GitHub_GitHub_thomasfrederikse_sealevelbudget_20c_4d484230","GitHub - thomasfrederikse/sealevelbudget_20c","GitHub","2026","organization","Zdrojový kód","https://github.com/thomasfrederikse/sealevelbudget_20c","https://github.com/thomasfrederikse/sealevelbudget_20c","https://codeload.github.com/thomasfrederikse/sealevelbudget_20c/zip/refs/heads/master","primary-source-archive","zip","confirmed_download","public-source-code-archive","","review","200","2026-08-04T09:14:26.671Z","Veřejný repozitář lze stáhnout jako archiv zdrojového kódu."
"WEB_Copernicus_Glaciers_Copernicus_5ae74590","Glaciers | Copernicus","Copernicus","2026","organization","Institucionální zdroj","https://climate.copernicus.eu/climate-indicators/glaciers","https://climate.copernicus.eu/climate-indicators/glaciers","https://climate.copernicus.eu/sites/default/files/custom-uploads/indicators-2025/glaciers/fig1.pdf","linked-asset-needs-review","pdf","confirmed_download","public-file-linked-from-page","","review","206","2026-08-04T09:14:26.801Z","Na zdrojové stránce byl nalezen a ověřen soubor; HTTP 206, application/pdf."
"WEB_glims_org_GLIMS_Glacier_Database_2d3c95bb","GLIMS Glacier Database","Global Land Ice Measurements from Space (GLIMS)","2026","organization","Datový portál nebo soubor","https://www.glims.org/glacierdata/","https://www.glims.org/glacierdata/","","","","manual_data_download","data-portal","","review","200","2026-08-04T09:14:26.963Z","Zdroj je dostupný datový portál, ale konkrétní soubor vyžaduje výběr dat nebo ruční export."
"DOI_10_1038_s43017_026_00777_z","Global glacier mass change in 2025","The WGMS Network a kol.","2026","science","Studie","https://doi.org/10.1038/s43017-026-00777-z","https://hdl.handle.net/20.500.11820/55d91323-64c4-429c-880c-8e6c8664fa39","","","","open_access_manual","open-access-green","cc-by","yes_with_attribution","200","2026-08-04T09:14:27.238Z","OpenAlex: otevřený přístup (green). Otevřený plný text je evidován, ale audit nepotvrdil stabilní přímou adresu souboru."
"WEB_Copernicus_Global_Ocean_acidification_mean_sea_water_pH_tim_ea6b73d8","Global Ocean acidification - mean sea water pH time series and trend from Multi-Observations Reprocessing","Copernicus","2026","organization","Datový portál nebo soubor","https://data.marine.copernicus.eu/product/GLOBAL_OMI_HEALTH_carbon_ph_area_averaged/description","https://data.marine.copernicus.eu/product/GLOBAL_OMI_HEALTH_carbon_ph_area_averaged/description","","","","manual_data_download","data-portal","","review","200","2026-08-04T09:14:27.310Z","Zdroj je dostupný datový portál, ale konkrétní soubor vyžaduje výběr dat nebo ruční export."
"WEB_International_Permafrost_Ass_Global_Terrestrial_Network_for_Permafrost_GTN_P_f5ca4a29","Global Terrestrial Network for Permafrost (GTN-P) DATA PLATFORM","International Permafrost Association","2026","organization","Datový portál nebo soubor","https://data.gtn-p.org/","https://data.gtn-p.org/","","","","manual_data_download","data-portal","","review","200","2026-08-04T09:14:27.344Z","Zdroj je dostupný datový portál, ale konkrétní soubor vyžaduje výběr dat nebo ruční export."
"WEB_Copernicus_Graphics_Gallery_Copernicus_4a265eb8","Graphics Gallery | Copernicus","Copernicus","2026","organization","Obrazový zdroj","https://climate.copernicus.eu/GCH2025-graphics-gallery","https://climate.copernicus.eu/GCH2025-graphics-gallery","https://climate.copernicus.eu/sites/default/files/custom-uploads/GCH-2025/fig1/GCH2025_Fig1_distribution_daily_global_temperature_anomalies_preindustrial.pdf","primary-copy","pdf","confirmed_download","public-file-linked-from-page","","review","206","2026-08-04T09:14:27.426Z","Na zdrojové stránce byl nalezen a ověřen soubor; HTTP 206, application/pdf."
"WEB_Copernicus_Gravimetric_mass_balance_data_for_the_Antarctic_cc600157","Gravimetric mass balance data for the Antarctic and Greenland ice sheets derived from satellite observations","Copernicus","2026","organization","Metodická dokumentace","https://cds.climate.copernicus.eu/datasets/satellite-ice-sheet-mass-balance?tab=documentation","https://cds.climate.copernicus.eu/datasets/satellite-ice-sheet-mass-balance?tab=documentation","","","","manual_data_download","browser-verified-data-portal","","review","","2026-08-04T09:19:25.671Z","Datový portál Copernicus je veřejný; konkrétní soubory vyžadují výběr dat nebo použití API."
"WEB_U_S_Geological_Survey_Grinnell_Glacier_Pair_248d244b","Grinnell Glacier Pair","U.S. Geological Survey","2026","organization","Obrazový zdroj","https://www.usgs.gov/media/images/grinnell-glacier-pair","https://www.usgs.gov/media/images/grinnell-glacier-pair","https://d9-wret.s3.us-west-2.amazonaws.com/assets/palladium/production/s3fs-public/thumbnails/image/Grinnell_mtGould_38_19-Pair.jpg","primary-copy","jpg","confirmed_download","public-file-linked-from-page","public-domain-claim","yes","206","2026-08-04T09:14:27.501Z","Na zdrojové stránce byl nalezen a ověřen soubor; HTTP 206, image/jpeg."
"WEB_gruan_org_GRUAN_Homepage_Data_products_a7fb1534","GRUAN Homepage: Data products","GCOS Reference Upper-Air Network (GRUAN)","2026","organization","Datový portál nebo soubor","https://www.gruan.org/data/data-products","https://www.gruan.org/data/data-products","","","","manual_data_download","data-portal","","review","200","2026-08-04T09:14:27.533Z","Zdroj je dostupný datový portál, ale konkrétní soubor vyžaduje výběr dat nebo ruční export."
"WEB_NASA_Guidelines_for_using_NASA_Images_and_Media_Guide_e6f9e9e4","Guidelines for using NASA Images and Media Guidelines","NASA","2026","organization","Obrazový zdroj","https://www.nasa.gov/nasa-brand-center/images-and-media/","https://www.nasa.gov/nasa-brand-center/images-and-media/","","","","web_only","web-page","public-domain-claim","not_applicable","200","2026-08-04T09:14:27.619Z","Stránka je dostupná, ale neobsahuje automaticky rozpoznatelný soubor ke stažení."
"WEB_NASA_Happy_30th_Anniversary_to_TOPEX_Poseidon_Ocean_S_16a22cc4","Happy 30th Anniversary to TOPEX/Poseidon! – Ocean Surface Topography from Space","NASA","2026","organization","Institucionální zdroj","https://sealevel.jpl.nasa.gov/news/1596/happy-30th-anniversary-to-topexposeidon/","https://sealevel.jpl.nasa.gov/news/1596/happy-30th-anniversary-to-topexposeidon/","https://sealevel.jpl.nasa.gov/rails/active_storage/disk/eyJfcmFpbHMiOnsibWVzc2FnZSI6IkJBaDdDVG9JYTJWNVNTSWhjSGh1WW5WdGQydHJZbXhyWTJKbmVEZHhOemwzTVc1dmJIcDNjUVk2QmtWVU9oQmthWE53YjNOcGRHbHZia2tpVTJsdWJHbHVaVHNnWm1sc1pXNWhiV1U5SWxSUUxUTXdkR2d0UVc1dWFYWXRWalF1Y0dSbUlqc2dabWxzWlc1aGJXVXFQVlZVUmkwNEp5ZFVVQzB6TUhSb0xVRnVibWwyTFZZMExuQmtaZ1k3QmxRNkVXTnZiblJsYm5SZmRIbHdaVWtpRkdGd2NHeHBZMkYwYVc5dUwzQmtaZ1k3QmxRNkVYTmxjblpwWTJWZmJtRnRaVG9LYkc5allXdz0iLCJleHAiOm51bGwsInB1ciI6ImJsb2Jfa2V5In19--9ba0a107c49b57017eed88b765168f9d4028fdc0/TP-30th-Anniv-V4.pdf","linked-asset-needs-review","pdf","confirmed_download","public-file-linked-from-page","","review","206","2026-08-04T09:14:27.686Z","Na zdrojové stránce byl nalezen a ověřen soubor; HTTP 206, application/pdf."
"WEB_Cesky_hydrometeorologicky_us_Historicka_stanice_Klementinum_34332b46","Historická stanice Klementinum","Český hydrometeorologický ústav","2026","organization","Datový portál nebo soubor","https://www.chmi.cz/namerena-data/historicka-data/klementinum","https://www.chmi.cz/namerena-data/historicka-data/klementinum","","","","manual_data_download","data-portal","cc-by-4.0/deed.cs","review","206","2026-08-04T09:14:27.766Z","Zdroj je dostupný datový portál, ale konkrétní soubor vyžaduje výběr dat nebo ruční export."
"WEB_hahana_soest_hawaii_edu_HOT_the_Hawaii_Ocean_Time_series_d7da8037","HOT : the Hawaii Ocean Time-series","Hawaii Ocean Time-series (HOT)","2026","organization","Institucionální zdroj","https://hahana.soest.hawaii.edu/hot/","https://hahana.soest.hawaii.edu/hot/","","","","web_only","web-page","","not_applicable","200","2026-08-04T09:14:27.939Z","Stránka je dostupná, ale neobsahuje automaticky rozpoznatelný soubor ke stažení."
"WEB_International_Argo_Program_How_do_floats_work_a29220d7","How do floats work","International Argo Program","2026","organization","Institucionální zdroj","https://argo.ucsd.edu/how-do-floats-work/","https://argo.ucsd.edu/how-do-floats-work/","","","","web_only","web-page","","not_applicable","200","2026-08-04T09:14:28.406Z","Stránka je dostupná, ale neobsahuje automaticky rozpoznatelný soubor ke stažení."
"WEB_NASA_How_do_satellites_measure_sea_level_change_NASA_702bb114","How do satellites measure sea-level change? – NASA Sea Level Change Portal","NASA","2026","organization","Datový portál nebo soubor","https://sealevel.nasa.gov/faq/19/how-do-satellites-measure-sea-level-change/","https://sealevel.nasa.gov/faq/19/how-do-satellites-measure-sea-level-change/","","","","manual_data_download","data-portal","","review","200","2026-08-04T09:14:28.868Z","Zdroj je dostupný datový portál, ale konkrétní soubor vyžaduje výběr dat nebo ruční export."
"WEB_NASA_How_GRACE_FO_Measures_Gravity_GRACE_FO_3fe022bf","How GRACE-FO Measures Gravity – GRACE-FO","NASA","2026","organization","Institucionální zdroj","https://gracefo.jpl.nasa.gov/resources/50/how-grace-fo-measures-gravity/","https://gracefo.jpl.nasa.gov/resources/50/how-grace-fo-measures-gravity/","","","","web_only","web-page","","not_applicable","200","2026-08-04T09:14:29.091Z","Stránka je dostupná, ale neobsahuje automaticky rozpoznatelný soubor ke stažení."
"2026_Argo_Data","How to Use Argo Profile Files","Argo Data Management Team","2026","organization","Datová dokumentace","https://argo.ucsd.edu/data/how-to-use-argo-files/","https://argo.ucsd.edu/data/how-to-use-argo-files/","","","","manual_data_download","data-portal","","review","200","2026-08-04T09:12:32.538Z","Zdroj je dostupný datový portál, ale konkrétní soubor vyžaduje výběr dat nebo ruční export."
"WEB_Met_Office_How_we_measure_rainfall_c533bcf6","How we measure rainfall","Met Office","2026","organization","Metodická dokumentace","https://weather.metoffice.gov.uk/guides/observations/how-we-measure-rainfall","https://weather.metoffice.gov.uk/guides/observations/how-we-measure-rainfall","","","","web_only","web-page","","not_applicable","206","2026-08-04T09:14:29.619Z","Stránka je dostupná, ale neobsahuje automaticky rozpoznatelný soubor ke stažení."
"WEB_Intergovernmental_Panel_on_C_Chapter_2_Changing_State_of_the_Climate_System_9c4e122d","Chapter 2: Changing State of the Climate System","Intergovernmental Panel on Climate Change","2026","organization","Institucionální zdroj","https://www.ipcc.ch/report/ar6/wg1/chapter/chapter-2/","https://www.ipcc.ch/report/ar6/wg1/chapter/chapter-2/","","","","web_only","web-page","","not_applicable","206","2026-08-04T09:14:29.721Z","Stránka je dostupná, ale neobsahuje automaticky rozpoznatelný soubor ke stažení."
"DOI_10_57760_sciencedb_35026","IAP ocean temperature and ocean heat content data","Lijing Cheng a Yuying Pan","2026","science","Datový soubor","https://doi.org/10.57760/sciencedb.35026","https://doi.org/10.57760/sciencedb.35026","","","","open_access_manual","open-access-green","cc-by","yes_with_attribution","200","2026-08-04T09:14:29.808Z","OpenAlex: otevřený přístup (green). Otevřený plný text je evidován, ale audit nepotvrdil stabilní přímou adresu souboru."
"WEB_GitHub_IMBIE_b7c56ec3","IMBIE","GitHub","2026","organization","Zdrojový kód","https://github.com/IMBIE","https://github.com/IMBIE","","","","web_only","web-page","","not_applicable","206","2026-08-04T09:14:30.118Z","Stránka je dostupná, ale neobsahuje automaticky rozpoznatelný soubor ke stažení."
"WEB_imbie_org_imbie_org_e2c3f887","imbie.org","Ice Sheet Mass Balance Inter-comparison Exercise (IMBIE)","2026","organization","Datový portál nebo soubor","https://imbie.org/data-downloads/","https://imbie.org/data-downloads/","https://imbie.org/wp-content/uploads/2012/11/imbie_dataset_greenland_dynamics-2020_02_28.xlsx","linked-asset-needs-review","xlsx","confirmed_download","public-file-linked-from-page","","review","206","2026-08-04T09:14:30.196Z","Na zdrojové stránce byl nalezen a ověřen soubor; HTTP 206, application/vnd.openxmlformats-officedocument.spreadsheetml.sheet."
"WEB_NASA_IMERG_Integrated_Multi_satellitE_Retrievals_for_6df632f1","IMERG: Integrated Multi-satellitE Retrievals for GPM | NASA Global Precipitation Measurement Mission","NASA","2026","organization","Datový portál nebo soubor","https://gpm.nasa.gov/data/imerg","https://gpm.nasa.gov/data/imerg","https://pps.gsfc.nasa.gov/Documents/README.GIS.pdf","linked-asset-needs-review","pdf","confirmed_download","public-file-linked-from-page","","review","206","2026-08-04T09:14:30.478Z","Na zdrojové stránce byl nalezen a ověřen soubor; HTTP 206, application/pdf."
"WEB_National_Snow_and_Ice_Data_C_IMS_Daily_Northern_Hemisphere_Snow_and_Ice_Analy_254b6e7e","IMS Daily Northern Hemisphere Snow and Ice Analysis at 1 km, 4 km, and 24 km Resolutions, Version 1 | National Snow and Ice Data Center","National Snow and Ice Data Center","2026","organization","Datový portál nebo soubor","https://nsidc.org/data/g02156/versions/1","https://nsidc.org/data/g02156/versions/1","https://nsidc.org/sites/default/files/g02156-v001-userguide_1_1.pdf","linked-asset-needs-review","pdf","confirmed_download","public-file-linked-from-page","","review","206","2026-08-04T09:14:30.723Z","Na zdrojové stránce byl nalezen a ověřen soubor; HTTP 206, application/pdf."
"WEB_NOAA_Index_of_data_global_historical_climatology_netw_09a19f6a","Index of /data/global-historical-climatology-network-daily/access/","NOAA","2026","organization","Datový portál nebo soubor","https://www.ncei.noaa.gov/data/global-historical-climatology-network-daily/access/","https://www.ncei.noaa.gov/data/global-historical-climatology-network-daily/access/","","","","manual_data_download","browser-verified-data-portal","","review","","2026-08-04T09:19:25.673Z","Veřejný adresář NOAA obsahuje soubory GHCN-Daily; při hromadné kontrole pouze vypršel čas požadavku."
"WEB_NOAA_Index_of_data_global_precipitation_climatology_p_78929739","Index of /data/global-precipitation-climatology-project-gpcp-monthly/access/","NOAA","2026","organization","Datový portál nebo soubor","https://www.ncei.noaa.gov/data/global-precipitation-climatology-project-gpcp-monthly/access/","https://www.ncei.noaa.gov/data/global-precipitation-climatology-project-gpcp-monthly/access/","","","","manual_data_download","data-portal","","review","200","2026-08-04T09:14:31.618Z","Zdroj je dostupný datový portál, ale konkrétní soubor vyžaduje výběr dat nebo ruční export."
"WEB_nsstc_uah_edu_Index_of_data_msu_9b9f4900","Index of /data/msu","University of Alabama in Huntsville","2026","organization","Datový portál nebo soubor","https://www.nsstc.uah.edu/data/msu/","https://www.nsstc.uah.edu/data/msu/","","","","manual_data_download","data-portal","","review","200","2026-08-04T09:14:31.677Z","Zdroj je dostupný datový portál, ale konkrétní soubor vyžaduje výběr dat nebo ruční export."
"WEB_NOAA_Index_of_data_noaa_global_surface_temperature_v6_aef36414","Index of /data/noaa-global-surface-temperature/v6.1/access/gridded/","NOAA","2026","organization","Datový portál nebo soubor","https://www.ncei.noaa.gov/data/noaa-global-surface-temperature/v6.1/access/gridded/","https://www.ncei.noaa.gov/data/noaa-global-surface-temperature/v6.1/access/gridded/","","","","manual_data_download","data-portal","","review","200","2026-08-04T09:14:32.200Z","Zdroj je dostupný datový portál, ale konkrétní soubor vyžaduje výběr dat nebo ruční export."
"WEB_NOAA_Index_of_data_noaa_global_surface_temperature_v6_382f4cae","Index of /data/noaa-global-surface-temperature/v6.1/access/timeseries/","NOAA","2026","organization","Datový portál nebo soubor","https://www.ncei.noaa.gov/data/noaa-global-surface-temperature/v6.1/access/timeseries/","https://www.ncei.noaa.gov/data/noaa-global-surface-temperature/v6.1/access/timeseries/","","","","manual_data_download","data-portal","","review","200","2026-08-04T09:14:32.485Z","Zdroj je dostupný datový portál, ale konkrétní soubor vyžaduje výběr dat nebo ruční export."
"WEB_Cesky_hydrometeorologicky_us_Index_of_meteorology_climate_historical_csv_13ecfbd3","Index of /meteorology/climate/historical_csv/","Český hydrometeorologický ústav","2026","organization","Datový portál nebo soubor","https://opendata.chmi.cz/meteorology/climate/historical_csv/","https://opendata.chmi.cz/meteorology/climate/historical_csv/","","","","manual_data_download","data-portal","","review","200","2026-08-04T09:14:32.720Z","Zdroj je dostupný datový portál, ale konkrétní soubor vyžaduje výběr dat nebo ruční export."
"WEB_NOAA_Index_of_pub_data_ghcn_daily_96798b50","Index of /pub/data/ghcn/daily/","NOAA","2026","organization","Datový portál nebo soubor","https://www.ncei.noaa.gov/pub/data/ghcn/daily/","https://www.ncei.noaa.gov/pub/data/ghcn/daily/","","","","manual_data_download","data-portal","","review","200","2026-08-04T09:14:32.778Z","Zdroj je dostupný datový portál, ale konkrétní soubor vyžaduje výběr dat nebo ruční export."
"WEB_NASA_ITS_LIVE_a_NASA_MEaSURES_program_NASA_JPL_370c26c4","ITS_LIVE a NASA MEaSURES program | NASA JPL","NASA","2026","organization","Institucionální zdroj","https://its-live.jpl.nasa.gov/","https://its-live.jpl.nasa.gov/","","","","web_only","web-page","","not_applicable","206","2026-08-04T09:14:32.839Z","Stránka je dostupná, ale neobsahuje automaticky rozpoznatelný soubor ke stažení."
"WEB_data_jma_go_jp_Japan_Meteorological_Agency_Global_ocean_heat_co_b8363b79","Japan Meteorological Agency|Global ocean heat content","Japan Meteorological Agency","2026","organization","Datový portál nebo soubor","https://www.data.jma.go.jp/kaiyou/english/ohc/ohc_global_en.html","https://www.data.jma.go.jp/kaiyou/english/ohc/ohc_global_en.html","https://www.data.jma.go.jp/kaiyou/data/english/ohc/ohc_global_1955.txt","linked-asset-needs-review","txt","confirmed_download","public-file-linked-from-page","","review","206","2026-08-04T09:14:32.991Z","Na zdrojové stránce byl nalezen a ověřen soubor; HTTP 206, text/plain."
"WEB_NOAA_Laboratory_Analysis_1a101421","Laboratory Analysis","NOAA","2026","organization","Institucionální zdroj","https://www.pmel.noaa.gov/co2/story/Laboratory%20Analysis","https://www.pmel.noaa.gov/co2/story/Laboratory%20Analysis","","","","web_only","web-page","","not_applicable","200","2026-08-04T09:14:33.217Z","Stránka je dostupná, ale neobsahuje automaticky rozpoznatelný soubor ke stažení."
"WEB_NOAA_Layers_of_the_Atmosphere_29f17d10","Layers of the Atmosphere","NOAA","2026","organization","Institucionální zdroj","https://prod-01-alb-www-noaa.woc.noaa.gov/jetstream/atmosphere/layers-of-atmosphere","https://prod-01-alb-www-noaa.woc.noaa.gov/jetstream/atmosphere/layers-of-atmosphere","","","","web_only","web-page","","not_applicable","200","2026-08-04T09:14:33.227Z","Stránka je dostupná, ale neobsahuje automaticky rozpoznatelný soubor ke stažení."
"WEB_Copernicus_Licence_to_use_Copernicus_Products_rev_12_4244ad0f","Licence to use Copernicus Products (rev. 12)","Copernicus","2026","organization","Licenční podmínky","https://cds.climate.copernicus.eu/licences/licence-to-use-copernicus-products","https://cds.climate.copernicus.eu/licences/licence-to-use-copernicus-products","https://object-store.os-api.cci2.ecmwf.int/cci2-prod-catalogue/licences/licence-to-use-copernicus-products/licence-to-use-copernicus-products_b4b9451f54cffa16ecef5c912c9cebd6979925a956e3fa677976e0cf198c2c18.pdf","primary-copy","pdf","confirmed_download","browser-verified-download","","review","","2026-08-04T09:19:25.675Z","Stránka Copernicus odkazuje na úplné PDF licenčních podmínek."
"WEB_NOAA_Mauna_Loa_Observatory_NOAA_Global_Monitoring_Lab_fe0040dc","Mauna Loa Observatory - NOAA Global Monitoring Laboratory","NOAA","2026","organization","Obrazový zdroj","https://gml.noaa.gov/obop/mlo/gallery/NOAA_MaunaLoa_Aerial%20Photos%20of%20the%20Mauna%20Loa%20Observatory/index.html","https://gml.noaa.gov/obop/mlo/gallery/NOAA_MaunaLoa_Aerial%20Photos%20of%20the%20Mauna%20Loa%20Observatory/index.html","","","","web_only","web-page","","not_applicable","200","2026-08-04T09:14:33.637Z","Stránka je dostupná, ale neobsahuje automaticky rozpoznatelný soubor ke stažení."
"WEB_scrippsco2_ucsd_edu_Mauna_Loa_Observatory_Hawaii_Scripps_CO2_4d2260fe","Mauna Loa Observatory, Hawaii | Scripps CO₂","Scripps Institution of Oceanography","2026","organization","Datový portál nebo soubor","https://scrippsco2.ucsd.edu/data/atmospheric-co2-data/sampling-station-records/mauna-loa-observatory-hawaii/","https://scrippsco2.ucsd.edu/data/atmospheric-co2-data/sampling-station-records/mauna-loa-observatory-hawaii/","https://keelinglabsites.ucsd.edu/websitedataco2/mlo_station_data_set.zip","primary-data-file","zip","confirmed_download","public-file-linked-from-page","cc-by-4.0","yes_with_attribution","206","2026-08-04T09:14:33.687Z","Na zdrojové stránce byl nalezen a ověřen soubor; HTTP 206, application/zip."
"DOI_10_5067_icfvi7dkhzjv","MEaSUREs ITS_LIVE Greenland Ice Sheet Elevation and Mass Change, Version 1","Johan Nilsson a Alex Gardner","2026","science","Datový soubor","https://doi.org/10.5067/ICFVI7DKHZJV","https://its-live-data.s3.amazonaws.com/height_change/Greenland/Greenland_G1920V01_IceSheetGlacierIceHeight.nc","https://its-live-data.s3.amazonaws.com/height_change/Greenland/Greenland_G1920V01_IceSheetGlacierIceHeight.nc","primary-copy","netcdf","confirmed_download","open-access-green","","review","206","2026-08-04T09:14:34.006Z","OpenAlex: otevřený přístup (green). Přímý soubor ověřen přes DOI redirect; HTTP 206, application/x-netcdf."
"WEB_Met_Office_Met_Office_Hadley_Centre_observations_datasets_8e11a3a4","Met Office Hadley Centre observations datasets","Met Office","2026","organization","Datový portál nebo soubor","https://www.metoffice.gov.uk/hadobs/hadisdh/downloadLAND.html","https://www.metoffice.gov.uk/hadobs/hadisdh/downloadLAND.html","","","","manual_data_download","data-portal","","review","200","2026-08-04T09:14:34.310Z","Zdroj je dostupný datový portál, ale konkrétní soubor vyžaduje výběr dat nebo ruční export."
"WEB_Met_Office_Met_Office_Hadley_Centre_observations_datasets_fa0e4d55","Met Office Hadley Centre observations datasets","Met Office","2026","organization","Datový portál nebo soubor","https://www.metoffice.gov.uk/hadobs/hadisdh/onlinematerialLAND.html","https://www.metoffice.gov.uk/hadobs/hadisdh/onlinematerialLAND.html","","","","manual_data_download","data-portal","","review","200","2026-08-04T09:14:34.441Z","Zdroj je dostupný datový portál, ale konkrétní soubor vyžaduje výběr dat nebo ruční export."
"WEB_Met_Office_Met_Office_Hadley_Centre_observations_datasets_453433f7","Met Office Hadley Centre observations datasets","Met Office","2026","organization","Datový portál nebo soubor","https://www.metoffice.gov.uk/hadobs/hadisdh/downloadMARINE.html","https://www.metoffice.gov.uk/hadobs/hadisdh/downloadMARINE.html","","","","manual_data_download","data-portal","","review","200","2026-08-04T09:14:34.537Z","Zdroj je dostupný datový portál, ale konkrétní soubor vyžaduje výběr dat nebo ruční export."
"WEB_Met_Office_Met_Office_Hadley_Centre_observations_datasets_9e8f60ef","Met Office Hadley Centre observations datasets","Met Office","2026","organization","Datový portál nebo soubor","https://www.metoffice.gov.uk/hadobs/hadisdh/downloadBLEND.html","https://www.metoffice.gov.uk/hadobs/hadisdh/downloadBLEND.html","","","","manual_data_download","data-portal","","review","200","2026-08-04T09:14:34.573Z","Zdroj je dostupný datový portál, ale konkrétní soubor vyžaduje výběr dat nebo ruční export."
"WEB_Met_Office_Met_Office_Hadley_Centre_observations_datasets_17fcf283","Met Office Hadley Centre observations datasets","Met Office","2026","organization","Datový portál nebo soubor","https://www.metoffice.gov.uk/hadobs/hadisdh/trendmaterialBLEND.html","https://www.metoffice.gov.uk/hadobs/hadisdh/trendmaterialBLEND.html","","","","manual_data_download","data-portal","","review","200","2026-08-04T09:14:34.604Z","Zdroj je dostupný datový portál, ale konkrétní soubor vyžaduje výběr dat nebo ruční export."
"WEB_Met_Office_Met_Office_Hadley_Centre_observations_datasets_0790df63","Met Office Hadley Centre observations datasets","Met Office","2026","organization","Datový portál nebo soubor","https://www.metoffice.gov.uk/hadobs/hadisdh/onlinematerialMARINE.html","https://www.metoffice.gov.uk/hadobs/hadisdh/onlinematerialMARINE.html","","","","manual_data_download","data-portal","","review","200","2026-08-04T09:14:34.641Z","Zdroj je dostupný datový portál, ale konkrétní soubor vyžaduje výběr dat nebo ruční export."
"WEB_Met_Office_Met_Office_Hadley_Centre_observations_datasets_c9cc26f3","Met Office Hadley Centre observations datasets","Met Office","2026","organization","Datový portál nebo soubor","https://www.metoffice.gov.uk/hadobs/hadisdh/","https://www.metoffice.gov.uk/hadobs/hadisdh/","","","","manual_data_download","data-portal","","review","200","2026-08-04T09:14:34.682Z","Zdroj je dostupný datový portál, ale konkrétní soubor vyžaduje výběr dat nebo ruční export."
"WEB_Met_Office_Met_Office_Hadley_Centre_observations_datasets_2d3e1c4c","Met Office Hadley Centre observations datasets","Met Office","2026","organization","Datový portál nebo soubor","https://hadleyserver.metoffice.gov.uk/hadobs/hadcrut5/data/HadCRUT.5.1.0.0/download.html","https://hadleyserver.metoffice.gov.uk/hadobs/hadcrut5/data/HadCRUT.5.1.0.0/download.html","","","","manual_data_download","data-portal","","review","206","2026-08-04T09:14:34.733Z","Zdroj je dostupný datový portál, ale konkrétní soubor vyžaduje výběr dat nebo ruční export."
"WEB_Met_Office_Met_Office_Hadley_Centre_observations_datasets_dd07bd35","Met Office Hadley Centre observations datasets","Met Office","2026","organization","Datový portál nebo soubor","https://www.metoffice.gov.uk/hadobs/hadex3/download_etccdi.html","https://www.metoffice.gov.uk/hadobs/hadex3/download_etccdi.html","","","","manual_data_download","data-portal","","review","200","2026-08-04T09:14:35.045Z","Zdroj je dostupný datový portál, ale konkrétní soubor vyžaduje výběr dat nebo ruční export."
"WEB_Met_Office_Met_Office_Hadley_Centre_observations_datasets_b4e2ac85","Met Office Hadley Centre observations datasets","Met Office","2026","organization","Datový portál nebo soubor","https://www.metoffice.gov.uk/hadobs/hadex3/","https://www.metoffice.gov.uk/hadobs/hadex3/","","","","manual_data_download","data-portal","","review","200","2026-08-04T09:14:35.054Z","Zdroj je dostupný datový portál, ale konkrétní soubor vyžaduje výběr dat nebo ruční export."
"WEB_Met_Office_Met_Office_Hadley_Centre_observations_datasets_cdb0d8ce","Met Office Hadley Centre observations datasets","Met Office","2026","organization","Licenční podmínky","https://www.metoffice.gov.uk/hadobs/hadex3/terms_and_conditions.html","https://www.metoffice.gov.uk/hadobs/hadex3/terms_and_conditions.html","","","","manual_data_download","data-portal","","review","200","2026-08-04T09:14:35.089Z","Zdroj je dostupný datový portál, ale konkrétní soubor vyžaduje výběr dat nebo ruční export."
"WEB_Met_Office_Met_Office_Hadley_Centre_observations_datasets_cd3aac80","Met Office Hadley Centre observations datasets","Met Office","2026","organization","Datový portál nebo soubor","https://hadleyserver.metoffice.gov.uk/hadex3/download_etccdi.html","https://hadleyserver.metoffice.gov.uk/hadex3/download_etccdi.html","","","","manual_data_download","data-portal","","review","206","2026-08-04T09:14:35.098Z","Zdroj je dostupný datový portál, ale konkrétní soubor vyžaduje výběr dat nebo ruční export."
"WEB_NASA_NASA_Analysis_Shows_La_Nina_Limited_Sea_Level_Ri_3e8936b8","NASA Analysis Shows La Niña Limited Sea Level Rise in 2025 - NASA","NASA","2026","organization","Institucionální zdroj","https://www.nasa.gov/earth/nasa-analysis-shows-la-nina-limited-sea-level-rise-in-2025/","https://www.nasa.gov/earth/nasa-analysis-shows-la-nina-limited-sea-level-rise-in-2025/","","","","web_only","web-page","","not_applicable","200","2026-08-04T09:14:35.182Z","Stránka je dostupná, ale neobsahuje automaticky rozpoznatelný soubor ke stažení."
"WEB_NASA_NASA_Scientific_Visualization_Studio_Global_Mean_def00bc2","NASA Scientific Visualization Studio | Global Mean Sea Level 1993-2025","NASA","2026","organization","Obrazový zdroj","https://svs.gsfc.nasa.gov/5611/","https://svs.gsfc.nasa.gov/5611/","","","","web_only","web-page","","not_applicable","200","2026-08-04T09:14:35.217Z","Stránka je dostupná, ale neobsahuje automaticky rozpoznatelný soubor ke stažení."
"WEB_NASA_NASA_SSH_popis_globalniho_vypoctu_2d3d3dce","NASA SSH: popis globálního výpočtu","NASA","2026","organization","Datový portál nebo soubor","https://data.nasa.gov/dataset/nasa-ssh-global-mean-sea-level-from-simple-gridded-sea-surface-height","https://data.nasa.gov/dataset/nasa-ssh-global-mean-sea-level-from-simple-gridded-sea-surface-height","","","","manual_data_download","browser-verified-data-portal","","review","","2026-08-04T09:19:25.675Z","Datový katalog NASA je veřejný; stažení závisí na konkrétním datovém produktu."
"WEB_NASA_NASA_JPL_Seasat_b80d8dde","NASA/JPL: Seasat","NASA","2026","organization","Institucionální zdroj","https://www.jpl.nasa.gov/missions/seasat/","https://www.jpl.nasa.gov/missions/seasat/","","","","web_only","browser-verified-web-page","","not_applicable","","2026-08-04T09:19:25.676Z","Stránka mise Seasat je veřejně dostupná v prohlížeči, ale není samostatným dokumentem."
"WEB_NOAA_NASA_NOAA_prehled_druzic_a566a73a","NASA/NOAA: přehled družic","NOAA","2026","organization","Metodická dokumentace","https://www.cpc.ncep.noaa.gov/products/stratosphere/strat_a_f/NOAA-N.pdf","https://www.cpc.ncep.noaa.gov/products/stratosphere/strat_a_f/NOAA-N.pdf","https://www.cpc.ncep.noaa.gov/products/stratosphere/strat_a_f/NOAA-N.pdf","primary-copy","pdf","confirmed_download","public-direct-file","","review","206","2026-08-04T09:14:35.394Z","Adresa vrací přímo soubor; HTTP 206, application/pdf."
"WEB_NOAA_National_Weather_Service_Aberdeen_SD_Cooperative_cbfa36f2","National Weather Service - Aberdeen, SD - Cooperative Observer Equipment","NOAA","2026","organization","Institucionální zdroj","https://www.weather.gov/abr/coop_equipment","https://www.weather.gov/abr/coop_equipment","","","","web_only","web-page","","not_applicable","200","2026-08-04T09:14:35.942Z","Stránka je dostupná, ale neobsahuje automaticky rozpoznatelný soubor ke stažení."
"WEB_naturescalendar_woodlandtrus_Nature_s_Calendar_b68eee94","Nature's Calendar","Woodland Trust","2026","organization","Institucionální zdroj","https://naturescalendar.woodlandtrust.org.uk/","https://naturescalendar.woodlandtrust.org.uk/","https://naturescalendar.woodlandtrust.org.uk/media/1817/10103-natures-calendar-date-range-poster.pdf","linked-asset-needs-review","pdf","confirmed_download","public-file-linked-from-page","","review","206","2026-08-04T09:14:35.986Z","Na zdrojové stránce byl nalezen a ověřen soubor; HTTP 206, application/pdf."
"WEB_data_neonscience_org_NEON_Data_Product_94759182","NEON | Data Product","National Ecological Observatory Network (NEON)","2026","organization","Datový portál nebo soubor","https://data.neonscience.org/data-products/DP1.10055.001","https://data.neonscience.org/data-products/DP1.10055.001","","","","manual_data_download","data-portal","","review","200","2026-08-04T09:14:35.994Z","Zdroj je dostupný datový portál, ale konkrétní soubor vyžaduje výběr dat nebo ruční export."
"DOI_10_25921_vvaa_wq11","NOAA Global Surface Temperature Dataset (NOAAGlobalTemp), Version 6.1","Boyin Huang a kol.","2026","science","Datový soubor","https://doi.org/10.25921/vvaa-wq11","https://doi.org/10.25921/vvaa-wq11","","","","open_access_manual","open-access-green","","review","206","2026-08-04T09:14:36.517Z","OpenAlex: otevřený přístup (green). Otevřený plný text je evidován, ale audit nepotvrdil stabilní přímou adresu souboru."
"WEB_NOAA_NOAA_Photo_Library_NSSL_00df5c76","NOAA Photo Library, NSSL","NOAA","2026","organization","Obrazový zdroj","https://www.noaa.gov/noaa-collections/photo-library/nssl0020jpg","https://www.noaa.gov/noaa-collections/photo-library/nssl0020jpg","","","","web_only","web-page","","not_applicable","202","2026-08-04T09:14:36.536Z","Stránka je dostupná, ale neobsahuje automaticky rozpoznatelný soubor ke stažení."
"WEB_NOAA_NOAA_s_National_Ocean_Service_About_Us_4ba21b52","NOAA's National Ocean Service - About Us","NOAA","2026","organization","Institucionální zdroj","https://oceanservice.noaa.gov/about/faq.html","https://oceanservice.noaa.gov/about/faq.html","https://cdn.oceanservice.noaa.gov/oceanserviceprod/about/introduction-nos.pdf","linked-asset-needs-review","pdf","confirmed_download","public-file-linked-from-page","public-domain-claim","yes","206","2026-08-04T09:14:36.694Z","Na zdrojové stránce byl nalezen a ověřen soubor; HTTP 206, application/pdf."
"WEB_NOAA_NOAA_WDS_Paleoclimatology_Antarctic_Ice_Cores_Re_1183d28b","NOAA/WDS Paleoclimatology - Antarctic Ice Cores Revised 800KYr CO₂ Data","NOAA","2026","organization","Datový portál nebo soubor","https://www.ncei.noaa.gov/access/metadata/landing-page/bin/iso?id=noaa-icecore-17975","https://www.ncei.noaa.gov/access/metadata/landing-page/bin/iso?id=noaa-icecore-17975","https://www.ncei.noaa.gov/pub/data/paleo/icecore/antarctica/antarctica2015co2wais-noaa.txt","linked-asset-needs-review","txt","confirmed_download","public-file-linked-from-page","","review","206","2026-08-04T09:14:36.790Z","Na zdrojové stránce byl nalezen a ověřen soubor; HTTP 206, text/plain."
"WEB_pct_usanpn_org_Observational_Data_USA_National_Phenology_Networ_1b964494","Observational Data | USA National Phenology Network","USA National Phenology Network","2026","organization","Datový portál nebo soubor","https://pct.usanpn.org/data/observational","https://pct.usanpn.org/data/observational","","","","manual_data_download","data-portal","","review","200","2026-08-04T09:14:37.961Z","Zdroj je dostupný datový portál, ale konkrétní soubor vyžaduje výběr dat nebo ruční export."
"WEB_NOAA_ObsPack_NOAA_Global_Monitoring_Laboratory_ae6fb64e","ObsPack - NOAA Global Monitoring Laboratory","NOAA","2026","organization","Institucionální zdroj","https://gml.noaa.gov/ccgg/obspack/","https://gml.noaa.gov/ccgg/obspack/","","","","web_only","web-page","","not_applicable","200","2026-08-04T09:14:38.122Z","Stránka je dostupná, ale neobsahuje automaticky rozpoznatelný soubor ke stažení."
"WEB_NOAA_Ocean_Carbon_and_Acidification_Dataset_NCEI_Acce_2e166e43","Ocean Carbon and Acidification Dataset: NCEI Accession 0315582","NOAA","2026","organization","Datový portál nebo soubor","https://www.ncei.noaa.gov/data/oceans/ncei/ocads/metadata/0315582.html","https://www.ncei.noaa.gov/data/oceans/ncei/ocads/metadata/0315582.html","","","","manual_data_download","data-portal","cc-by-4.0","review","206","2026-08-04T09:14:38.309Z","Zdroj je dostupný datový portál, ale konkrétní soubor vyžaduje výběr dat nebo ruční export."
"WEB_oceanco2_github_io_Ocean_CO2_Products_5426de62","Ocean CO₂ Products","Ocean CO₂ Products project","2026","organization","Datový portál nebo soubor","https://oceanco2.github.io/co2-products/","https://oceanco2.github.io/co2-products/","","","","manual_data_download","data-portal","","review","206","2026-08-04T09:14:38.754Z","Zdroj je dostupný datový portál, ale konkrétní soubor vyžaduje výběr dat nebo ruční export."
"DOI_10_1007_s00376_026_5876_0","Ocean Heat Content Sets Another Record in 2025","Yuying Pan a kol.","2026","science","Studie","https://doi.org/10.1007/s00376-026-5876-0","https://doi.org/10.1007/s00376-026-5876-0","","","","open_access_manual","open-access-hybrid","cc-by","yes_with_attribution","200","2026-08-04T09:14:38.763Z","OpenAlex: otevřený přístup (hybrid). Otevřený plný text je evidován, ale audit nepotvrdil stabilní přímou adresu souboru."
"WEB_NASA_OCO_2_Data_Center_bd5da22f","OCO-2 Data Center","NASA","2026","organization","Datový portál nebo soubor","https://ocov2.jpl.nasa.gov/science/oco-2-data-center/","https://ocov2.jpl.nasa.gov/science/oco-2-data-center/","","","","manual_data_download","data-portal","","review","200","2026-08-04T09:14:38.984Z","Zdroj je dostupný datový portál, ale konkrétní soubor vyžaduje výběr dat nebo ruční export."
"WEB_The_National_Archives_Open_Government_Licence_4372b8a9","Open Government Licence","The National Archives","2026","organization","Licenční podmínky","https://www.nationalarchives.gov.uk/doc/open-government-licence/version/3/","https://www.nationalarchives.gov.uk/doc/open-government-licence/version/3/","","","","manual_data_download","data-portal","","review","200","2026-08-04T09:14:39.166Z","Zdroj je dostupný datový portál, ale konkrétní soubor vyžaduje výběr dat nebo ruční export."
"WEB_NASA_Overview_Mission_GRACE_FO_7d1519d7","Overview | Mission – GRACE-FO","NASA","2026","organization","Institucionální zdroj","https://gracefo.jpl.nasa.gov/mission/overview/","https://gracefo.jpl.nasa.gov/mission/overview/","","","","web_only","web-page","","not_applicable","200","2026-08-04T09:14:39.307Z","Stránka je dostupná, ale neobsahuje automaticky rozpoznatelný soubor ke stažení."
"WEB_European_Space_Agency_Permafrost_019b533c","Permafrost","European Space Agency","2026","organization","Institucionální zdroj","https://climate.esa.int/en/projects/permafrost/","https://climate.esa.int/en/projects/permafrost/","","","","web_only","web-page","","not_applicable","200","2026-08-04T09:14:39.966Z","Stránka je dostupná, ale neobsahuje automaticky rozpoznatelný soubor ke stažení."
"WEB_phenocam_nau_edu_PhenoCam_Explorer_V3_173fd14b","PhenoCam Explorer V3","PhenoCam Network, Northern Arizona University","2026","organization","Institucionální zdroj","https://phenocam.nau.edu/phenocam_explorer/","https://phenocam.nau.edu/phenocam_explorer/","https://phenocam.nau.edu/pdf/PhenoCam_Troubleshooting.pdf","linked-asset-needs-review","pdf","confirmed_download","public-file-linked-from-page","cc-by-4.0/deed.en","yes_with_attribution","206","2026-08-04T09:14:40.064Z","Na zdrojové stránce byl nalezen a ověřen soubor; HTTP 206, application/pdf."
"WEB_International_Argo_Program_Photos_13d900af","Photos","International Argo Program","2026","organization","Obrazový zdroj","https://argo.ucsd.edu/outreach/multimedia-resources/photos/","https://argo.ucsd.edu/outreach/multimedia-resources/photos/","","","","web_only","web-page","","not_applicable","200","2026-08-04T09:14:40.498Z","Stránka je dostupná, ale neobsahuje automaticky rozpoznatelný soubor ke stažení."
"WEB_NOAA_Podminky_pouziti_NOAA_17f3c88c","Podmínky použití NOAA","NOAA","2026","organization","Licenční podmínky","https://www.noaa.gov/disclaimer","https://www.noaa.gov/disclaimer","","","","web_only","browser-verified-web-page","","not_applicable","","2026-08-04T09:19:25.679Z","Podmínky použití jsou webová stránka; server odmítá automatické požadavky."
"WEB_psc_apl_uw_edu_Polar_Science_Center_raquo_PIOMAS_Data_dbaf6399","Polar Science Center &raquo; PIOMAS Data","Polar Science Center, University of Washington","2026","organization","Datový portál nebo soubor","https://psc.apl.uw.edu/research/projects/arctic-sea-ice-volume-anomaly/data/","https://psc.apl.uw.edu/research/projects/arctic-sea-ice-volume-anomaly/data/","https://psc.apl.uw.edu/wordpress/wp-content/uploads/schweiger/ice_volume/PIOMAS.vol.daily.1979.2026.Current.v2.1.dat.gz","linked-asset-needs-review","gzip","confirmed_download","public-file-linked-from-page","","review","206","2026-08-04T09:14:41.893Z","Na zdrojové stránce byl nalezen a ověřen soubor; HTTP 206, application/x-gzip."
"WEB_NASA_Precipitation_Data_Directory_NASA_Global_Precipi_b0971da5","Precipitation Data Directory | NASA Global Precipitation Measurement Mission","NASA","2026","organization","Datový portál nebo soubor","https://gpm.nasa.gov/data/directory","https://gpm.nasa.gov/data/directory","https://gpm.nasa.gov/sites/default/files/downloads/surfrac0.1.PPS.gz","linked-asset-needs-review","gzip","confirmed_download","public-file-linked-from-page","","review","206","2026-08-04T09:14:44.305Z","Na zdrojové stránce byl nalezen a ověřen soubor; HTTP 206, application/x-gzip."
"WEB_U_S_Geological_Survey_Prirucka_MCD12Q2_v6_1_dbceb14f","Příručka MCD12Q2 v6.1","U.S. Geological Survey","2026","organization","Metodická dokumentace","https://lpdaac.usgs.gov/documents/1417/MCD12Q2_User_Guide_V61.pdf","https://lpdaac.usgs.gov/documents/1417/MCD12Q2_User_Guide_V61.pdf","https://lpdaac.usgs.gov/documents/1417/MCD12Q2_User_Guide_V61.pdf","primary-copy","pdf","confirmed_download","public-direct-file","","review","200","2026-08-04T09:14:44.689Z","Adresa vrací přímo soubor; HTTP 200, application/pdf."
"WEB_World_Meteorological_Organiz_prirucka_WMO_c_8_f7933a04","příručka WMO č. 8","World Meteorological Organization","2026","organization","Metodická dokumentace","https://library.wmo.int/records/item/68695-guide-to-instruments-and-methods-of-observation?offset=3","https://library.wmo.int/records/item/68695-guide-to-instruments-and-methods-of-observation?offset=3","","","","web_only","web-page","","not_applicable","200","2026-08-04T09:14:45.012Z","Stránka je dostupná, ale neobsahuje automaticky rozpoznatelný soubor ke stažení."
"WEB_NOAA_Radiosonde_Atmospheric_Temperature_Products_for_d1952dde","Radiosonde Atmospheric Temperature Products for Assessing Climate (RATPAC), Version 2","NOAA","2026","organization","Datový portál nebo soubor","https://www.ncei.noaa.gov/access/metadata/landing-page/bin/iso?id=gov.noaa.ncdc%3AC00978","https://www.ncei.noaa.gov/access/metadata/landing-page/bin/iso?id=gov.noaa.ncdc%3AC00978","","","","manual_data_download","data-portal","","review","206","2026-08-04T09:14:45.160Z","Zdroj je dostupný datový portál, ale konkrétní soubor vyžaduje výběr dat nebo ruční export."
"WEB_NOAA_Radiosonde_Observation_27e1f005","Radiosonde Observation","NOAA","2026","organization","Institucionální zdroj","https://www.weather.gov/upperair/factsheet","https://www.weather.gov/upperair/factsheet","","","","web_only","web-page","","not_applicable","200","2026-08-04T09:14:45.168Z","Stránka je dostupná, ale neobsahuje automaticky rozpoznatelný soubor ke stažení."
"WEB_National_Snow_and_Ice_Data_C_Randolph_Glacier_Inventory_A_Dataset_of_Global_G_4155a535","Randolph Glacier Inventory - A Dataset of Global Glacier Outlines, Version 7 | National Snow and Ice Data Center","National Snow and Ice Data Center","2026","organization","Datový portál nebo soubor","https://nsidc.org/data/nsidc-0770/versions/7","https://nsidc.org/data/nsidc-0770/versions/7","","","","manual_data_download","data-portal","","review","200","2026-08-04T09:14:45.483Z","Zdroj je dostupný datový portál, ale konkrétní soubor vyžaduje výběr dat nebo ruční export."
"DOI_10_5281_zenodo_20757579","Recalculated (depth and temperature consistent) surface ocean CO₂ atlas (SOCAT) version 2026","Daniel J. Ford a kol.","2026","science","Datový soubor","https://doi.org/10.5281/zenodo.20757579","https://doi.org/10.5281/zenodo.20757579","","","","open_access_manual","open-access-green","cc-by","yes_with_attribution","200","2026-08-04T09:14:45.705Z","OpenAlex: otevřený přístup (green). Otevřený plný text je evidován, ale audit nepotvrdil stabilní přímou adresu souboru."
"WEB_Remote_Sensing_Systems_Remote_Sensing_Systems_e8e6fee6","Remote Sensing Systems","Remote Sensing Systems","2026","organization","Datový portál nebo soubor","https://www.remss.com/measurements/atmospheric-water-vapor/tpw-1-deg-product/","https://www.remss.com/measurements/atmospheric-water-vapor/tpw-1-deg-product/","https://images.remss.com/papers/hilburn/Hilburn_V7_Poster_AMS_SatMet_2010_Annapolis.pdf","linked-asset-needs-review","pdf","confirmed_download","public-file-linked-from-page","","review","206","2026-08-04T09:14:45.827Z","Na zdrojové stránce byl nalezen a ověřen soubor; HTTP 206, application/pdf."
"WEB_Remote_Sensing_Systems_Remote_Sensing_Systems_25160e34","Remote Sensing Systems","Remote Sensing Systems","2026","organization","Institucionální zdroj","https://www.remss.com/missions/amsu/","https://www.remss.com/missions/amsu/","https://images.remss.com/papers/rsspubs/Mears_JTECH_2009_MSU_AMSU_construction.pdf","linked-asset-needs-review","pdf","confirmed_download","public-file-linked-from-page","","review","206","2026-08-04T09:14:46.177Z","Na zdrojové stránce byl nalezen a ověřen soubor; HTTP 206, application/pdf."
"WEB_escholarship_org_Report_on_the_Deep_Sea_Temperature_Observations_8c66444c","Report on the Deep-Sea Temperature Observations of Ocean-Water","University of California eScholarship","2026","organization","Institucionální zdroj","https://escholarship.org/uc/item/38p2q583","https://escholarship.org/uc/item/38p2q583","","","","open_access_manual","browser-verified-download","","review","","2026-08-04T09:19:25.679Z","Repozitář eScholarship nabízí stažení PDF, ale automatizovaný přístup blokuje kontrolou prohlížeče."
"WEB_Permanent_Service_for_Mean_S_Revised_Local_Reference_RLR_Definition_25cc4b55","Revised Local Reference (RLR) Definition","Permanent Service for Mean Sea Level","2026","organization","Datový portál nebo soubor","https://psmsl.org/data/obtaining/rlr.php","https://psmsl.org/data/obtaining/rlr.php","","","","manual_data_download","data-portal","","review","200","2026-08-04T09:14:47.002Z","Zdroj je dostupný datový portál, ale konkrétní soubor vyžaduje výběr dat nebo ruční export."
"WEB_University_Corporation_for_A_RO_Climate_Data_Record_Constellation_Observing_S_03516764","RO Climate Data Record | Constellation Observing System for Meteorology Ionosphere and Climate","University Corporation for Atmospheric Research","2026","organization","Datový portál nebo soubor","https://www.cosmic.ucar.edu/RO_Climate_Data_Record","https://www.cosmic.ucar.edu/RO_Climate_Data_Record","","","","manual_data_download","data-portal","","review","200","2026-08-04T09:14:47.146Z","Zdroj je dostupný datový portál, ale konkrétní soubor vyžaduje výběr dat nebo ruční export."
"2026_SeaBird_SBE41","SBE 41/41CP Deep Argo CTD: Technical Specifications","Sea-Bird Scientific","2026","organization","Technická dokumentace přístroje","https://www.seabird.com/hubfs/Product%20Assets/SBE%2041/Datasheets/SBE%2041_41%20CP%20Deep%20DS.53.March26.pdf?hsLang=en","https://www.seabird.com/hubfs/Product%20Assets/SBE%2041/Datasheets/SBE%2041_41%20CP%20Deep%20DS.53.March26.pdf?hsLang=en","https://www.seabird.com/hubfs/Product%20Assets/SBE%2041/Datasheets/SBE%2041_41%20CP%20Deep%20DS.53.March26.pdf?hsLang=en","primary-copy","pdf","confirmed_download","public-direct-file","","review","206","2026-08-04T09:12:32.486Z","Adresa vrací přímo soubor; HTTP 206, application/pdf."
"WEB_Copernicus_Sea_ice_cover_for_March_2026_Copernicus_f75f3111","Sea ice cover for March 2026 | Copernicus","Copernicus","2026","organization","Institucionální zdroj","https://climate.copernicus.eu/sea-ice-cover-march-2026","https://climate.copernicus.eu/sea-ice-cover-march-2026","https://climate.copernicus.eu/sites/default/files/2026-04/C3S_Bulletin_seaice_202603_Fig1_timeseries_osisaf_monthly_sie_anomaly_ref19912020_arctic.pdf","linked-asset-needs-review","pdf","confirmed_download","public-file-linked-from-page","","review","206","2026-08-04T09:14:48.692Z","Na zdrojové stránce byl nalezen a ověřen soubor; HTTP 206, application/pdf."
"WEB_Copernicus_Sea_level_Copernicus_b943a537","Sea level | Copernicus","Copernicus","2026","organization","Institucionální zdroj","https://climate.copernicus.eu/climate-indicators/sea-level","https://climate.copernicus.eu/climate-indicators/sea-level","https://climate.copernicus.eu/sites/default/files/custom-uploads/indicators-2025/sea-level/fig1.pdf","linked-asset-needs-review","pdf","confirmed_download","public-file-linked-from-page","","review","206","2026-08-04T09:14:48.811Z","Na zdrojové stránce byl nalezen a ověřen soubor; HTTP 206, application/pdf."
"WEB_U_S_Geological_Survey_Snow_core_measurement_04ddf039","Snow core measurement","U.S. Geological Survey","2026","organization","Obrazový zdroj","https://www.usgs.gov/media/images/snow-core-measurement","https://www.usgs.gov/media/images/snow-core-measurement","","","","web_only","web-page","public-domain-claim","not_applicable","200","2026-08-04T09:14:49.170Z","Stránka je dostupná, ale neobsahuje automaticky rozpoznatelný soubor ke stažení."
"WEB_nist_gov_SPRT_Calibration_Laboratory_NIST_eaa9779d","SPRT Calibration Laboratory | NIST","National Institute of Standards and Technology (NIST)","2026","organization","Obrazový zdroj","https://www.nist.gov/image/sprt-calibration-laboratory","https://www.nist.gov/image/sprt-calibration-laboratory","","","","web_only","web-page","","not_applicable","206","2026-08-04T09:14:49.181Z","Stránka je dostupná, ale neobsahuje automaticky rozpoznatelný soubor ke stažení."
"WEB_World_Meteorological_Organiz_State_of_the_Global_Climate_2025_53cbb3f3","State of the Global Climate 2025","World Meteorological Organization","2026","organization","Institucionální zdroj","https://wmo.int/publication-series/state-of-global-climate/state-of-global-climate-2025","https://wmo.int/publication-series/state-of-global-climate/state-of-global-climate-2025","https://wmo.int/sites/default/files/2026-03/State%20of%20the%20Climate%202025_1%20pager_final.pdf","linked-asset-needs-review","pdf","confirmed_download","public-file-linked-from-page","","review","206","2026-08-04T09:14:49.183Z","Na zdrojové stránce byl nalezen a ověřen soubor; HTTP 206, application/pdf."
"WEB_University_Corporation_for_A_Stratospheric_Temperature_Satellite_Datasets_Use_394cf021","Stratospheric Temperature: Satellite Datasets Used to Quantify Lower, Middle, and Upper Stratospheric Temperatures | Climate Data Guide","University Corporation for Atmospheric Research","2026","organization","Metodická dokumentace","https://climatedataguide.ucar.edu/climate-data/stratospheric-temperature-satellite-datasets-used-quantify-lower-middle-and-upper","https://climatedataguide.ucar.edu/climate-data/stratospheric-temperature-satellite-datasets-used-quantify-lower-middle-and-upper","","","","manual_data_download","data-portal","","review","200","2026-08-04T09:14:50.066Z","Zdroj je dostupný datový portál, ale konkrétní soubor vyžaduje výběr dat nebo ruční export."
"DOI_10_25921_8dba_fr90","Surface Ocean CO₂ Atlas Database Version 2026 (SOCATv2026) (NCEI Accession 0315110)","Bakker, Dorothee C. E. a kol.","2026","science","Datový soubor","https://doi.org/10.25921/8dba-fr90","https://doi.org/10.25921/8dba-fr90","","","","open_access_manual","open-access-green","cc-by","yes_with_attribution","206","2026-08-04T09:14:50.704Z","OpenAlex: otevřený přístup (green). Otevřený plný text je evidován, ale audit nepotvrdil stabilní přímou adresu souboru."
"DOI_10_5194_essd_18_1405_2026","Synthesis of data products for ocean carbonate chemistry","Li-Qing Jiang a kol.","2026","science","Studie","https://doi.org/10.5194/essd-18-1405-2026","https://doi.org/10.5194/essd-18-1405-2026","https://essd.copernicus.org/articles/18/1405/2026/essd-18-1405-2026.pdf","primary-copy","pdf","confirmed_download","open-access-gold","cc-by","yes_with_attribution","206","2026-08-04T09:14:33.001Z","OpenAlex: otevřený přístup (gold). Přímý soubor ověřen přes OpenAlex; HTTP 206, application/pdf."
"DOI_10_25921_m6tp_mj50","The Global Ocean Data Analysis Project version 3 (GLODAPv3) – an internally consistent biogeochemical data product for the World Ocean (NCEI Accession 0315582)","Lange, Nico a kol.","2026","science","Datový soubor","https://doi.org/10.25921/m6tp-mj50","https://doi.org/10.25921/m6tp-mj50","","","","open_access_manual","open-access-green","cc-by","yes_with_attribution","206","2026-08-04T09:14:50.929Z","OpenAlex: otevřený přístup (green). Otevřený plný text je evidován, ale audit nepotvrdil stabilní přímou adresu souboru."
"WEB_NOAA_Tipping_Bucket_46c6ad8b","Tipping Bucket","NOAA","2026","organization","Institucionální zdroj","https://www.weather.gov/asos/TippingBucket.html","https://www.weather.gov/asos/TippingBucket.html","","","","web_only","web-page","","not_applicable","200","2026-08-04T09:14:52.324Z","Stránka je dostupná, ale neobsahuje automaticky rozpoznatelný soubor ke stažení."
"WEB_NOAA_Trends_in_CO2_NOAA_Global_Monitoring_Laboratory_8f52d95b","Trends in CO₂ - NOAA Global Monitoring Laboratory","NOAA","2026","organization","Datový portál nebo soubor","https://gml.noaa.gov/ccgg/trends/data.html","https://gml.noaa.gov/ccgg/trends/data.html","https://gml.noaa.gov/webdata/ccgg/trends/co2/co2_mm_mlo.csv","linked-asset-needs-review","csv","confirmed_download","public-file-linked-from-page","","review","206","2026-08-04T09:14:52.703Z","Na zdrojové stránce byl nalezen a ověřen soubor; HTTP 206, text/csv."
"WEB_NOAA_Trends_in_CO2_NOAA_Global_Monitoring_Laboratory_ff9ec92f","Trends in CO₂ - NOAA Global Monitoring Laboratory","NOAA","2026","organization","Datový portál nebo soubor","https://gml.noaa.gov/ccgg/trends/gl_data.html","https://gml.noaa.gov/ccgg/trends/gl_data.html","https://gml.noaa.gov/webdata/ccgg/trends/co2/co2_mm_gl.csv","linked-asset-needs-review","csv","confirmed_download","public-file-linked-from-page","","review","206","2026-08-04T09:14:52.830Z","Na zdrojové stránce byl nalezen a ověřen soubor; HTTP 206, text/csv."
"WEB_NOAA_Trends_in_CO2_NOAA_Global_Monitoring_Laboratory_f1c52261","Trends in CO₂ - NOAA Global Monitoring Laboratory","NOAA","2026","organization","Institucionální zdroj","https://gml.noaa.gov/ccgg/trends/","https://gml.noaa.gov/ccgg/trends/","https://gml.noaa.gov/webdata/ccgg/trends/co2_trend_mlo.pdf","linked-asset-needs-review","pdf","confirmed_download","public-file-linked-from-page","zero/1.0","review","206","2026-08-04T09:14:52.885Z","Na zdrojové stránce byl nalezen a ověřen soubor; HTTP 206, application/pdf."
"2026_USCRN_Measurements","U.S. Climate Reference Network: Measurements","NOAA National Centers for Environmental Information","2026","organization","Dokumentace měřicí sítě","https://www.ncei.noaa.gov/access/crn/measurements.html","https://www.ncei.noaa.gov/access/crn/measurements.html","","","","web_only","web-page","","not_applicable","200","2026-08-04T09:12:32.133Z","Stránka je dostupná, ale neobsahuje automaticky rozpoznatelný soubor ke stažení."
"DOI_10_5194_tc_20_3783_2026","Uncertainty of the satellite-retrieved sea-ice area record and its trend","Andreas Wernecke a kol.","2026","science","Studie","https://doi.org/10.5194/tc-20-3783-2026","https://doi.org/10.5194/tc-20-3783-2026","https://tc.copernicus.org/articles/20/3783/2026/tc-20-3783-2026.pdf","primary-copy","pdf","confirmed_download","open-access-gold","cc-by","yes_with_attribution","206","2026-08-04T09:14:54.530Z","OpenAlex: otevřený přístup (gold). Přímý soubor ověřen přes OpenAlex; HTTP 206, application/pdf."
"2026_USCRN_Daily01_Readme","USCRN Daily01: Description of Data Fields","NOAA National Centers for Environmental Information","2026","organization","Datová dokumentace","https://www.ncei.noaa.gov/pub/data/uscrn/products/daily01/readme.txt","https://www.ncei.noaa.gov/pub/data/uscrn/products/daily01/readme.txt","https://www.ncei.noaa.gov/pub/data/uscrn/products/daily01/readme.txt","primary-copy","txt","confirmed_download","public-direct-file","","review","206","2026-08-04T09:12:32.262Z","Adresa vrací přímo soubor; HTTP 206, text/plain."
"WEB_Met_Office_uzivatelska_prirucka_HadEX3_6eb86927","uživatelská příručka HadEX3","Met Office","2026","organization","Metodická dokumentace","https://www.metoffice.gov.uk/hadobs/hadex3/hadex3_product_user_guide.pdf","https://www.metoffice.gov.uk/hadobs/hadex3/hadex3_product_user_guide.pdf","https://www.metoffice.gov.uk/hadobs/hadex3/hadex3_product_user_guide.pdf","primary-copy","pdf","confirmed_download","public-direct-file","","review","206","2026-08-04T09:14:53.655Z","Adresa vrací přímo soubor; HTTP 206, application/pdf."
"WEB_National_Snow_and_Ice_Data_C_uzivatelske_prirucce_Sea_Ice_Index_v4_48d7d043","uživatelské příručce Sea Ice Index v4","National Snow and Ice Data Center","2026","organization","Metodická dokumentace","https://nsidc.org/sites/default/files/documents/user-guide/g02135-v004-userguide.pdf","https://nsidc.org/sites/default/files/documents/user-guide/g02135-v004-userguide.pdf","https://nsidc.org/sites/default/files/documents/user-guide/g02135-v004-userguide.pdf","primary-copy","pdf","confirmed_download","public-direct-file","","review","206","2026-08-04T09:14:53.692Z","Adresa vrací přímo soubor; HTTP 206, application/pdf."
"WEB_NASA_Validation_9ba2b44b","Validation","NASA","2026","organization","Institucionální zdroj","https://ocov2.jpl.nasa.gov/science/validation/","https://ocov2.jpl.nasa.gov/science/validation/","","","","web_only","web-page","","not_applicable","200","2026-08-04T09:14:53.731Z","Stránka je dostupná, ale neobsahuje automaticky rozpoznatelný soubor ke stažení."
"WEB_Cesky_hydrometeorologicky_us_Vlny_veder_v_historii_a_dnes_27ba4cfb","Vlny veder v historii a dnes","Český hydrometeorologický ústav","2026","organization","Institucionální zdroj","https://www.chmi.cz/o-chmu/aktuality/vlny-veder-v-historii-a-dnes","https://www.chmi.cz/o-chmu/aktuality/vlny-veder-v-historii-a-dnes","","","","web_only","web-page","cc-by-4.0/deed.cs","not_applicable","206","2026-08-04T09:14:53.841Z","Stránka je dostupná, ale neobsahuje automaticky rozpoznatelný soubor ke stažení."
"WEB_World_Meteorological_Organiz_WDCGG_World_Data_Centre_for_Greenhouse_Gases_824b544d","WDCGG (World Data Centre for Greenhouse Gases)","World Meteorological Organization","2026","organization","Datový portál nebo soubor","https://gaw.kishou.go.jp/","https://gaw.kishou.go.jp/","","","","manual_data_download","data-portal","","review","200","2026-08-04T09:14:54.259Z","Zdroj je dostupný datový portál, ale konkrétní soubor vyžaduje výběr dat nebo ruční export."
"WEB_Deutscher_Wetterdienst_Wetter_und_Klima_Deutscher_Wetterdienst_Our_serv_386bcd1f","Wetter und Klima - Deutscher Wetterdienst - Our services - Global Precipitation Climatology Centre (GPCC)","Deutscher Wetterdienst","2026","organization","Institucionální zdroj","https://www.dwd.de/EN/ourservices/gpcc/gpcc.html","https://www.dwd.de/EN/ourservices/gpcc/gpcc.html","https://opendata.dwd.de/climate_environment/GPCC/PDF/GPCC_intro_products_lastversion.pdf","linked-asset-needs-review","pdf","confirmed_download","public-file-linked-from-page","","review","206","2026-08-04T09:14:54.626Z","Na zdrojové stránce byl nalezen a ověřen soubor; HTTP 206, application/pdf."
"WEB_NOAA_What_is_a_tide_gauge_ecb1078b","What is a tide gauge?","NOAA","2026","organization","Institucionální zdroj","https://oceanservice.noaa.gov/facts/tide-gauge.html","https://oceanservice.noaa.gov/facts/tide-gauge.html","","","","web_only","web-page","","not_applicable","200","2026-08-04T09:14:54.895Z","Stránka je dostupná, ale neobsahuje automaticky rozpoznatelný soubor ke stažení."
"WEB_World_Meteorological_Organiz_WMO_OSCAR_nbsp_nbsp_Details_for_Variable_Snow_wa_142b8371","WMO OSCAR &nbsp;|&nbsp; Details for Variable: Snow water equivalent","World Meteorological Organization","2026","organization","Institucionální zdroj","https://space.oscar.wmo.int/variables/view/snow_water_equivalent","https://space.oscar.wmo.int/variables/view/snow_water_equivalent","","","","web_only","web-page","","not_applicable","200","2026-08-04T09:14:55.001Z","Stránka je dostupná, ale neobsahuje automaticky rozpoznatelný soubor ke stažení."
