id,year,title,status,sourceKind,sourceUrl,requestedUrl,finalUrl,localPath,bytes,sha256,contentType,license,publicSharing,error
"1681_Mariotte","1681","De la nature des couleurs (O povaze barev)","downloaded","catalogue-direct","https://drive.google.com/file/d/1hFTtUv6uDwtnOAyuGCC2vQjN6OgjEx8S/view","https://drive.google.com/uc?export=download&id=1hFTtUv6uDwtnOAyuGCC2vQjN6OgjEx8S","https://drive.usercontent.google.com/download?id=1hFTtUv6uDwtnOAyuGCC2vQjN6OgjEx8S&export=download","source-archive/existing-drive/1681__1681_Mariotte__De-la-nature-des-couleurs-O-povaze-barev.pdf","27563146","d4234be34f3190efbd271fbc11ccfa9550f86d63833fe72f096a0914338e849a","application/octet-stream","","review",""
"1767_Saussure","1767","Voyages dans les Alpes (Cesty po Alpách)","downloaded","catalogue-direct","https://drive.google.com/file/d/1WaJkNLg7jPsZ3it7opQ1LobD7AzOy8AV/view","https://drive.google.com/uc?export=download&id=1WaJkNLg7jPsZ3it7opQ1LobD7AzOy8AV","https://drive.usercontent.google.com/download?id=1WaJkNLg7jPsZ3it7opQ1LobD7AzOy8AV&export=download","source-archive/existing-drive/1767__1767_Saussure__Voyages-dans-les-Alpes-Cesty-po-Alpach.pdf","39474823","6dc147297e68f7232062773c7b922d2424e390cd2dde544f22b93a29ec427839","application/octet-stream","","review",""
"1801_Herschel","1800","Experiments on the Refrangibility of the Invisible Rays of the Sun","downloaded","catalogue-direct","https://drive.google.com/file/d/17-KtOmjoq0FuBnixuXs4qhBsmTrJoSqw/view","https://drive.google.com/uc?export=download&id=17-KtOmjoq0FuBnixuXs4qhBsmTrJoSqw","https://drive.usercontent.google.com/download?id=17-KtOmjoq0FuBnixuXs4qhBsmTrJoSqw&export=download","source-archive/existing-drive/1800__1801_Herschel__Experiments-on-the-Refrangibility-of-the-Invisible-Rays-of-the-Sun.pdf","9768235","1d6e601eefbef7939ab556dcd34df2fece089d06260360033b61a0dda570853d","application/octet-stream","","review",""
"1804_Leslie","1804","An Experimental Inquiry into the Nature and Propagation of Heat","downloaded","catalogue-direct","https://drive.google.com/file/d/1fAT9WjbOuIVrIL1pLJIF8koWMfVxl-yv/view","https://drive.google.com/uc?export=download&id=1fAT9WjbOuIVrIL1pLJIF8koWMfVxl-yv","https://drive.usercontent.google.com/download?id=1fAT9WjbOuIVrIL1pLJIF8koWMfVxl-yv&export=download","source-archive/existing-drive/1804__1804_Leslie__An-Experimental-Inquiry-into-the-Nature-and-Propagation-of-Heat.pdf","44199739","a0d7acbaaff158d78c16a9197d97414ac3031fd1b3886c4f0adc924dffa30c90","application/octet-stream","","review",""
"1824_Fourier","1824","Remarques générales sur les températures du globe terrestre et des espaces planétaires","downloaded","catalogue-direct","https://drive.google.com/file/d/1h9pv2MwWFjeZTcIcrFm7TM8EmkBM5TFl/view","https://drive.google.com/uc?export=download&id=1h9pv2MwWFjeZTcIcrFm7TM8EmkBM5TFl","https://drive.usercontent.google.com/download?id=1h9pv2MwWFjeZTcIcrFm7TM8EmkBM5TFl&export=download","source-archive/existing-drive/1824__1824_Fourier__Remarques-generales-sur-les-temperatures-du-globe-terrestre-et-des-espaces-planetaires.pdf","88028800","5aaa8af25db16392b70ad0d05eece5f1b1dec6df02c8766e2d567a122833c5c6","application/octet-stream","","review",""
"1840_Agassiz","1840","Études sur les glaciers (Studie o ledovcích)","downloaded","catalogue-direct","https://drive.google.com/file/d/1y8BZ81B-tPFX28s-4QwDCiYKjMLgh-KO/view","https://drive.google.com/uc?export=download&id=1y8BZ81B-tPFX28s-4QwDCiYKjMLgh-KO","https://drive.usercontent.google.com/download?id=1y8BZ81B-tPFX28s-4QwDCiYKjMLgh-KO&export=download","source-archive/existing-drive/1840__1840_Agassiz__Etudes-sur-les-glaciers-Studie-o-ledovcich.pdf","70480986","77c738bbba7b66f8dac5e544de41d72012099f6571c17207c8de0d81c93c0823","application/octet-stream","","review",""
"1856_Foote","1856","Circumstances Affecting the Heat of the Sun's Rays","downloaded","catalogue-direct","https://drive.google.com/file/d/15oymxiaSMzXA98QHhlvsMRLOZGohHEFj/view","https://drive.google.com/uc?export=download&id=15oymxiaSMzXA98QHhlvsMRLOZGohHEFj","https://drive.usercontent.google.com/download?id=15oymxiaSMzXA98QHhlvsMRLOZGohHEFj&export=download","source-archive/existing-drive/1856__1856_Foote__Circumstances-Affecting-the-Heat-of-the-Sun-s-Rays.pdf","27445083","ead55a41c31e207d3248d1f64e6698f1b03b642d6fee280ecdb85ffe3f856b85","application/octet-stream","","review",""
"1862_Tyndall","1861","On the Absorption and Radiation of Heat by Gases and Vapours","downloaded","catalogue-direct","https://drive.google.com/file/d/16tQmPe8jO8sTpmKTBmUjCzqxz4i6W_hY/view","https://drive.google.com/uc?export=download&id=16tQmPe8jO8sTpmKTBmUjCzqxz4i6W_hY","https://drive.usercontent.google.com/download?id=16tQmPe8jO8sTpmKTBmUjCzqxz4i6W_hY&export=download","source-archive/existing-drive/1861__1862_Tyndall__On-the-Absorption-and-Radiation-of-Heat-by-Gases-and-Vapours.pdf","4712619","feed6474ca834d8f8bfec91673040e4a4a62a9f35182e8273ec573b6c6cde7be","application/octet-stream","","review",""
"1864_Croll","1864","On the Physical Cause of the Change of Climate during Geological Epochs","downloaded","catalogue-direct","https://drive.google.com/file/d/1vsCMQbkVqpuDHsCNj00ANCU6tdvADrF4/view","https://drive.google.com/uc?export=download&id=1vsCMQbkVqpuDHsCNj00ANCU6tdvADrF4","https://drive.usercontent.google.com/download?id=1vsCMQbkVqpuDHsCNj00ANCU6tdvADrF4&export=download","source-archive/existing-drive/1864__1864_Croll__On-the-Physical-Cause-of-the-Change-of-Climate-during-Geological-Epochs.pdf","22878782","354b2be8c4260e0ef72b16e6cf2197ed7247efc637fc35c7bf5bfa4bbe5ad985","application/octet-stream","","review",""
"1871_Siemens_Thermometry","1871","The Bakerian Lecture: On the Increase of Electrical Resistance in Conductors with Rise of Temperature","no_public_file_found","","https://makingscience.royalsociety.org/items/ap_53_8/unpublished-paper-the-bakerian-lecture-on-the-increase-of-electrical-resistance-in-conductors-with-rise-of-temperature-and-its-application-to-the-measure-of-ordinary-and-furnace-temperatures-also-on-a-simple-method-of-measuring-electrical-resistances-by-c-w-charles-william-siemens","","","","","","","","review","No direct public PDF URL was discovered."
"WEB_biodiversitylibrary_org_Digitalizovany_puvodni_svazek_6958270a","1880","Digitalizovaný původní svazek","failed","","https://www.biodiversitylibrary.org/item/23752","","","","","","","public-domain","yes","BHL-item-PDF: HTTP 403"
"1884_Langley","1884","Researches on Solar Heat and its Absorption by the Earth's Atmosphere","downloaded","catalogue-direct","https://drive.google.com/file/d/1RFtDRgwXmn8ETxmUdINDzs8IDMoFmJyY/view","https://drive.google.com/uc?export=download&id=1RFtDRgwXmn8ETxmUdINDzs8IDMoFmJyY","https://drive.usercontent.google.com/download?id=1RFtDRgwXmn8ETxmUdINDzs8IDMoFmJyY&export=download","source-archive/existing-drive/1884__1884_Langley__Researches-on-Solar-Heat-and-its-Absorption-by-the-Earth-s-Atmosphere.pdf","15756165","6fe34b6e39997170068f9ce8df0cd4972c53f6d623643367e3500aadf606557d","application/octet-stream","","review",""
"1894_Hogbom","1894","Om sannolikheten för sekulära förändringar i atmosfärens kolsyrehalt","downloaded","catalogue-direct","https://drive.google.com/file/d/1l_AeVv8G8S0BKzzUr4bTvQZN5-gN_VxH/view","https://drive.google.com/uc?export=download&id=1l_AeVv8G8S0BKzzUr4bTvQZN5-gN_VxH","https://drive.usercontent.google.com/download?id=1l_AeVv8G8S0BKzzUr4bTvQZN5-gN_VxH&export=download","source-archive/existing-drive/1894__1894_Hogbom__Om-sannolikheten-for-sekulara-forandringar-i-atmosfarens-kolsyrehalt.pdf","2435346","5dd696abde9a86ae6f7fa1c10d522ad6ba8f1cdb2a6d65d6a381e17934002136","application/octet-stream","","review",""
"1896_Arrhenius","1896","On the Influence of Carbonic Acid in the Air upon the Temperature of the Ground","downloaded","catalogue-direct","https://drive.google.com/file/d/1-gReg5x8Tsm43c7GCDEB6JV80VXDj0VU/view","https://drive.google.com/uc?export=download&id=1-gReg5x8Tsm43c7GCDEB6JV80VXDj0VU","https://drive.usercontent.google.com/download?id=1-gReg5x8Tsm43c7GCDEB6JV80VXDj0VU&export=download","source-archive/existing-drive/1896__1896_Arrhenius__On-the-Influence-of-Carbonic-Acid-in-the-Air-upon-the-Temperature-of-the-Ground.pdf","4518810","ae9966e9d8993e8996320082d2697fae2fa449d116002fa1669d35278853981d","application/octet-stream","","review",""
"WEB_journals_ametsoc_org_The_International_Aeronautical_Congress_at_Berli_8cb3a239","1902","The International Aeronautical Congress at Berlin","failed","","https://journals.ametsoc.org/view/journals/mwre/30/7/1520-0493-30_7_356.xml","","","","","","","public-domain","yes","AMS-article-PDF: HTTP 403"
"DOI_10_1038_095262a0","1915","Recording Rain Gauges","failed","","https://doi.org/10.1038/095262a0","","","","","","","","review","Crossref-full-text: Received an HTML/login page instead of a source file"
"DOI_10_1093_icesjms_5_3_401","1930","Reviews","failed","","https://doi.org/10.1093/icesjms/5.3.401","","","","","","","","review","Crossref-full-text: HTTP 403"
"1938_Callendar","1938","The Artificial Production of Carbon Dioxide and its Influence on Temperature","downloaded","catalogue-direct","https://doi.org/10.1002/qj.49706427503","https://drive.google.com/uc?export=download&id=1hL9njRIBCqEfW3qz8cV2GidMB7QeKCZr","https://drive.usercontent.google.com/download?id=1hL9njRIBCqEfW3qz8cV2GidMB7QeKCZr&export=download","source-archive/existing-drive/1938__1938_Callendar__The-Artificial-Production-of-Carbon-Dioxide-and-its-Influence-on-Temperature.pdf","1035783","2dd88d2f769771989bdf6ca017574b7acee50d2929ed66a0e4aca36db3abcaf3","application/octet-stream","","review",""
"1941_Milankovic","1941","Kanon der Erdbestrahlung und seine Anwendung auf das Eiszeitenproblem","downloaded","catalogue-direct","https://drive.google.com/file/d/19N2a7IvozAvjVkxuqw9XHJV2UlU9m2Jt/view","https://drive.google.com/uc?export=download&id=19N2a7IvozAvjVkxuqw9XHJV2UlU9m2Jt","https://drive.usercontent.google.com/download?id=19N2a7IvozAvjVkxuqw9XHJV2UlU9m2Jt&export=download","source-archive/existing-drive/1941__1941_Milankovic__Kanon-der-Erdbestrahlung-und-seine-Anwendung-auf-das-Eiszeitenproblem.pdf","42251942","108d7a0ce9ecee32e6e4ee1b03672d4adda728d6e9fe974087a284f586d0c148","application/octet-stream","","review",""
"1952_Libby","1952","Radiocarbon Dating","downloaded","catalogue-direct","https://drive.google.com/file/d/1oQH4eoKfATFNVo0PQZDdZAhLhcOXBKqD/view","https://drive.google.com/uc?export=download&id=1oQH4eoKfATFNVo0PQZDdZAhLhcOXBKqD","https://drive.usercontent.google.com/download?id=1oQH4eoKfATFNVo0PQZDdZAhLhcOXBKqD&export=download","source-archive/existing-drive/1952__1952_Libby__Radiocarbon-Dating.pdf","10284445","9548e4cb09f47ba7f90c7b5f32de8c7d9e517916a71f0c0d6299883be143578c","application/octet-stream","","review",""
"1955_Emiliani","1955","Pleistocene Temperatures","downloaded","catalogue-direct","https://drive.google.com/file/d/1BUN9N05ph73dKAEPpzYsXT7QpjaJ6X6A/view","https://drive.google.com/uc?export=download&id=1BUN9N05ph73dKAEPpzYsXT7QpjaJ6X6A","https://drive.usercontent.google.com/download?id=1BUN9N05ph73dKAEPpzYsXT7QpjaJ6X6A&export=download","source-archive/existing-drive/1955__1955_Emiliani__Pleistocene-Temperatures.pdf","4758658","78c12718e146d520599be7aacdf01861321cc82dec795bcaaf10909517e26593","application/octet-stream","","review",""
"1956_Plass","1956","The Carbon Dioxide Theory of Climatic Change","downloaded","catalogue-direct","https://drive.google.com/file/d/1OQv4tb6jf8V3dPy_01bCkfL2DIbKjQ0_/view","https://drive.google.com/uc?export=download&id=1OQv4tb6jf8V3dPy_01bCkfL2DIbKjQ0_","https://drive.usercontent.google.com/download?id=1OQv4tb6jf8V3dPy_01bCkfL2DIbKjQ0_&export=download","source-archive/existing-drive/1956__1956_Plass__The-Carbon-Dioxide-Theory-of-Climatic-Change.pdf","2369267","f206ffe98d5f69d88a45c0677e49ede1491ce88cd1bdd384d3d511cff19a2f32","application/octet-stream","","review",""
"DOI_10_3402_tellusa_v10i2_9231","1958","On the Amount of Carbon Dioxide in the Atmosphere","downloaded","catalogue-direct","https://doi.org/10.3402/tellusa.v10i2.9231","https://tellusjournal.org/articles/3586/files/657ab3cf3afd9.pdf","https://tellusjournal.org/articles/3586/files/657ab3cf3afd9.pdf","source-archive/primary/1958__DOI_10_3402_tellusa_v10i2_9231__On-the-Amount-of-Carbon-Dioxide-in-the-Atmosphere.pdf","338889","bca6438bd9a3ccef6a3423255c5c9a044d98419e6085fca427d6a0aa2df8b64f","application/pdf","cc-by","yes_with_attribution",""
"DOI_10_1111_j_2153_3490_1960_tb01300_x","1960","The Concentration and Isotopic Abundances of Carbon Dioxide in the Atmosphere","downloaded","catalogue-direct","https://doi.org/10.1111/j.2153-3490.1960.tb01300.x","https://tellusjournal.org/articles/3457/files/6572a8eb567d8.pdf","https://tellusjournal.org/articles/3457/files/6572a8eb567d8.pdf","source-archive/primary/1960__DOI_10_1111_j_2153_3490_1960_tb01300_x__The-Concentration-and-Isotopic-Abundances-of-Carbon-Dioxide-in-the-Atmosphere.pdf","407138","bd96cbb4dd9b258f66d1b37131a823615ecdec640724279679aa76b0ee659866","application/pdf","cc-by","yes_with_attribution",""
"DOI_10_3189_s002214300002757x","1962","Mass Balance Studies in Kebnekajse","downloaded","catalogue-direct","https://doi.org/10.3189/S002214300002757X","https://www.cambridge.org/core/services/aop-cambridge-core/content/view/70847C791ECD897CF8F1EE494930FF6B/S002214300002757Xa.pdf/div-class-title-mass-balance-studies-in-kebnekajse-div.pdf","https://www.cambridge.org/core/services/aop-cambridge-core/content/view/70847C791ECD897CF8F1EE494930FF6B/S002214300002757Xa.pdf/div-class-title-mass-balance-studies-in-kebnekajse-div.pdf","source-archive/primary/1962__DOI_10_3189_s002214300002757x__Mass-Balance-Studies-in-Kebnekajse.pdf","6257444","14aa5e1de68a839064ddd822a4299795d38c94d7fe131441fc6100bab5a69e63","application/pdf","","review",""
"1967_Manabe_Wetherald","1967","Thermal Equilibrium of the Atmosphere with a Given Distribution of Relative Humidity","failed","","https://doi.org/10.1175/1520-0469(1967)024%3C0241:TEOTAW%3E2.0.CO;2","","","","","","","","review","Crossref-full-text: HTTP 404"
"DOI_10_1111_j_2153_3490_1976_tb00701_x","1976","Atmospheric carbon dioxide variations at Mauna Loa Observatory, Hawaii","downloaded","catalogue-direct","https://doi.org/10.1111/j.2153-3490.1976.tb00701.x","https://tellusjournal.org/articles/2423/files/submission/proof/2423-1-45240-1-10-20221011.pdf","https://tellusjournal.org/articles/2423/files/submission/proof/2423-1-45240-1-10-20221011.pdf","source-archive/primary/1976__DOI_10_1111_j_2153_3490_1976_tb00701_x__Atmospheric-carbon-dioxide-variations-at-Mauna-Loa-Observatory-Hawaii.pdf","908244","7a0483a3ec42eb1e6517bad2957c37e8e7baf8d2b03e8ab879992a1d367280bb","application/pdf","cc-by-4.0","yes_with_attribution",""
"DOI_10_3402_tellusb_v38i2_15083","1986","Reassessment of late 19th century atmospheric carbon dioxide variations in the air of western Europe and the British Isles based on an unpublished analysis of contemporary air masses by G. S. Callendar","downloaded","catalogue-direct","https://doi.org/10.3402/tellusb.v38i2.15083","https://b.tellusjournals.se/articles/1730/files/submission/proof/1730-1-15334-1-10-20221122.pdf","https://b.tellusjournals.se/articles/1730/files/submission/proof/1730-1-15334-1-10-20221122.pdf","source-archive/primary/1986__DOI_10_3402_tellusb_v38i2_15083__Reassessment-of-late-19th-century-atmospheric-carbon-dioxide-variations-in-the-air-of-western-Europe-and-the-British-Isles-based-on-an-unpubl.pdf","1372381","1612bd5ceea9abc2c510c9c447d127a383b0e22ac8b938770b76f09a5b801be6","application/pdf","cc-by-4.0","yes_with_attribution",""
"WEB_NASA_Arctic_Sea_ice_1973_1976_Satellite_passive_micro_d558d4bf","1987","Arctic Sea ice, 1973-1976: Satellite passive-microwave observations","downloaded","catalogue-direct","https://ntrs.nasa.gov/citations/19870015437","https://ntrs.nasa.gov/api/citations/19870015437/downloads/19870015437.pdf","https://ntrs.nasa.gov/api/citations/19870015437/downloads/19870015437.pdf","source-archive/related/1987__WEB_NASA_Arctic_Sea_ice_1973_1976_Satellite_passive_micro_d558d4bf__Arctic-Sea-ice-1973-1976-Satellite-passive-microwave-observations.pdf","414518263","bfc3b35ace915d98bd91039b02539c43668abe8d1bbdf6f912d88e548d12754d","application/pdf","","review",""
"1990_IPCC_FAR","1990","First Assessment Report","downloaded","catalogue-direct","https://www.ipcc.ch/site/assets/uploads/2018/05/ipcc_90_92_assessments_far_full_report.pdf","https://www.ipcc.ch/site/assets/uploads/2018/05/ipcc_90_92_assessments_far_full_report.pdf","https://www.ipcc.ch/site/assets/uploads/2018/05/ipcc_90_92_assessments_far_full_report.pdf","source-archive/primary/1990__1990_IPCC_FAR__First-Assessment-Report.pdf","15212975","130f256533fbce60bcd68be72dc8744a0ea777ef9871d80a6c13d5533d35479e","application/pdf","","review",""
"DOI_10_5067_8gq8lzqvl0vl","1996","Sea Ice Concentrations from Nimbus-7 SMMR and DMSP SSM/I-SSMIS Passive Microwave Data","downloaded","catalogue-direct","https://doi.org/10.5067/8GQ8LZQVL0VL","https://nsidc.org/sites/default/files/documents/user-guide/nsidc-0051-v001-userguide.pdf","https://nsidc.org/sites/default/files/documents/user-guide/nsidc-0051-v001-userguide.pdf","source-archive/primary/1996__DOI_10_5067_8gq8lzqvl0vl__Sea-Ice-Concentrations-from-Nimbus-7-SMMR-and-DMSP-SSM-I-SSMIS-Passive-Microwave-Data.pdf","498851","2b7540d70c5dfceecb79071e0e93eae876bd193552103b5eeec915c894167336","application/pdf","","review",""
"DOI_10_1029_1999jc900082","1999","Arctic sea ice extents, areas, and trends, 1978–1996","failed","","https://doi.org/10.1029/1999JC900082","","","","","","","","review","Crossref-full-text: HTTP 403"
"2000_Argo","2000","Zahájení programu Argo","downloaded","catalogue-direct","https://www.aoml.noaa.gov/argo/","https://www.aoml.noaa.gov/wp-content/uploads/2022/08/argo_biblio_updated_may2022.pdf","https://www.aoml.noaa.gov/wp-content/uploads/2022/08/argo_biblio_updated_may2022.pdf","source-archive/related/2000__2000_Argo__Zahajeni-programu-Argo.pdf","2715713","434c8ba220390a35465bae7525c08344e558a88632d005064c30af0e6a6ceb47","application/pdf","","review",""
"DOI_10_4267_2042_36222","2002","Il y a un siècle. Le contexte scientifique de la surprenante découverte de la stratosphère","downloaded","catalogue-direct","https://doi.org/10.4267/2042/36222","https://lameteorologie.fr/admin/api/public/api/meteo/website/downloadArticlePDF/meteo_2002_37_57","https://lameteorologie.fr/admin/api/public/api/meteo/website/downloadArticlePDF/meteo_2002_37_57","source-archive/primary/2002__DOI_10_4267_2042_36222__Il-y-a-un-siecle.-Le-contexte-scientifique-de-la-surprenante-decouverte-de-la-stratosphere.pdf","964834","9d5cfb4dcfc197bc5f6a277ae19c721c6a5006502665e3a4fe9a47d707031a79","application/pdf","","review",""
"DOI_10_1126_science_1073888","2002","Mass Balance of Polar Ice Sheets","failed","","https://doi.org/10.1126/science.1073888","","","","","","","cc-by","yes_with_attribution","eScholarship-stable-PDF: HTTP 403 | Crossref-full-text: HTTP 403"
"DOI_10_3354_cr019193","2002","Observed coherent changes in climatic extremes during the second half of the twentieth century","failed","","https://doi.org/10.3354/cr019193","","","","","","","","review","Crossref-full-text: HTTP 401"
"DOI_10_1029_2003jd003562","2003","Implications of ice core smoothing for inferring CO₂ flux variability","failed","","https://doi.org/10.1029/2003JD003562","","","","","","","","review","Crossref-full-text: HTTP 403"
"DOI_10_1175_1520_0493_2003_131_0845_mgsiwa_2_0_co_2","2003","Modeling Global Sea Ice with a Thickness and Enthalpy Distribution Model in Generalized Curvilinear Coordinates","failed","","https://doi.org/10.1175/1520-0493(2003)131%3C0845:MGSIWA%3E2.0.CO;2","","","","","","","","review","Crossref-full-text: HTTP 404"
"DOI_10_1175_1520_0442_2003_016_0224_thomrt_2_0_co_2","2003","Temporal Homogenization of Monthly Radiosonde Temperature Data. Part I: Methodology","failed","","https://doi.org/10.1175/1520-0442(2003)016%3C0224:THOMRT%3E2.0.CO;2","","","","","","","","review","Crossref-full-text: HTTP 404"
"DOI_10_1175_1525_7541_2003_004_1147_tvgpcp_2_0_co_2","2003","The Version-2 Global Precipitation Climatology Project (GPCP) Monthly Precipitation Analysis (1979–Present)","failed","","https://doi.org/10.1175/1525-7541(2003)004%3C1147:TVGPCP%3E2.0.CO;2","","","","","","","","review","Crossref-full-text: HTTP 404"
"DOI_10_7265_n52r3pmc","2004","IMS Daily Northern Hemisphere Snow and Ice Analysis at 1 km, 4 km, and 24 km Resolutions, Version 1","downloaded","catalogue-direct","https://doi.org/10.7265/N52R3PMC","https://nsidc.org/sites/default/files/g02156-v001-userguide_1_1.pdf","https://nsidc.org/sites/default/files/g02156-v001-userguide_1_1.pdf","source-archive/primary/2004__DOI_10_7265_n52r3pmc__IMS-Daily-Northern-Hemisphere-Snow-and-Ice-Analysis-at-1-km-4-km-and-24-km-Resolutions-Version-1.pdf","384597","0470f569d054e8cee4248cc5c7e1549e834d9c7b1b317bcac8b56c4ebce1092c","application/pdf","","review",""
"DOI_10_1175_jcli3198_1","2004","Using First Differences to Reduce Inhomogeneity in Radiosonde Temperature Datasets","failed","","https://doi.org/10.1175/JCLI3198.1","","","","","","","","review","Crossref-full-text: HTTP 404"
"DOI_10_1175_jcli3366_1","2005","Avoiding Inhomogeneity in Percentile-Based Indices of Temperature Extremes","failed","","https://doi.org/10.1175/JCLI3366.1","","","","","","","","review","Crossref-full-text: HTTP 404"
"DOI_10_1029_2005gl023955","2005","Greenland mass balance from GRACE","failed","","https://doi.org/10.1029/2005GL023955","","","","","","","cc-by","yes_with_attribution","eScholarship-stable-PDF: HTTP 403 | Crossref-full-text: HTTP 403"
"DOI_10_1029_2005jd006169","2005","Radiosonde Atmospheric Temperature Products for Assessing Climate (RATPAC): A new data set of large‐area anomaly time series","failed","","https://doi.org/10.1029/2005JD006169","","","","","","","","review","Crossref-full-text: HTTP 403"
"DOI_10_1029_2004jd005753","2005","Revisiting radiosonde upper air temperatures from 1958 to 2002","failed","","https://doi.org/10.1029/2004JD005753","","","","","","","","review","Crossref-full-text: HTTP 403"
"DOI_10_1029_2005jd006003","2006","Estimating uncertainty of the WMO mole fraction scale for carbon dioxide in air","failed","","https://doi.org/10.1029/2005JD006003","","","","","","","","review","Crossref-full-text: HTTP 403"
"DOI_10_1111_j_1365_2486_2006_01193_x","2006","European phenological response to climate change matches the warming pattern","failed","","https://doi.org/10.1111/j.1365-2486.2006.01193.x","","","","","","","","review","Crossref-full-text: HTTP 400 | Crossref-full-text: HTTP 403"
"DOI_10_1029_2005jd006290","2006","Global observed changes in daily climate extremes of temperature and precipitation","downloaded","catalogue-direct","https://doi.org/10.1029/2005JD006290","https://bibliotecadigital.exactas.uba.ar/download/paper/paper_01480227_v111_n5_p_Alexander.pdf","https://bibliotecadigital.exactas.uba.ar/download/paper/paper_01480227_v111_n5_p_Alexander.pdf","source-archive/primary/2006__DOI_10_1029_2005jd006290__Global-observed-changes-in-daily-climate-extremes-of-temperature-and-precipitation.pdf","4210886","76adb5415046a5c135fa739f7bf282802910f211ec070c459a1dcd10b086a405","application/pdf","other-oa","review",""
"DOI_10_1126_science_1123785","2006","Measurements of Time-Variable Gravity Show Mass Loss in Antarctica","failed","","https://doi.org/10.1126/science.1123785","","","","","","","cc-by","yes_with_attribution","eScholarship-stable-PDF: HTTP 403 | Crossref-full-text: HTTP 403"
"DOI_10_5067_qozivyv3v9jp","2006","Nimbus-7 SMMR Polar Gridded Radiances and Sea Ice Concentrations, Version 1","downloaded","catalogue-direct","https://doi.org/10.5067/QOZIVYV3V9JP","https://nsidc.org/sites/default/files/nsidc-0007-v001-userguide.pdf","https://nsidc.org/sites/default/files/nsidc-0007-v001-userguide.pdf","source-archive/primary/2006__DOI_10_5067_qozivyv3v9jp__Nimbus-7-SMMR-Polar-Gridded-Radiances-and-Sea-Ice-Concentrations-Version-1.pdf","185383","5ca39fa75b23794bf2b62ec6309a56b3546b04bf0007fe4898e03e4380bdbc2c","application/pdf","","review",""
"DOI_10_1175_jcli3816_1","2006","Recent Climatology, Variability, and Trends in Global Surface Humidity","failed","","https://doi.org/10.1175/JCLI3816.1","","","","","","","","review","Crossref-full-text: HTTP 404"
"DOI_10_1029_2005jd006548","2006","Uncertainty estimates in regional and global observed temperature changes: A new data set from 1850","downloaded","catalogue-direct","https://doi.org/10.1029/2005JD006548","https://www.pure.ed.ac.uk/ws/files/11273977/UNCERTAINTY2006.pdf","https://www.pure.ed.ac.uk/ws/files/11273977/UNCERTAINTY2006.pdf","source-archive/primary/2006__DOI_10_1029_2005jd006548__Uncertainty-estimates-in-regional-and-global-observed-temperature-changes-A-new-data-set-from-1850.pdf","1771036","e07ce86e9c8deea02a0fcee1177800479cd3ea69069c537c93b4019d6dec0b86","application/pdf","other-oa","review",""
"WEB_NOAA_Dickson_et_al_2007_prirucka_standardnich_mericic_9661bd2a","2007","Dickson et al. (2007): příručka standardních měřicích postupů","downloaded","catalogue-direct","https://www.ncei.noaa.gov/access/ocean-carbon-acidification-data-system/oceans/Handbook_2007/Guide_all_in_one.pdf","https://www.ncei.noaa.gov/access/ocean-carbon-acidification-data-system/oceans/Handbook_2007/Guide_all_in_one.pdf","https://www.ncei.noaa.gov/access/ocean-carbon-acidification-data-system/oceans/Handbook_2007/Guide_all_in_one.pdf","source-archive/primary/2007__WEB_NOAA_Dickson_et_al_2007_prirucka_standardnich_mericic_9661bd2a__Dickson-et-al.-2007-prirucka-standardnich-mericich-postupu.pdf","5434312","1aaac8e647d9e0b12eaa31e669504e51bbc85fdebed4442464cc8e14cdc7ddfd","application/pdf","","review",""
"DOI_10_1175_jcli4050_1","2007","Homogenization of Radiosonde Temperature Time Series Using Innovation Statistics","failed","","https://doi.org/10.1175/JCLI4050.1","","","","","","","cc-by-nc-nd","yes_with_conditions","Crossref-full-text: HTTP 404"
"DOI_10_1029_2006gl027834","2007","How much is the ocean really warming?","failed","","https://doi.org/10.1029/2006GL027834","","","","","","","","review","Crossref-full-text: HTTP 403"
"DOI_10_1002_joc_1594","2007","Phenological data series of cherry tree flowering in Kyoto, Japan, and its application to reconstruction of springtime temperatures since the 9th century","downloaded","catalogue-direct","https://doi.org/10.1002/joc.1594","https://omu.repo.nii.ac.jp/record/709/files/2010000032.pdf","https://omu.repo.nii.ac.jp/record/709/files/2010000032.pdf","source-archive/primary/2007__DOI_10_1002_joc_1594__Phenological-data-series-of-cherry-tree-flowering-in-Kyoto-Japan-and-its-application-to-reconstruction-of-springtime-temperatures-since-the-9th-century.pdf","494617","5ec81f7be3e1e3ff83c5f6add7dce745bab83febf0bff113ecbae550d7a14df2","application/pdf","cc-by-nc-nd","yes_with_conditions",""
"DOI_10_1038_nature06949","2008","High-resolution carbon dioxide concentration record 650,000–800,000 years before present","failed","","https://doi.org/10.1038/nature06949","","","","","","","","review","Crossref-full-text: Received an HTML/login page instead of a source file"
"DOI_10_1038_nature07080","2008","Improved estimates of upper-ocean warming and multi-decadal sea-level rise","failed","","https://doi.org/10.1038/nature07080","","","","","","","cc-by","yes_with_attribution","Crossref-full-text: Received an HTML/login page instead of a source file"
"DOI_10_1029_2008jc004830","2008","Observed sea ice extent in the Russian Arctic, 1933–2006","failed","","https://doi.org/10.1029/2008JC004830","","","","","","","","review","Crossref-full-text: HTTP 403"
"DOI_10_1175_2008jcli2274_1","2008","Recent Changes in Surface Humidity: Development of the HadCRUH Dataset","failed","","https://doi.org/10.1175/2008JCLI2274.1","","","","","","","","review","Crossref-full-text: HTTP 404"
"DOI_10_1029_2008jd010421","2009","An update of observed stratospheric temperature trends","downloaded","catalogue-direct","https://doi.org/10.1029/2008JD010421","https://hal.science/hal-00355600/document","https://hal.science/hal-00355600/document","source-archive/primary/2009__DOI_10_1029_2008jd010421__An-update-of-observed-stratospheric-temperature-trends.pdf","1141500","802ec7436ae377b6343bb6a5df9a8954042fd1c986608fdff07a56617898c6b5","application/pdf","other-oa","review",""
"DOI_10_1175_2008jtecha1176_1","2009","Construction of the Remote Sensing Systems V3.2 Atmospheric Temperature Records from the MSU and AMSU Microwave Sounders","failed","","https://doi.org/10.1175/2008JTECHA1176.1","","","","","","","","review","Crossref-full-text: HTTP 404"
"DOI_10_1029_2009gl039035","2009","Decline in Arctic sea ice thickness from submarine and ICESat records: 1958–2008","failed","","https://doi.org/10.1029/2009GL039035","","","","","","","","review","Crossref-full-text: HTTP 403"
"DOI_10_1029_2008gl037155","2009","Global ocean heat content 1955–2008 in light of recently revealed instrumentation problems","downloaded","catalogue-direct","https://doi.org/10.1029/2008GL037155","https://archimer.ifremer.fr/doc/00660/77168/78560.pdf","https://archimer.ifremer.fr/doc/00660/77168/78560.pdf","source-archive/primary/2009__DOI_10_1029_2008gl037155__Global-ocean-heat-content-1955-2008-in-light-of-recently-revealed-instrumentation-problems.pdf","156927","eebe8791384c34ba975cb34b3f5ff4f514013a5ed9e66e84424fdbf70c63ea96","application/pdf","other-oa","review",""
"DOI_10_1175_2008jcli2263_1","2009","Homogenization of Temperature Series via Pairwise Comparisons","failed","","https://doi.org/10.1175/2008JCLI2263.1","","","","","","","","review","Crossref-full-text: HTTP 404"
"DOI_10_1073_pnas_0906044106","2009","Physical and biogeochemical modulation of ocean acidification in the central North Pacific","downloaded","Semantic-Scholar-open-access","https://doi.org/10.1073/pnas.0906044106","https://europepmc.org/articles/pmc2716384?pdf=render","https://europepmc.org/api/getPdf?pmcid=PMC2716384","source-archive/open-access/2009__DOI_10_1073_pnas_0906044106__Physical-and-biogeochemical-modulation-of-ocean-acidification-in-the-central-North-Pacific.pdf","1624719","d5c8695f171325d5faf895e4a2833988a23956b44ee0691cc588565e2ed87f0f","application/pdf","other-oa","review",""
"DOI_10_1029_2008jd010989","2009","Radiosonde‐based trends in precipitable water over the Northern Hemisphere: An update","failed","","https://doi.org/10.1029/2008JD010989","","","","","","","","review","Crossref-full-text: HTTP 403"
"DOI_10_5670_oceanog_2009_36","2009","The Argo Program: Observing the Global Oceans with Profiling Floats","downloaded","catalogue-direct","https://doi.org/10.5670/oceanog.2009.36","https://tos.org/oceanography/assets/docs/22-2_roemmich.pdf","https://tos.org/oceanography/assets/docs/22-2_roemmich.pdf","source-archive/primary/2009__DOI_10_5670_oceanog_2009_36__The-Argo-Program-Observing-the-Global-Oceans-with-Profiling-Floats.pdf","3667793","eb81eee5817c9005ddc0245063ac00b0b83da72669b1d30e3d9cc32b60102ae0","application/pdf","cc-by","yes_with_attribution",""
"DOI_10_1175_2010jamc2375_1","2010","Comprehensive Automated Quality Assurance of Daily Surface Observations","failed","","https://doi.org/10.1175/2010JAMC2375.1","","","","","","","","review","Crossref-full-text: HTTP 404"
"DOI_10_1111_j_2041_210x_2010_00020_x","2010","Featuring 10 phenological estimators using simulated data","failed","","https://doi.org/10.1111/j.2041-210X.2010.00020.x","","","","","","","","review","Crossref-full-text: HTTP 400 | Crossref-full-text: HTTP 403"
"DOI_10_4319_lom_2010_8_172","2010","Testing the Honeywell Durafet® for seawater pH applications","failed","","https://doi.org/10.4319/lom.2010.8.172","","","","","","","","review","Crossref-full-text: HTTP 403"
"DOI_10_1029_2010jd014954","2011","Assessing uncertainty in estimates of atmospheric temperature changes from MSU and AMSU using a Monte-Carlo estimation technique","failed","","https://doi.org/10.1029/2010JD014954","","","","","","","","review","Semantic-Scholar-open-access: HTTP 403 | Crossref-full-text: HTTP 403"
"DOI_10_5194_tc_5_271_2011","2011","Co-registration and bias corrections of satellite elevation data sets for quantifying glacier thickness change","downloaded","catalogue-direct","https://doi.org/10.5194/tc-5-271-2011","https://tc.copernicus.org/articles/5/271/2011/tc-5-271-2011.pdf","https://tc.copernicus.org/articles/5/271/2011/tc-5-271-2011.pdf","source-archive/primary/2011__DOI_10_5194_tc_5_271_2011__Co-registration-and-bias-corrections-of-satellite-elevation-data-sets-for-quantifying-glacier-thickness-change.pdf","7426384","f44afdd40bc25b826fe0243c8f67ac77f0511835b130024e9a225238c560fcba","application/pdf","cc-by","yes_with_attribution",""
"DOI_10_1029_2011gl047735","2011","Distribution and trends in Arctic sea ice age through spring 2011","failed","","https://doi.org/10.1029/2011GL047735","","","","","","","","review","Crossref-full-text: HTTP 403"
"WEB_World_Glacier_Monitoring_Ser_glosar_UNESCO_a_WGMS_06fc9a79","2011","glosář UNESCO a WGMS","downloaded","catalogue-direct","https://wgms.ch/downloads/Cogley_etal_2011.pdf","https://wgms.ch/downloads/Cogley_etal_2011.pdf","https://wgms.ch/downloads/Cogley_etal_2011.pdf","source-archive/primary/2011__WEB_World_Glacier_Monitoring_Ser_glosar_UNESCO_a_WGMS_06fc9a79__glosar-UNESCO-a-WGMS.pdf","2861966","9e8f83c85321bee854083e65cd518f26f7a84f9716ceecd5dfa6b8057e07cc8b","application/pdf","","review",""
"DOI_10_1029_2011jd016205","2011","Intersatellite calibration of AMSU-A observations for weather and climate applications","failed","","https://doi.org/10.1029/2011JD016205","","","","","","","","review","Crossref-full-text: HTTP 403"
"DOI_10_5194_tc_5_219_2011","2011","Northern Hemisphere spring snow cover variability and change over 1922–2010 including an assessment of uncertainty","downloaded","catalogue-direct","https://doi.org/10.5194/tc-5-219-2011","https://tc.copernicus.org/articles/5/219/2011/tc-5-219-2011.pdf","https://tc.copernicus.org/articles/5/219/2011/tc-5-219-2011.pdf","source-archive/primary/2011__DOI_10_5194_tc_5_219_2011__Northern-Hemisphere-spring-snow-cover-variability-and-change-over-1922-2010-including-an-assessment-of-uncertainty.pdf","687503","8123858edb35a2f24c6f9ced69be321a2419c54305d9494f31c046e5405cde27","application/pdf","cc-by","yes_with_attribution",""
"DOI_10_5194_hess_15_3033_2011","2011","Scaling and trends of hourly precipitation extremes in two different climate zones – Hong Kong and the Netherlands","downloaded","catalogue-direct","https://doi.org/10.5194/hess-15-3033-2011","https://hess.copernicus.org/articles/15/3033/2011/hess-15-3033-2011.pdf","https://hess.copernicus.org/articles/15/3033/2011/hess-15-3033-2011.pdf","source-archive/primary/2011__DOI_10_5194_hess_15_3033_2011__Scaling-and-trends-of-hourly-precipitation-extremes-in-two-different-climate-zones-Hong-Kong-and-the-Netherlands.pdf","588009","dc072b2f59e39499df6e78f5c84e997a874657f96fbc6ba22eff1203c70d937c","application/pdf","cc-by","yes_with_attribution",""
"DOI_10_1007_s10712_011_9119_1","2011","Sea-Level Rise from the Late 19th to the Early 21st Century","downloaded","catalogue-direct","https://doi.org/10.1007/s10712-011-9119-1","https://link.springer.com/content/pdf/10.1007/s10712-011-9119-1.pdf?error=cookies_not_supported&code=c34c1a18-1e31-4e76-b823-91e89f376dc2","https://link.springer.com/content/pdf/10.1007/s10712-011-9119-1.pdf?error=cookies_not_supported&code=90112ad8-37c8-4e05-82f7-88d0a4f1bd17","source-archive/primary/2011__DOI_10_1007_s10712_011_9119_1__Sea-Level-Rise-from-the-Late-19th-to-the-Early-21st-Century.pdf","2695052","d469e5279ed7f6acc72785f4c6403f23037a596f322628ff00ab89c0f31d2415","application/pdf","cc-by-nc","yes_with_conditions",""
"DOI_10_1126_science_1228102","2012","A Reconciled Estimate of Ice-Sheet Mass Balance","failed","","https://doi.org/10.1126/science.1228102","","","","","","","cc-by","yes_with_attribution","Crossref-full-text: HTTP 403"
"DOI_10_1175_jtech_d_11_00103_1","2012","An Overview of the Global Historical Climatology Network-Daily Database","failed","","https://doi.org/10.1175/JTECH-D-11-00103.1","","","","","","","","review","Crossref-full-text: HTTP 404"
"DOI_10_7265_n56d5qxc","2012","Arctic Sea Ice Charts from Danish Meteorological Institute, 1893 - 1956","downloaded","catalogue-direct","https://doi.org/10.7265/N56D5QXC","https://nsidc.org/sites/default/files/g02203-v001-userguide_1.pdf","https://nsidc.org/sites/default/files/g02203-v001-userguide_1.pdf","source-archive/primary/2012__DOI_10_7265_n56d5qxc__Arctic-Sea-Ice-Charts-from-Danish-Meteorological-Institute-1893-1956.pdf","1049705","b90b98abce6bae05e7f214af8007ebef9c545010bec8184cf9eccfa227d42c25","application/pdf","","review",""
"DOI_10_7289_v5d21vhz","2012","Global Historical Climatology Network - Daily (GHCN-Daily), Version 3","downloaded","catalogue-direct","https://doi.org/10.7289/V5D21VHZ","https://www.ncei.noaa.gov/data/global-historical-climatology-network-daily/doc/readme.txt","https://www.ncei.noaa.gov/data/global-historical-climatology-network-daily/doc/readme.txt","source-archive/primary/2012__DOI_10_7289_v5d21vhz__Global-Historical-Climatology-Network-Daily-GHCN-Daily-Version-3.txt","28567","3a71ae355252a6693a56a473ed7182b500ae7816c2cb2b2ce708c1e9ea9dcfde","text/plain","","review",""
"DOI_10_5194_cp_8_1649_2012","2012","HadISD: a quality-controlled global synoptic report database for selected variables at long-term stations from 1973–2011","downloaded","catalogue-direct","https://doi.org/10.5194/cp-8-1649-2012","https://arxiv.org/pdf/1210.7191","https://arxiv.org/pdf/1210.7191","source-archive/primary/2012__DOI_10_5194_cp_8_1649_2012__HadISD-a-quality-controlled-global-synoptic-report-database-for-selected-variables-at-long-term-stations-from-1973-2011.pdf","5391609","90a135c410f49f0a37bdf907ba320e2985ecf896be0ed91f06a15adedb0a63b1","application/pdf","cc-by","yes_with_attribution",""
"DOI_10_1175_jcli_d_11_00668_1","2012","Homogenization of the Global Radiosonde Temperature Dataset through Combined Comparison with Reanalysis Background Series and Neighboring Stations","failed","","https://doi.org/10.1175/JCLI-D-11-00668.1","","","","","","","other-oa","review","Crossref-full-text: HTTP 404"
"DOI_10_7289_v5n014g9","2012","NOAA Climate Data Record (CDR) of Northern Hemisphere (NH) Snow Cover Extent (SCE), Version 1","downloaded","catalogue-direct","https://doi.org/10.7289/V5N014G9","https://www.ncei.noaa.gov/pub/data/sds/cdr/CDRs/Snow_Cover_Extent_Northern_Hemisphere/SourceCode_01B-12.tar.gz","https://www.ncei.noaa.gov/pub/data/sds/cdr/CDRs/Snow_Cover_Extent_Northern_Hemisphere/SourceCode_01B-12.tar.gz","source-archive/primary/2012__DOI_10_7289_v5n014g9__NOAA-Climate-Data-Record-CDR-of-Northern-Hemisphere-NH-Snow-Cover-Extent-SCE-Version-1.gz","3415508","9249e22ae6ce42e83ecc0ed69096fbf29cc779868c86f70c485533e5890fb029","application/gzip","","review",""
"DOI_10_5066_f78s4n1v","2012","USA National Phenology Network In-Situ Phenology Observation Data","no_public_file_found","","https://doi.org/10.5066/F78S4N1V","","","","","","","","review","No direct public PDF URL was discovered."
"DOI_10_1029_2012gl051106","2012","World ocean heat content and thermosteric sea level change (0–2000 m), 1955–2010","downloaded","catalogue-direct","https://doi.org/10.1029/2012GL051106","https://archimer.ifremer.fr/doc/00661/77337/78773.pdf","https://archimer.ifremer.fr/doc/00661/77337/78773.pdf","source-archive/primary/2012__DOI_10_1029_2012gl051106__World-ocean-heat-content-and-thermosteric-sea-level-change-0-2000-m-1955-2010.pdf","6435819","87a6c13157e5a2fb742fee3752cb0c353af542831c2c9cbb50ed1687baa0570d","application/pdf","other-oa","review",""
"DOI_10_5194_essd_5_71_2013","2013","A description of the global land-surface precipitation data products of the Global Precipitation Climatology Centre with sample applications including centennial (trend) analysis from 1901–present","downloaded","catalogue-direct","https://doi.org/10.5194/essd-5-71-2013","https://essd.copernicus.org/articles/5/71/2013/essd-5-71-2013.pdf","https://essd.copernicus.org/articles/5/71/2013/essd-5-71-2013.pdf","source-archive/primary/2013__DOI_10_5194_essd_5_71_2013__A-description-of-the-global-land-surface-precipitation-data-products-of-the-Global-Precipitation-Climatology-Centre-with-sample-applications-inclu.pdf","12029245","686b3d5822032c2641db1e3defbc76a722bf79fc14422ff3b60d735b8dbedcf7","application/pdf","cc-by","yes_with_attribution",""
"DOI_10_5194_tc_7_877_2013","2013","Density assumptions for converting geodetic glacier volume change to mass change","downloaded","catalogue-direct","https://doi.org/10.5194/tc-7-877-2013","https://tc.copernicus.org/articles/7/877/2013/tc-7-877-2013.pdf","https://tc.copernicus.org/articles/7/877/2013/tc-7-877-2013.pdf","source-archive/primary/2013__DOI_10_5194_tc_7_877_2013__Density-assumptions-for-converting-geodetic-glacier-volume-change-to-mass-change.pdf","817284","39b42fe0b1a5b4902eb63c46a1bd3bc19fa8276dd3fb8d1421836d9763b7cc4b","application/pdf","cc-by","yes_with_attribution",""
"DOI_10_1175_jcli_d_12_00502_1","2013","Global Increasing Trends in Annual Maximum Daily Precipitation","downloaded","catalogue-direct","https://doi.org/10.1175/JCLI-D-12-00502.1","https://unsworks.unsw.edu.au/server/api/core/bitstreams/4347d69f-5bb8-47d8-bdf2-33efd5b5149b/content","https://unsworks.unsw.edu.au/server/api/core/bitstreams/4347d69f-5bb8-47d8-bdf2-33efd5b5149b/content","source-archive/primary/2013__DOI_10_1175_jcli_d_12_00502_1__Global-Increasing-Trends-in-Annual-Maximum-Daily-Precipitation.pdf","3053782","60bfe5d592098e82f4bc04d34482a1d4e9b6d147fa13b1302991697b14047ab4","application/pdf","cc-by-nc-nd","yes_with_conditions",""
"DOI_10_1175_jcli_d_12_00383_1","2013","On the Measurement of Heat Waves","downloaded","catalogue-direct","https://doi.org/10.1175/JCLI-D-12-00383.1","https://unsworks.unsw.edu.au/server/api/core/bitstreams/6536a42a-6311-4c32-971c-92351fde0cf2/content","https://unsworks.unsw.edu.au/server/api/core/bitstreams/6536a42a-6311-4c32-971c-92351fde0cf2/content","source-archive/primary/2013__DOI_10_1175_jcli_d_12_00383_1__On-the-Measurement-of-Heat-Waves.pdf","4765032","bf8646590603ce6432bdefe81d5bbf6400d15bb5c96896affaaa1cb0426f112f","application/pdf","cc-by-nc-nd","yes_with_conditions",""
"2013_Diamond_USCRN","2013","U.S. Climate Reference Network after One Decade of Operations: Status and Assessment","failed","","https://doi.org/10.1175/BAMS-D-12-00170.1","","","","","","","","review","Crossref-full-text: HTTP 404"
"DOI_10_1002_jgrd_50150","2013","Updated analyses of temperature and precipitation extreme indices since the beginning of the twentieth century: The HadEX2 dataset","downloaded","catalogue-direct","https://doi.org/10.1002/jgrd.50150","https://unsworks.unsw.edu.au/server/api/core/bitstreams/dcaae0f9-eb42-4ac7-9655-749e16c4a50e/content","https://unsworks.unsw.edu.au/server/api/core/bitstreams/dcaae0f9-eb42-4ac7-9655-749e16c4a50e/content","source-archive/primary/2013__DOI_10_1002_jgrd_50150__Updated-analyses-of-temperature-and-precipitation-extreme-indices-since-the-beginning-of-the-twentieth-century-The-HadEX2-dataset.pdf","7392691","fcab544f9ec52ec8ddee6213a1bd5f18a524c799cd8451bb481a0760ad76c9d6","application/pdf","cc-by-nc-nd","yes_with_conditions",""
"DOI_10_5670_oceanog_2014_16","2014","A Time-Series View of Changing Ocean Chemistry Due to Ocean Uptake of Anthropogenic CO₂ and Ocean Acidification","downloaded","catalogue-direct","https://doi.org/10.5670/oceanog.2014.16","https://tos.org/oceanography/assets/docs/27-1_bates.pdf","https://tos.org/oceanography/assets/docs/27-1_bates.pdf","source-archive/primary/2014__DOI_10_5670_oceanog_2014_16__A-Time-Series-View-of-Changing-Ocean-Chemistry-Due-to-Ocean-Uptake-of-Anthropogenic-CO2-and-Ocean-Acidification.pdf","2192246","083a990b0174bd73cddfc168cb8953002379980c509748f8da20dba99c967645","application/pdf","cc-by","yes_with_attribution",""
"DOI_10_5194_amt_7_647_2014","2014","CO₂ , CO, and CH₄ measurements from tall towers in the NOAA Earth System Research Laboratory's Global Greenhouse Gas Reference Network: instrumentation, uncertainty analysis, and recommendations for future high-accuracy greenhouse gas monitoring efforts","downloaded","catalogue-direct","https://doi.org/10.5194/amt-7-647-2014","https://amt.copernicus.org/articles/7/647/2014/amt-7-647-2014.pdf","https://amt.copernicus.org/articles/7/647/2014/amt-7-647-2014.pdf","source-archive/primary/2014__DOI_10_5194_amt_7_647_2014__CO2-CO-and-CH4-measurements-from-tall-towers-in-the-NOAA-Earth-System-Research-Laboratory-s-Global-Greenhouse-Gas-Reference-Network-instrumentatio.pdf","3313870","a7daaa9c2f19505221a8cb7ce3d59ff6548bb3d4fb1702b2aeffe47bac5e074a","application/pdf","cc-by","yes_with_attribution",""
"2014_BIPM_Thermistors","2014","Guide on Secondary Thermometry: Thermistor Thermometry","downloaded","catalogue-direct","https://www.bipm.org/documents/20126/41773843/Guide-SecTh-Thermistor-Thermometry.pdf/87e2fdc8-14fc-e977-918e-b801752d06a0?download=true&t=1593014016288&version=1.3","https://www.bipm.org/documents/20126/41773843/Guide-SecTh-Thermistor-Thermometry.pdf/87e2fdc8-14fc-e977-918e-b801752d06a0?download=true&t=1593014016288&version=1.3","https://www.bipm.org/documents/20126/41773843/Guide-SecTh-Thermistor-Thermometry.pdf/87e2fdc8-14fc-e977-918e-b801752d06a0?download=true&t=1593014016288&version=1.3","source-archive/primary/2014__2014_BIPM_Thermistors__Guide-on-Secondary-Thermometry-Thermistor-Thermometry.pdf","695076","cf445a4d21311d2e553001b39bfc4f02171be123e55fa357792d37159be47f37","application/pdf","","review",""
"DOI_10_5194_cp_10_1983_2014","2014","HadISDH land surface multi-variable humidity and temperature record for climate monitoring","downloaded","catalogue-direct","https://doi.org/10.5194/cp-10-1983-2014","https://cp.copernicus.org/articles/10/1983/2014/cp-10-1983-2014.pdf","https://cp.copernicus.org/articles/10/1983/2014/cp-10-1983-2014.pdf","source-archive/primary/2014__DOI_10_5194_cp_10_1983_2014__HadISDH-land-surface-multi-variable-humidity-and-temperature-record-for-climate-monitoring.pdf","2694540","29dfc3edd712b2906989116214c72693ba8241ef93dc17ad119675cc5fdc9634","application/pdf","cc-by","yes_with_attribution",""
"DOI_10_1016_j_agrformet_2014_05_008","2014","Monitoring vegetation phenology using an infrared-enabled security camera","downloaded","catalogue-direct","https://doi.org/10.1016/j.agrformet.2014.05.008","https://dash.harvard.edu/server/api/core/bitstreams/7312037d-3a13-6bd4-e053-0100007fdf3b/content","https://dash.harvard.edu/server/api/core/bitstreams/7312037d-3a13-6bd4-e053-0100007fdf3b/content","source-archive/primary/2014__DOI_10_1016_j_agrformet_2014_05_008__Monitoring-vegetation-phenology-using-an-infrared-enabled-security-camera.pdf","4523106","eaa95cce17350f282b707e4c5632033b73b491c30039202d8598314dfc9e1695","application/pdf","cc-by","yes_with_attribution",""
"DOI_10_5194_amt_7_4463_2014","2014","Reference quality upper-air measurements: GRUAN data processing for the Vaisala RS92 radiosonde","downloaded","catalogue-direct","https://doi.org/10.5194/amt-7-4463-2014","https://amt.copernicus.org/articles/7/4463/2014/amt-7-4463-2014.pdf","https://amt.copernicus.org/articles/7/4463/2014/amt-7-4463-2014.pdf","source-archive/primary/2014__DOI_10_5194_amt_7_4463_2014__Reference-quality-upper-air-measurements-GRUAN-data-processing-for-the-Vaisala-RS92-radiosonde.pdf","6152464","4cc24f23045e232ab4dc226c20c683ec7ab9b894c3b7c04966423ad313550733","application/pdf","cc-by","yes_with_attribution",""
"DOI_10_1007_s00484_014_0789_5","2014","Standardized phenology monitoring methods to track plant and animal activity for science and resource management applications","downloaded","reconciled-local-download","https://doi.org/10.1007/s00484-014-0789-5","","","source-archive/open-access/2014__doi_10_1007_s00484_014_0789_5__standardized-phenology-monitoring-methods-to-track-plant-and-animal-activity-for-science-and-resource-management-applications.pdf","745516","34cc47c9587a0b07f16cfd422a678b8c58b671a7911f9588d1d8d584d4503c99","","cc-by","yes_with_attribution",""
"DOI_10_5194_essd_6_201_2014","2014","Temperature data acquired from the DOI/GTN-P Deep Borehole Array on the Arctic Slope of Alaska, 1973–2013","downloaded","catalogue-direct","https://doi.org/10.5194/essd-6-201-2014","https://essd.copernicus.org/articles/6/201/2014/essd-6-201-2014.pdf","https://essd.copernicus.org/articles/6/201/2014/essd-6-201-2014.pdf","source-archive/primary/2014__DOI_10_5194_essd_6_201_2014__Temperature-data-acquired-from-the-DOI-GTN-P-Deep-Borehole-Array-on-the-Arctic-Slope-of-Alaska-1973-2013.pdf","4546577","074c21091cbb7fbfe266d84524f5acc4dc88a3b2785697508338aa10df5a0bc1","application/pdf","cc-by","yes_with_attribution",""
"DOI_10_3390_ijerph120100227","2014","The Excess Heat Factor: A Metric for Heatwave Intensity and Its Use in Classifying Heatwave Severity","failed","","https://doi.org/10.3390/ijerph120100227","","","","","","","cc-by","yes_with_attribution","Crossref-full-text: HTTP 403"
"DOI_10_5194_essd_7_137_2015","2015","A long-term Northern Hemisphere snow cover extent data record for climate studies and monitoring","downloaded","catalogue-direct","https://doi.org/10.5194/essd-7-137-2015","https://essd.copernicus.org/articles/7/137/2015/essd-7-137-2015.pdf","https://essd.copernicus.org/articles/7/137/2015/essd-7-137-2015.pdf","source-archive/primary/2015__DOI_10_5194_essd_7_137_2015__A-long-term-Northern-Hemisphere-snow-cover-extent-data-record-for-climate-studies-and-monitoring.pdf","1815622","32a1a15729a288b256229ac8635f73c56f8152d27b798a88c3bd257c881b258c","application/pdf","cc-by","yes_with_attribution",""
"DOI_10_5194_essd_7_117_2015","2015","A metadata template for ocean acidification data","downloaded","catalogue-direct","https://doi.org/10.5194/essd-7-117-2015","https://essd.copernicus.org/articles/7/117/2015/essd-7-117-2015.pdf","https://essd.copernicus.org/articles/7/117/2015/essd-7-117-2015.pdf","source-archive/primary/2015__DOI_10_5194_essd_7_117_2015__A-metadata-template-for-ocean-acidification-data.pdf","92829","0761c881b83c473f15a10693cc8e44fdb2f111f58f498a2c8fa9a79b3251a938","application/pdf","cc-by","yes_with_attribution",""
"DOI_10_1073_pnas_1504613112","2015","Decadal acidification in the water masses of the Atlantic Ocean","failed","","https://doi.org/10.1073/pnas.1504613112","","","","","","","","review","Crossref-full-text: HTTP 403"
"DOI_10_1594_pangaea_842821","2015","Global Terrestrial Network for Permafrost metadata for permafrost boreholes (TSP) and active layer monitoring (CALM) sites","failed","","https://doi.org/10.1594/PANGAEA.842821","","","","","","","cc-by","yes_with_attribution","PANGAEA-text-export: HTTP 400"
"DOI_10_3189_2015jog15j017","2015","Historically unprecedented global glacier decline in the early 21st century","downloaded","catalogue-direct","https://doi.org/10.3189/2015JoG15J017","https://www.cambridge.org/core/services/aop-cambridge-core/content/view/2F1E3ACB111A03F9BA83D11439F5D681/S0022143000202554a.pdf/div-class-title-historically-unprecedented-global-glacier-decline-in-the-early-21st-century-div.pdf","https://www.cambridge.org/core/services/aop-cambridge-core/content/view/2F1E3ACB111A03F9BA83D11439F5D681/S0022143000202554a.pdf/div-class-title-historically-unprecedented-global-glacier-decline-in-the-early-21st-century-div.pdf","source-archive/primary/2015__DOI_10_3189_2015jog15j017__Historically-unprecedented-global-glacier-decline-in-the-early-21st-century.pdf","4683738","1d13caec18149654147982ca18edbff17e8404d8a35901684bc57ba3ed8e77b2","application/pdf","cc-by","yes_with_attribution",""
"DOI_10_1002_2014gl061957","2015","Revision of the EPICA Dome C CO₂ record from 800 to 600 kyr before present","downloaded","catalogue-direct","https://doi.org/10.1002/2014GL061957","https://boris-portal.unibe.ch/server/api/core/bitstreams/46587414-f086-40b3-9579-54a16629aff6/content","https://boris-portal.unibe.ch/server/api/core/bitstreams/46587414-f086-40b3-9579-54a16629aff6/content","source-archive/primary/2015__DOI_10_1002_2014gl061957__Revision-of-the-EPICA-Dome-C-CO2-record-from-800-to-600-kyr-before-present.pdf","808796","7d9b0c6e2babb95320f47901c8189988b0ff98d403af7f2dcfcb776fa6aca272","application/pdf","other-oa","review",""
"DOI_10_5194_essd_7_245_2015","2015","The new database of the Global Terrestrial Network for Permafrost (GTN-P)","downloaded","catalogue-direct","https://doi.org/10.5194/essd-7-245-2015","https://essd.copernicus.org/articles/7/245/2015/essd-7-245-2015.pdf","https://essd.copernicus.org/articles/7/245/2015/essd-7-245-2015.pdf","source-archive/primary/2015__DOI_10_5194_essd_7_245_2015__The-new-database-of-the-Global-Terrestrial-Network-for-Permafrost-GTN-P.pdf","7266572","61f498ae3dd1a7d74d5706d97049aa97db859427245b668a372a691fe1879496","application/pdf","cc-by","yes_with_attribution",""
"DOI_10_5194_bg_12_1285_2015","2015","Trends and drivers in global surface ocean pH over the past 3 decades","downloaded","catalogue-direct","https://doi.org/10.5194/bg-12-1285-2015","https://bg.copernicus.org/articles/12/1285/2015/bg-12-1285-2015.pdf","https://bg.copernicus.org/articles/12/1285/2015/bg-12-1285-2015.pdf","source-archive/primary/2015__DOI_10_5194_bg_12_1285_2015__Trends-and-drivers-in-global-surface-ocean-pH-over-the-past-3-decades.pdf","983447","a153b95c72fbb3f0f5b2648dca97ab7b7f8f6018cd3e97c733498a6108ad4356","application/pdf","cc-by","yes_with_attribution",""
"DOI_10_5194_essd_8_383_2016","2016","A multi-decade record of high-quality f CO₂ data in version 3 of the Surface Ocean CO₂ Atlas (SOCAT)","downloaded","catalogue-direct","https://doi.org/10.5194/essd-8-383-2016","https://ueaeprints.uea.ac.uk/id/eprint/59201/4/2016_Bakker_et_al_ESSD_SOCAT_v3.pdf","https://ueaeprints.uea.ac.uk/id/eprint/59201/4/2016_Bakker_et_al_ESSD_SOCAT_v3.pdf","source-archive/primary/2016__DOI_10_5194_essd_8_383_2016__A-multi-decade-record-of-high-quality-f-CO2-data-in-version-3-of-the-Surface-Ocean-CO2-Atlas-SOCAT.pdf","1529758","40b3665508e3acc90c00a0b7f77adaa35f909812812f963dc051d52a71e2d9d0","application/pdf","cc-by","yes_with_attribution",""
"DOI_10_1002_2016jc011747","2016","Assessing the impact of vertical land motion on twentieth century global mean sea level estimates","failed","","https://doi.org/10.1002/2016JC011747","","","","","","","other-oa","review","Crossref-full-text: HTTP 400 | Crossref-full-text: HTTP 403 | Crossref-full-text: HTTP 403"
"DOI_10_1002_joc_4775","2016","ICOADS Release 3.0: a major update to the historical marine climate record","downloaded","catalogue-direct","https://doi.org/10.1002/joc.4775","https://repository.library.noaa.gov/view/noaa/14538/noaa_14538_DS1.pdf","https://repository.library.noaa.gov/view/noaa/14538/noaa_14538_DS1.pdf","source-archive/primary/2016__DOI_10_1002_joc_4775__ICOADS-Release-3.0-a-major-update-to-the-historical-marine-climate-record.pdf","27893452","e9b1fe52a920d82cf7defc920083fb773631c52a126b5dd44d42a5f7f1468231","application/pdf","cc-by","yes_with_attribution",""
"DOI_10_7289_v5sf2t7j","2016","Radiosonde Atmospheric Temperature Products for Assessing Climate (RATPAC), Version 2","no_public_file_found","","https://doi.org/10.7289/V5SF2T7J","","","","","","","","review","No direct public PDF URL was discovered."
"DOI_10_3390_rs8060457","2016","Relating the Age of Arctic Sea Ice to its Thickness, as Measured during NASA’s ICESat and IceBridge Campaigns","failed","","https://doi.org/10.3390/rs8060457","","","","","","","cc-by","yes_with_attribution","Semantic-Scholar-open-access: HTTP 403 | Crossref-full-text: HTTP 403"
"DOI_10_1175_jcli_d_15_0801_1","2016","Sensitivity of Global Upper-Ocean Heat Content Estimates to Mapping Methods, XBT Bias Corrections, and Baseline Climatologies*","failed","","https://doi.org/10.1175/JCLI-D-15-0801.1","","","","","","","","review","Crossref-full-text: HTTP 404"
"DOI_10_1002_2015jd024039","2016","Stratospheric temperature changes during the satellite era","failed","","https://doi.org/10.1002/2015JD024039","","","","","","","cc-by-nc-nd","yes_with_conditions","Crossref-full-text: HTTP 400 | Crossref-full-text: HTTP 403"
"DOI_10_5194_essd_8_297_2016","2016","The Global Ocean Data Analysis Project version 2 (GLODAPv2) – an internally consistent data product for the world ocean","downloaded","catalogue-direct","https://doi.org/10.5194/essd-8-297-2016","https://www.osti.gov/servlets/purl/1338547","https://www.osti.gov/servlets/purl/1338547","source-archive/primary/2016__DOI_10_5194_essd_8_297_2016__The-Global-Ocean-Data-Analysis-Project-version-2-GLODAPv2-an-internally-consistent-data-product-for-the-world-ocean.txt","130916","982badf62934d4bd4a01d0fa6377783d0dcef120bf93195a83df46bfee859364","text/plain","cc-by","yes_with_attribution",""
"DOI_10_1002_2015rg000502","2016","Vertical land motion as a key to understanding sea level change and variability","downloaded","catalogue-direct","https://doi.org/10.1002/2015RG000502","https://digital.csic.es/bitstream/10261/133374/1/Woppelmann-RevGeophysics-2016-v54-p64.pdf","https://digital.csic.es/bitstream/10261/133374/1/Woppelmann-RevGeophysics-2016-v54-p64.pdf","source-archive/primary/2016__DOI_10_1002_2015rg000502__Vertical-land-motion-as-a-key-to-understanding-sea-level-change-and-variability.pdf","7931428","178a8b00beb41082f5fec5bfcc2426ec3f25efb9417b4d4211f0f137f1a77805","application/pdf","other-oa","review",""
"DOI_10_2151_sola_2017_030","2017","Accuracy of Global Upper Ocean Heat Content Estimation Expected from Present Observational Data Sets","downloaded","catalogue-direct","https://doi.org/10.2151/sola.2017-030","https://www.jstage.jst.go.jp/article/sola/13/0/13_2017-030/_pdf","https://www.jstage.jst.go.jp/article/sola/13/0/13_2017-030/_pdf","source-archive/primary/2017__DOI_10_2151_sola_2017_030__Accuracy-of-Global-Upper-Ocean-Heat-Content-Estimation-Expected-from-Present-Observational-Data-Sets.pdf","680392","f046e7958026be56ce79a14cc4f2a9dfb3245c0cc0dbd682831163e0b3b89bc6","application/pdf","","review",""
"DOI_10_5194_amt_10_2209_2017","2017","Comparisons of the Orbiting Carbon Observatory-2 (OCO-2) X CO₂ measurements with TCCON","downloaded","catalogue-direct","https://doi.org/10.5194/amt-10-2209-2017","https://amt.copernicus.org/articles/10/2209/2017/amt-10-2209-2017.pdf","https://amt.copernicus.org/articles/10/2209/2017/amt-10-2209-2017.pdf","source-archive/primary/2017__DOI_10_5194_amt_10_2209_2017__Comparisons-of-the-Orbiting-Carbon-Observatory-2-OCO-2-X-CO2-measurements-with-TCCON.pdf","7456708","fe6005fd7c10188fb3bc4e2f11ec9a0f982396fc0754dee2b03f6600ef8cf9ed","application/pdf","cc-by","yes_with_attribution",""
"DOI_10_5067_96jo0kifdas8","2017","CryoSat-2 Level-4 Sea Ice Elevation, Freeboard, and Thickness, Version 1","downloaded","catalogue-direct","https://doi.org/10.5067/96JO0KIFDAS8","https://nsidc.org/sites/default/files/rdeft4-v001-userguide_1.pdf","https://nsidc.org/sites/default/files/rdeft4-v001-userguide_1.pdf","source-archive/primary/2017__DOI_10_5067_96jo0kifdas8__CryoSat-2-Level-4-Sea-Ice-Elevation-Freeboard-and-Thickness-Version-1.pdf","335138","43f399e40c80a6a3acb5d104e4d54916419383b8f961b4f231961d4eefdde433","application/pdf","","review",""
"DOI_10_1126_sciadv_1601545","2017","Improved estimates of ocean heat content from 1960 to 2015","downloaded","catalogue-direct","https://doi.org/10.1126/sciadv.1601545","https://archimer.ifremer.fr/doc/00673/78501/80764.pdf","https://archimer.ifremer.fr/doc/00673/78501/80764.pdf","source-archive/primary/2017__DOI_10_1126_sciadv_1601545__Improved-estimates-of-ocean-heat-content-from-1960-to-2015.pdf","9075218","13ce9a2999889526bba76496c5e7d0234500ebeee08669386c7e35e826b2cacb","application/pdf","cc-by-nc","yes_with_conditions",""
"DOI_10_7289_v53f4mvp","2017","NCEI ocean heat content, temperature anomalies, salinity anomalies, thermosteric sea level anomalies, halosteric sea level anomalies, and total steric sea level anomalies from 1955 to present calculated from in situ oceanographic subsurface profile data (NCEI Accession 0164586)","no_public_file_found","","https://doi.org/10.7289/V53F4MVP","","","","","","","","review","No direct public PDF URL was discovered."
"DOI_10_5194_amt_10_59_2017","2017","The on-orbit performance of the Orbiting Carbon Observatory-2 (OCO-2) instrument and its radiometrically calibrated products","downloaded","catalogue-direct","https://doi.org/10.5194/amt-10-59-2017","https://amt.copernicus.org/articles/10/59/2017/amt-10-59-2017.pdf","https://amt.copernicus.org/articles/10/59/2017/amt-10-59-2017.pdf","source-archive/primary/2017__DOI_10_5194_amt_10_59_2017__The-on-orbit-performance-of-the-Orbiting-Carbon-Observatory-2-OCO-2-instrument-and-its-radiometrically-calibrated-products.pdf","8346948","23908540ee7e3faadaf07fe1cbfa67139269372e7866c9ff84146245e3733429","application/pdf","cc-by","yes_with_attribution",""
"DOI_10_5194_amt_10_549_2017","2017","The Orbiting Carbon Observatory-2: first 18 months of science data products","downloaded","catalogue-direct","https://doi.org/10.5194/amt-10-549-2017","https://amt.copernicus.org/articles/10/549/2017/amt-10-549-2017.pdf","https://amt.copernicus.org/articles/10/549/2017/amt-10-549-2017.pdf","source-archive/primary/2017__DOI_10_5194_amt_10_549_2017__The-Orbiting-Carbon-Observatory-2-first-18-months-of-science-data-products.pdf","9282322","d45110bf83ee926002ffb514aa7a2b94386204506e251f228569f758a2947f87","application/pdf","cc-by","yes_with_attribution",""
"DOI_10_1175_amsmonographs_d_18_0006_1","2018","100 Years of Progress in Atmospheric Observing Systems","failed","","https://doi.org/10.1175/AMSMONOGRAPHS-D-18-0006.1","","","","","","","public-domain","yes","Crossref-full-text: HTTP 404"
"DOI_10_1029_2017jd028200","2018","An Ensemble Version of the E‐OBS Temperature and Precipitation Data Sets","downloaded","catalogue-direct","https://doi.org/10.1029/2017JD028200","https://ueaeprints.uea.ac.uk/id/eprint/68099/1/Accepted_manuscript.pdf","https://ueaeprints.uea.ac.uk/id/eprint/68099/1/Accepted_manuscript.pdf","source-archive/primary/2018__DOI_10_1029_2017jd028200__An-Ensemble-Version-of-the-E-OBS-Temperature-and-Precipitation-Data-Sets.pdf","5147431","d0ca1e6af885ea0b03c4ceeeeb932cf98c850f7645c4620b99bb45167d0f7dcc","application/pdf","","review",""
"DOI_10_1088_1748_9326_aae3ec","2018","Arctic sea ice thickness, volume, and multiyear ice coverage: losses and coupled variability (1958–2018)","downloaded","Crossref-full-text","https://doi.org/10.1088/1748-9326/aae3ec","https://iopscience.iop.org/article/10.1088/1748-9326/aae3ec/pdf","https://iopscience.iop.org/article/10.1088/1748-9326/aae3ec/pdf","source-archive/open-access/2018__DOI_10_1088_1748_9326_aae3ec__Arctic-sea-ice-thickness-volume-and-multiyear-ice-coverage-losses-and-coupled-variability-1958-2018.pdf","1492114","be01035e73f54d4a718fcf61cb961ff3b74cbf7e6605e33e335db66758574811","application/pdf","cc-by","yes_with_attribution",""
"DOI_10_1002_2018ea000363","2018","Construction and Uncertainty Estimation of a Satellite‐Derived Total Precipitable Water Data Record Over the World's Oceans","failed","","https://doi.org/10.1002/2018EA000363","","","","","","","cc-by-nc-nd","yes_with_conditions","Crossref-full-text: HTTP 400 | Crossref-full-text: HTTP 403 | Crossref-full-text: HTTP 403"
"DOI_10_1038_s41558_018_0245_3","2018","Detection of continental-scale intensification of hourly rainfall extremes","downloaded","catalogue-direct","https://doi.org/10.1038/s41558-018-0245-3","https://hal.inrae.fr/hal-02607902/document","https://hal.inrae.fr/hal-02607902/document","source-archive/primary/2018__DOI_10_1038_s41558_018_0245_3__Detection-of-continental-scale-intensification-of-hourly-rainfall-extremes.pdf","523934","675d1e62dad4c8ea6bd24f70c7caeec8f944a887f7affa1d32bcd6d135e1681f","application/pdf","other-oa","review",""
"DOI_10_1175_jtech_d_17_0223_1","2018","Enhancing the Data Coverage in the Integrated Global Radiosonde Archive","failed","","https://doi.org/10.1175/JTECH-D-17-0223.1","","","","","","","public-domain","yes","Crossref-full-text: HTTP 404 | Crossref-full-text: HTTP 403"
"DOI_10_24381_cds_adbb2d47","2018","ERA5 hourly data on single levels from 1940 to present","no_public_file_found","","https://doi.org/10.24381/cds.adbb2d47","","","","","","","","review","No direct public PDF URL was discovered."
"DOI_10_17882_58344","2018","Error variance-covariance matrix of global mean sea level estimated from satellite altimetry (TOPEX, Jason 1, Jason 2, Jason 3)","no_public_file_found","","https://doi.org/10.17882/58344","","","","","","","cc-by-nc-4.0","yes_with_conditions","No direct public PDF URL was discovered."
"DOI_10_1016_j_agrformet_2018_03_003","2018","Evaluation of land surface phenology from VIIRS data using time series of PhenoCam imagery","downloaded","landing-page:www.osti.gov","https://doi.org/10.1016/j.agrformet.2018.03.003","https://www.osti.gov/assets/260706.1231/img/ui/ui-gfx.svg#glyph-download","https://www.osti.gov/assets/260706.1231/img/ui/ui-gfx.svg","source-archive/open-access/2018__DOI_10_1016_j_agrformet_2018_03_003__Evaluation-of-land-surface-phenology-from-VIIRS-data-using-time-series-of-PhenoCam-imagery.bin","30738","1095c8fb5a9d373498a1cbaf37d4bbcf469f4eee120be464a9b0222c7b831276","image/svg+xml","","review",""
"DOI_10_1038_sdata_2018_206","2018","GHWR, a multi-method global heatwave and warm-spell record and toolbox","downloaded","catalogue-direct","https://doi.org/10.1038/sdata.2018.206","https://repository.library.noaa.gov/view/noaa/24182/noaa_24182_DS1.pdf","https://repository.library.noaa.gov/view/noaa/24182/noaa_24182_DS1.pdf","source-archive/primary/2018__DOI_10_1038_sdata_2018_206__GHWR-a-multi-method-global-heatwave-and-warm-spell-record-and-toolbox.pdf","4974908","1aa3e851b9d3f3222d0c98fca3e622f19e9feea314ccf8bcf190592454f1b7ce","application/pdf","cc-by-sa","yes_with_attribution",""
"DOI_10_6084_m9_figshare_c_4004668","2018","GHWR, a multi-method global heatwave and warm-spell record and toolbox","no_public_file_found","","https://doi.org/10.6084/m9.figshare.c.4004668","","","","","","","cc-by","yes_with_attribution","No direct public PDF URL was discovered."
"DOI_10_1594_pangaea_884711","2018","GTN-P global mean annual ground temperature data for permafrost near the depth of zero annual amplitude (2007-2016)","downloaded","landing-page:doi.pangaea.de","https://doi.org/10.1594/PANGAEA.884711","https://store.pangaea.de/Publications/BiskabornB-etal_2018/GTN-P_2018_Authors.pdf","https://store.pangaea.de/Publications/BiskabornB-etal_2018/GTN-P_2018_Authors.pdf","source-archive/open-access/2018__DOI_10_1594_pangaea_884711__GTN-P-global-mean-annual-ground-temperature-data-for-permafrost-near-the-depth-of-zero-annual-amplitude-2007-2016.pdf","59538","50aea8a1731a5ebab41f332ef82848fb51c812d53ec2405b02258ca0afb2299a","application/pdf","cc-by","yes_with_attribution",""
"DOI_10_1038_s41586_018_0179_y","2018","Mass balance of the Antarctic Ice Sheet from 1992 to 2017","downloaded","catalogue-direct","https://doi.org/10.1038/s41586-018-0179-y","https://orbi.uliege.be/bitstream/2268/225208/1/IMBIE_Nature_2018.pdf","https://orbi.uliege.be/bitstream/2268/225208/1/IMBIE_Nature_2018.pdf","source-archive/primary/2018__DOI_10_1038_s41586_018_0179_y__Mass-balance-of-the-Antarctic-Ice-Sheet-from-1992-to-2017.pdf","5502846","0a7d85593c245836016dcd98778f7657795187741e3adb2f1a74e6a142713378","application/pdf","other-oa","review",""
"DOI_10_1016_j_marchem_2018_10_006","2018","Routine uncertainty propagation for the marine carbon dioxide system","downloaded","catalogue-direct","https://doi.org/10.1016/j.marchem.2018.10.006","https://hal.sorbonne-universite.fr/hal-01973728v1/file/1-s2.0-S030442031830149X-main.pdf","https://hal.sorbonne-universite.fr/hal-01973728v1/file/1-s2.0-S030442031830149X-main.pdf","source-archive/primary/2018__DOI_10_1016_j_marchem_2018_10_006__Routine-uncertainty-propagation-for-the-marine-carbon-dioxide-system.pdf","1849574","f13071753b48c76f11760b9272e35cd379742522b18581b5b9703bfec84ee536","application/pdf","cc-by","yes_with_attribution",""
"DOI_10_1175_jcli_d_18_0094_1","2018","The Global Historical Climatology Network Monthly Temperature Dataset, Version 4","downloaded","catalogue-direct","https://doi.org/10.1175/JCLI-D-18-0094.1","https://repository.library.noaa.gov/view/noaa/45291/noaa_45291_DS1.pdf","https://repository.library.noaa.gov/view/noaa/45291/noaa_45291_DS1.pdf","source-archive/primary/2018__DOI_10_1175_jcli_d_18_0094_1__The-Global-Historical-Climatology-Network-Monthly-Temperature-Dataset-Version-4.pdf","2401868","be8dde33b6a3bb09f19be60aaebec0c65b7422f8480ea86296521fb7d9b05bcc","application/pdf","cc-by","yes_with_attribution",""
"DOI_10_1038_sdata_2018_28","2018","Tracking vegetation phenology across diverse North American biomes using PhenoCam imagery","downloaded","catalogue-direct","https://doi.org/10.1038/sdata.2018.28","https://www.osti.gov/servlets/purl/1433125","https://www.osti.gov/servlets/purl/1433125","source-archive/primary/2018__DOI_10_1038_sdata_2018_28__Tracking-vegetation-phenology-across-diverse-North-American-biomes-using-PhenoCam-imagery.txt","115748","f7a719cc3a1716de2e7745beb02b37b05aa0250abc2f156e3d31b308fbd0ef04","text/plain","cc-by","yes_with_attribution",""
"DOI_10_3133_ofr20181060","2018","USA National Phenology Network observational data documentation","downloaded","catalogue-direct","https://doi.org/10.3133/ofr20181060","https://pubs.usgs.gov/of/2018/1060/ofr20181060.pdf","https://pubs.usgs.gov/of/2018/1060/ofr20181060.pdf","source-archive/primary/2018__DOI_10_3133_ofr20181060__USA-National-Phenology-Network-observational-data-documentation.pdf","1085549","367ea16c8b94cfbf368d47e122e958606e57b64086fbccfd6737bb97b0ea8042","application/pdf","","review",""
"DOI_10_1175_amsmonographs_d_19_0003_1","2019","100 Years of Progress in Understanding the Stratosphere and Mesosphere","failed","","https://doi.org/10.1175/AMSMONOGRAPHS-D-19-0003.1","","","","","","","cc-by","yes_with_attribution","Crossref-full-text: HTTP 404"
"DOI_10_1029_2018jd029867","2019","An Ensemble Data Set of Sea Surface Temperature Change From 1850: The Met Office Hadley Centre HadSST.4.0.0.0 Data Set","failed","","https://doi.org/10.1029/2018JD029867","","","","","","","","review","Crossref-full-text: HTTP 400 | Crossref-full-text: HTTP 403 | Crossref-full-text: HTTP 403"
"DOI_10_1088_1748_9326_aaf52c","2019","Assessing uncertainties in sea ice extent climate indicators","downloaded","catalogue-direct","https://doi.org/10.1088/1748-9326/aaf52c","https://repository.library.noaa.gov/view/noaa/25118/noaa_25118_DS1.pdf","https://repository.library.noaa.gov/view/noaa/25118/noaa_25118_DS1.pdf","source-archive/primary/2019__DOI_10_1088_1748_9326_aaf52c__Assessing-uncertainties-in-sea-ice-extent-climate-indicators.pdf","2443661","77ee88ad054034d6fa275d3c6cbf7ff1bb05ace8c01225120a69ab8c8cbe9202","application/pdf","cc-by","yes_with_attribution",""
"DOI_10_1007_s10712_019_09525_z","2019","Concepts and Terminology for Sea Level: Mean, Variability and Change, Both Local and Global","downloaded","catalogue-direct","https://doi.org/10.1007/s10712-019-09525-z","https://brgm.hal.science/hal-02182687v1/document","https://brgm.hal.science/hal-02182687v1/document","source-archive/primary/2019__DOI_10_1007_s10712_019_09525_z__Concepts-and-Terminology-for-Sea-Level-Mean-Variability-and-Change-Both-Local-and-Global.pdf","1255331","1d4767ebed4ce6b113522b4d0a3a4d32abe3241f269c983e4fef50038726f5c0","application/pdf","cc-by","yes_with_attribution",""
"DOI_10_1038_s41558_019_0456_2","2019","Contributions of GRACE to understanding climate change","failed","","https://doi.org/10.1038/s41558-019-0456-2","","","","","","","other-oa","review","Crossref-full-text: Received an HTML/login page instead of a source file"
"DOI_10_5067_utav7490fepb","2019","EASE-Grid Sea Ice Age, Version 4","downloaded","catalogue-direct","https://doi.org/10.5067/UTAV7490FEPB","https://nsidc.org/sites/default/files/documents/user-guide/nsidc-0611-v004-userguide_0.pdf","https://nsidc.org/sites/default/files/documents/user-guide/nsidc-0611-v004-userguide_0.pdf","source-archive/primary/2019__DOI_10_5067_utav7490fepb__EASE-Grid-Sea-Ice-Age-Version-4.pdf","1016507","9d31bcdb0822dc3a0129069d6e777f604e3ed2370be9048798cc0a15cd725d9c","application/pdf","","review",""
"DOI_10_1073_pnas_1904242116","2019","Forty-six years of Greenland Ice Sheet mass balance from 1972 to 2018","downloaded","catalogue-direct","https://doi.org/10.1073/pnas.1904242116","https://curis.ku.dk/ws/files/225428199/Forty_six_years_of_Greenland_Ice_Sheet_mass_balance_from_1972_to_2018.pdf","https://curis.ku.dk/ws/files/225428199/Forty_six_years_of_Greenland_Ice_Sheet_mass_balance_from_1972_to_2018.pdf","source-archive/primary/2019__DOI_10_1073_pnas_1904242116__Forty-six-years-of-Greenland-Ice-Sheet-mass-balance-from-1972-to-2018.pdf","7998951","7228d5d0af4b01862aadf56c792f7e9078419809310c78ea568d4d5eac4f35c7","application/pdf","cc-by-nc-nd","yes_with_conditions",""
"DOI_10_1073_pnas_1812883116","2019","Four decades of Antarctic Ice Sheet mass balance from 1979–2017","downloaded","catalogue-direct","https://doi.org/10.1073/pnas.1812883116","https://dspace.library.uu.nl/server/api/core/bitstreams/864c0dee-35ce-4947-8ce1-60a434e60123/content","https://dspace.library.uu.nl/server/api/core/bitstreams/864c0dee-35ce-4947-8ce1-60a434e60123/content","source-archive/primary/2019__DOI_10_1073_pnas_1812883116__Four-decades-of-Antarctic-Ice-Sheet-mass-balance-from-1979-2017.pdf","2522860","e6a0c735876edda186de2c7747357c043c31887d05c6112c7bcee41a1f233f95","application/pdf","cc-by","yes_with_attribution",""
"DOI_10_1038_s41586_019_1071_0","2019","Global glacier mass changes and their contributions to sea-level rise from 1961 to 2016","downloaded","catalogue-direct","https://doi.org/10.1038/s41586-019-1071-0","https://pure.ulster.ac.uk/ws/files/78030191/Zemp_etal_preproof.pdf","https://pure.ulster.ac.uk/ws/files/78030191/Zemp_etal_preproof.pdf","source-archive/primary/2019__DOI_10_1038_s41586_019_1071_0__Global-glacier-mass-changes-and-their-contributions-to-sea-level-rise-from-1961-to-2016.pdf","398817","1b64d1cd58038492aea26d110ab77a1573479b59899f2bdfb4f0202ba1406b0f","application/pdf","other-oa","review",""
"DOI_10_7265_jj4s_tq79","2019","Gridded Monthly Sea Ice Extent and Concentration, 1850 Onward, Version 2","downloaded","catalogue-direct","https://doi.org/10.7265/jj4s-tq79","https://nsidc.org/sites/default/files/g10010_v0020_1_0.pdf","https://nsidc.org/sites/default/files/g10010_v0020_1_0.pdf","source-archive/primary/2019__DOI_10_7265_jj4s_tq79__Gridded-Monthly-Sea-Ice-Extent-and-Concentration-1850-Onward-Version-2.pdf","3478307","2c37e04e189b607b85efdb6ed24b1467ab4818a4c3b28d3c22f6969bcf8f9aba","application/pdf","","review",""
"DOI_10_1175_jcli_d_18_0143_1","2019","GSDR: A Global Sub-Daily Rainfall Dataset","downloaded","catalogue-direct","https://doi.org/10.1175/JCLI-D-18-0143.1","https://hal.inrae.fr/hal-02609506/document","https://hal.inrae.fr/hal-02609506/document","source-archive/primary/2019__DOI_10_1175_jcli_d_18_0143_1__GSDR-A-Global-Sub-Daily-Rainfall-Dataset.pdf","3050745","137bd4522b77b0f8fe61195c6ffcedf234814fcce0cc77732d124f00fce31824","application/pdf","other-oa","review",""
"DOI_10_5067_temsc_3jc62","2019","JPL GRACE and GRACE-FO Mascon Ocean, Ice, and Hydrology Equivalent Water Height Coastal Resolution Improvement (CRI) Filtered Release 06 Version 02","no_public_file_found","","https://doi.org/10.5067/TEMSC-3JC62","","","","","","","cc-by-4.0","yes_with_attribution","No direct public PDF URL was discovered."
"DOI_10_1038_s41586_019_1855_2","2019","Mass balance of the Greenland Ice Sheet from 1992 to 2018","downloaded","catalogue-direct","https://doi.org/10.1038/s41586-019-1855-2","https://eprints.lancs.ac.uk/id/eprint/141522/1/Shepherd_AAP_200_41586_2019_1855.pdf","https://eprints.lancs.ac.uk/id/eprint/141522/1/Shepherd_AAP_200_41586_2019_1855.pdf","source-archive/primary/2019__DOI_10_1038_s41586_019_1855_2__Mass-balance-of-the-Greenland-Ice-Sheet-from-1992-to-2018.pdf","11883689","944b91f7810e1549e5af13aec5350a4ddb9b498b76c4c83750b20c4a6daf449b","application/pdf","other-oa","review",""
"DOI_10_1038_s41467_018_08240_4","2019","Permafrost is warming at a global scale","downloaded","catalogue-direct","https://doi.org/10.1038/s41467-018-08240-4","https://www.dora.lib4ri.ch/wsl/dload/wsl:19330/PDF/view","https://www.dora.lib4ri.ch/wsl/dload/wsl:19330/PDF/view","source-archive/primary/2019__DOI_10_1038_s41467_018_08240_4__Permafrost-is-warming-at-a-global-scale.pdf","6060543","9029c6523a4d8b8290cbcd6ca5d61971969389255868ecae7c162113ed0bcc7e","application/pdf","cc-by-sa","yes_with_attribution",""
"DOI_10_5067_2xxgzy3dugnq","2019","Quicklook Arctic Weekly EASE-Grid Sea Ice Age, Version 1","downloaded","catalogue-direct","https://doi.org/10.5067/2XXGZY3DUGNQ","https://nsidc.org/sites/default/files/documents/user-guide/nsidc-0749-v001-userguide.pdf","https://nsidc.org/sites/default/files/documents/user-guide/nsidc-0749-v001-userguide.pdf","source-archive/primary/2019__DOI_10_5067_2xxgzy3dugnq__Quicklook-Arctic-Weekly-EASE-Grid-Sea-Ice-Age-Version-1.pdf","786357","4d8b28f72b05d9466714e8c49cfac4662e9766abeabdd2bfe967e30c4c856a7b","application/pdf","","review",""
"DOI_10_1017_jog_2019_66","2019","Reanalysis of the US Geological Survey Benchmark Glaciers: long-term insight into climate forcing of glacier mass balance","downloaded","catalogue-direct","https://doi.org/10.1017/jog.2019.66","https://www.cambridge.org/core/services/aop-cambridge-core/content/view/8C7B11056F0A16E78113D59F50A680D8/S0022143019000662a.pdf/div-class-title-reanalysis-of-the-us-geological-survey-benchmark-glaciers-long-term-insight-into-climate-forcing-of-glacier-mass-balance-div.pdf","https://www.cambridge.org/core/services/aop-cambridge-core/content/view/8C7B11056F0A16E78113D59F50A680D8/S0022143019000662a.pdf/div-class-title-reanalysis-of-the-us-geological-survey-benchmark-glaciers-long-term-insight-into-climate-forcing-of-glacier-mass-balance-div.pdf","source-archive/primary/2019__DOI_10_1017_jog_2019_66__Reanalysis-of-the-US-Geological-Survey-Benchmark-Glaciers-long-term-insight-into-climate-forcing-of-glacier-mass-balance.pdf","1483913","a78b8fad5ed4ab8287de43a162baa5c5c1fa82c655697171e3dbb94164a7e46e","application/pdf","cc-by","yes_with_attribution",""
"DOI_10_6084_m9_figshare_10062239_v1","2019","Spring and fall phenology data","downloaded","Figshare-file","https://doi.org/10.6084/m9.figshare.10062239.v1","https://ndownloader.figshare.com/files/18134753","https://s3-eu-west-1.amazonaws.com/pfigshare-u-files/18134753/spring_data.csv?X-Amz-Algorithm=AWS4-HMAC-SHA256&X-Amz-Credential=AKIAIYCQYOYV5JSSROOA/20260804/eu-west-1/s3/aws4_request&X-Amz-Date=20260804T094349Z&X-Amz-Expires=10&X-Amz-SignedHeaders=host&X-Amz-Signature=b32053cd9ae0c648b63b31102b1840096f1394b1232452b4c8ee9c3bd19ceb13","source-archive/open-access/2019__DOI_10_6084_m9_figshare_10062239_v1__Spring-and-fall-phenology-data.csv","148030","b497ec04aaa81d837ff78c5fbca2e5507cef9c1db2b0528f80755ed5a763a916","text/csv","cc-by","yes_with_attribution",""
"DOI_10_5194_essd_11_1189_2019","2019","Uncertainty in satellite estimates of global mean sea-level changes, trend and acceleration","downloaded","catalogue-direct","https://doi.org/10.5194/essd-11-1189-2019","https://essd.copernicus.org/articles/11/1189/2019/essd-11-1189-2019.pdf","https://essd.copernicus.org/articles/11/1189/2019/essd-11-1189-2019.pdf","source-archive/primary/2019__DOI_10_5194_essd_11_1189_2019__Uncertainty-in-satellite-estimates-of-global-mean-sea-level-changes-trend-and-acceleration.pdf","992475","300eda7121c1596cdc696b82a1ac1575cb04b9aa296a4182b3641ec30a1c9c52","application/pdf","cc-by","yes_with_attribution",""
"DOI_10_5194_tc_13_49_2019","2019","Version 2 of the EUMETSAT OSI SAF and ESA CCI sea-ice concentration climate data records","downloaded","catalogue-direct","https://doi.org/10.5194/tc-13-49-2019","https://tc.copernicus.org/articles/13/49/2019/tc-13-49-2019.pdf","https://tc.copernicus.org/articles/13/49/2019/tc-13-49-2019.pdf","source-archive/primary/2019__DOI_10_5194_tc_13_49_2019__Version-2-of-the-EUMETSAT-OSI-SAF-and-ESA-CCI-sea-ice-concentration-climate-data-records.pdf","4096720","77d58bbd707c9b9e11d75ada385b682df4dc360a97800a19ef37888b688b17dc","application/pdf","cc-by","yes_with_attribution",""
"DOI_10_1002_ppp_2088","2020","Active layer thickening and controls on interannual variability in the Nordic Arctic compared to the circum‐Arctic","failed","","https://doi.org/10.1002/ppp.2088","","","","","","","cc-by","yes_with_attribution","Crossref-full-text: HTTP 403"
"DOI_10_5194_tc_14_1519_2020","2020","An enhancement to sea ice motion and age products at the National Snow and Ice Data Center (NSIDC)","downloaded","catalogue-direct","https://doi.org/10.5194/tc-14-1519-2020","https://tc.copernicus.org/articles/14/1519/2020/tc-14-1519-2020.pdf","https://tc.copernicus.org/articles/14/1519/2020/tc-14-1519-2020.pdf","source-archive/primary/2020__DOI_10_5194_tc_14_1519_2020__An-enhancement-to-sea-ice-motion-and-age-products-at-the-National-Snow-and-Ice-Data-Center-NSIDC.pdf","5555424","af26d8441de0635d0c9148df1012974350fd888ea3cc9bb681ad72cf35b733e1","application/pdf","cc-by","yes_with_attribution",""
"DOI_10_1111_gcb_15000","2020","Climate change fingerprints in recent European plant phenology","downloaded","catalogue-direct","https://doi.org/10.1111/gcb.15000","https://mediatum.ub.tum.de/doc/1552113/document.pdf","https://mediatum.ub.tum.de/doc/1552113/document.pdf","source-archive/primary/2020__DOI_10_1111_gcb_15000__Climate-change-fingerprints-in-recent-European-plant-phenology.pdf","1652393","2570b5759740b941fdeeec4ed3e78d44947af586a3280f47ef8b4aabd365b6f9","application/pdf","cc-by","yes_with_attribution",""
"DOI_10_5281_zenodo_3862995","2020","data supplement of ""The causes of sea-level rise since 1900""","downloaded","reconciled-local-download","https://doi.org/10.5281/zenodo.3862995","https://zenodo.org/api/records/3862995/files/GMSL_ensembles.nc/content","https://zenodo.org/api/records/3862995/files/GMSL_ensembles.nc/content","source-archive/open-access/2020__doi_10_5281_zenodo_3862995__data-supplement-of-the-causes-of-sea-level-rise-since-1900.xlsx","271196","27964ba544cb92742919ed99483c83219ed8eeb3c3e748d7b8bb683ab763cc05","application/octet-stream, application/octet-stream","other-oa","review",""
"DOI_10_1029_2019jd032263","2020","Development of an Updated Global Land In Situ‐Based Data Set of Temperature and Precipitation Extremes: HadEX3","downloaded","catalogue-direct","https://doi.org/10.1029/2019JD032263","https://hal.science/hal-04823110/document","https://hal.science/hal-04823110/document","source-archive/primary/2020__DOI_10_1029_2019jd032263__Development-of-an-Updated-Global-Land-In-Situ-Based-Data-Set-of-Temperature-and-Precipitation-Extremes-HadEX3.pdf","1084496","de6ae52aeeb725319692ce1581ac57a41d56d2a8652f9cfa31b2a1e68f62c98e","application/pdf","cc-by-nc","yes_with_conditions",""
"DOI_10_5194_essd_12_2853_2020","2020","Development of the HadISDH.marine humidity climate monitoring dataset","downloaded","catalogue-direct","https://doi.org/10.5194/essd-12-2853-2020","https://essd.copernicus.org/articles/12/2853/2020/essd-12-2853-2020.pdf","https://essd.copernicus.org/articles/12/2853/2020/essd-12-2853-2020.pdf","source-archive/primary/2020__DOI_10_5194_essd_12_2853_2020__Development-of-the-HadISDH.marine-humidity-climate-monitoring-dataset.pdf","7891143","34557366b9cec28b68554f4ab49fdcdfdf660d16969d1b8deeaf51ba8c1de9b3","application/pdf","cc-by","yes_with_attribution",""
"DOI_10_1038_s43247_020_0001_2","2020","Dynamic ice loss from the Greenland Ice Sheet driven by sustained glacier retreat","downloaded","catalogue-direct","https://doi.org/10.1038/s43247-020-0001-2","https://www.nature.com/articles/s43247-020-0001-2.pdf?error=cookies_not_supported&code=da4b88a5-f2e3-404f-8f12-36eed708275d","https://www.nature.com/articles/s43247-020-0001-2.pdf?error=cookies_not_supported&code=da4b88a5-f2e3-404f-8f12-36eed708275d","source-archive/primary/2020__DOI_10_1038_s43247_020_0001_2__Dynamic-ice-loss-from-the-Greenland-Ice-Sheet-driven-by-sustained-glacier-retreat.pdf","1550845","6e8ead6186ff2a94959ed129ad673766326c85a68da54410739e0412d1572562","application/pdf","cc-by","yes_with_attribution",""
"DOI_10_24381_cds_151d3ec6","2020","E-OBS daily gridded meteorological data for Europe from 1950 to present derived from in-situ observations","no_public_file_found","","https://doi.org/10.24381/cds.151d3ec6","","","","","","","","review","No direct public PDF URL was discovered."
"DOI_10_5194_amt_13_3081_2020","2020","Evaluation of the 15-year ROM SAF monthly mean GPS radio occultation climate data record","downloaded","catalogue-direct","https://doi.org/10.5194/amt-13-3081-2020","https://amt.copernicus.org/articles/13/3081/2020/amt-13-3081-2020.pdf","https://amt.copernicus.org/articles/13/3081/2020/amt-13-3081-2020.pdf","source-archive/primary/2020__DOI_10_5194_amt_13_3081_2020__Evaluation-of-the-15-year-ROM-SAF-monthly-mean-GPS-radio-occultation-climate-data-record.pdf","12493822","4cc706647a145f543f22a6214201a97544b95392e94e3081d47b1a4ca91f7374","application/pdf","cc-by","yes_with_attribution",""
"DOI_10_48670_moi_00224","2020","Global Ocean acidification - mean sea water pH time series and trend from Multi-Observations Reprocessing","no_public_file_found","","https://doi.org/10.48670/moi-00224","","","","","","","","review","No direct public PDF URL was discovered."
"DOI_10_1594_pangaea_911944","2020","GlobSnow v3.0 snow water equivalent (SWE)","downloaded","PANGAEA-text-export","https://doi.org/10.1594/PANGAEA.911944","https://doi.pangaea.de/10.1594/PANGAEA.911944?format=textfile","https://doi.pangaea.de/10.1594/PANGAEA.911944?format=textfile","source-archive/open-access/2020__DOI_10_1594_pangaea_911944__GlobSnow-v3.0-snow-water-equivalent-SWE.bin","2617","c0e4bb1f24f16e12ccdbc1c5fdd0b6da0b83e7b23082c1e052233303463e5041","text/tab-separated-values","cc-by","yes_with_attribution",""
"DOI_10_5194_tc_14_2495_2020","2020","Historical Northern Hemisphere snow cover trends and projected changes in the CMIP6 multi-model ensemble","downloaded","catalogue-direct","https://doi.org/10.5194/tc-14-2495-2020","https://tc.copernicus.org/articles/14/2495/2020/tc-14-2495-2020.pdf","https://tc.copernicus.org/articles/14/2495/2020/tc-14-2495-2020.pdf","source-archive/primary/2020__DOI_10_5194_tc_14_2495_2020__Historical-Northern-Hemisphere-snow-cover-trends-and-projected-changes-in-the-CMIP6-multi-model-ensemble.pdf","6985260","9a37c8d437a5f9a3a99e263fe4c0b4f3499573dc5291fa47495c5cc5da0da658","application/pdf","cc-by","yes_with_attribution",""
"DOI_10_1038_s41467_020_16970_7","2020","Increasing trends in regional heatwaves","failed","","https://doi.org/10.1038/s41467-020-16970-7","","","","","","","cc-by","yes_with_attribution","Crossref-full-text: Received an HTML/login page instead of a source file"
"DOI_10_1175_jcli_d_19_0998_1","2020","Observed Temperature Changes in the Troposphere and Stratosphere from 1979 to 2018","downloaded","catalogue-direct","https://doi.org/10.1175/JCLI-D-19-0998.1","https://insu.hal.science/insu-02912462/document","https://insu.hal.science/insu-02912462/document","source-archive/primary/2020__DOI_10_1175_jcli_d_19_0998_1__Observed-Temperature-Changes-in-the-Troposphere-and-Stratosphere-from-1979-to-2018.pdf","4412590","44f061485c00a0f051586c2a766877de6e287b630f745ac7e6559ec1f29aa788","application/pdf","other-oa","review",""
"DOI_10_25921_m5wx_ja34","2020","OceanSODA-ETHZ: A global gridded dataset of the surface ocean carbonate system for seasonal to decadal studies of ocean acidification (v2025) (NCEI Accession 0220059)","no_public_file_found","","https://doi.org/10.25921/m5wx-ja34","","","","","","","","review","No direct public PDF URL was discovered."
"WEB_NOAA_Precipitation_GPCP_Monthly_CDR_9894ca66","2020","Precipitation - GPCP Monthly CDR","downloaded","catalogue-direct","https://www.ncei.noaa.gov/products/climate-data-records/precipitation-gpcp-monthly","https://www.ncei.noaa.gov/pub/data/sds/cdr/CDRs/Precipitation_GPCP-Monthly/CDR_Flyer_01B-34.pdf","https://www.ncei.noaa.gov/pub/data/sds/cdr/CDRs/Precipitation_GPCP-Monthly/CDR_Flyer_01B-34.pdf","source-archive/related/2020__WEB_NOAA_Precipitation_GPCP_Monthly_CDR_9894ca66__Precipitation-GPCP-Monthly-CDR.pdf","764154","0f89f84210f5e327853c11c73d9ec5adf9b2ad722281d9cf1926c8af8f3cb0ea","application/pdf","","review",""
"WEB_NOAA_Snow_Cover_Extent_Northern_Hemisphere_CDR_85362472","2020","Snow Cover Extent (Northern Hemisphere) CDR","downloaded","catalogue-direct","https://www.ncei.noaa.gov/products/climate-data-records/snow-cover-extent","https://www.ncei.noaa.gov/pub/data/sds/cdr/CDRs/Snow_Cover_Extent_Northern_Hemisphere/CDR_Flyer_01B-12.pdf","https://www.ncei.noaa.gov/pub/data/sds/cdr/CDRs/Snow_Cover_Extent_Northern_Hemisphere/CDR_Flyer_01B-12.pdf","source-archive/related/2020__WEB_NOAA_Snow_Cover_Extent_Northern_Hemisphere_CDR_85362472__Snow-Cover-Extent-Northern-Hemisphere-CDR.pdf","2012875","34296cde41fa350ac89d9f1918d54543cfaf7407636e2c76f170f1591a5a2794","application/pdf","","review",""
"DOI_10_5194_essd_12_3469_2020","2020","The Berkeley Earth Land/Ocean Temperature Record","downloaded","catalogue-direct","https://doi.org/10.5194/essd-12-3469-2020","https://essd.copernicus.org/articles/12/3469/2020/essd-12-3469-2020.pdf","https://essd.copernicus.org/articles/12/3469/2020/essd-12-3469-2020.pdf","source-archive/primary/2020__DOI_10_5194_essd_12_3469_2020__The-Berkeley-Earth-Land-Ocean-Temperature-Record.pdf","3892422","e0bdc96bdaee7fb68e54e11f2f5580b61b06e727fec8fbf664128234a07e8994","application/pdf","cc-by","yes_with_attribution",""
"DOI_10_1038_s41586_020_2591_3","2020","The causes of sea-level rise since 1900","downloaded","catalogue-direct","https://doi.org/10.1038/s41586-020-2591-3","https://research.dial.uclouvain.be/server/api/core/bitstreams/43f52567-e261-477f-96c2-bd1bdf4987b1/content","https://research.dial.uclouvain.be/server/api/core/bitstreams/43f52567-e261-477f-96c2-bd1bdf4987b1/content","source-archive/primary/2020__DOI_10_1038_s41586_020_2591_3__The-causes-of-sea-level-rise-since-1900.pdf","14039725","95c282c691e38e79425d82371ae9fe4f07bed5252d003da8e1677a498d417fc0","application/pdf","other-oa","review",""
"DOI_10_1002_qj_3803","2020","The ERA5 global reanalysis","failed","","https://doi.org/10.1002/qj.3803","","","","","","","cc-by","yes_with_attribution","Crossref-full-text: HTTP 403 | Crossref-full-text: HTTP 403"
"WEB_World_Glacier_Monitoring_Ser_WGMS_2020_6e490990","2020","WGMS, 2020","downloaded","catalogue-direct","https://wgms.ch/downloads/WGMS2020_SummaryReport1894-2019.pdf","https://wgms.ch/downloads/WGMS2020_SummaryReport1894-2019.pdf","https://wgms.ch/downloads/WGMS2020_SummaryReport1894-2019.pdf","source-archive/primary/2020__WEB_World_Glacier_Monitoring_Ser_WGMS_2020_6e490990__WGMS-2020.pdf","4492902","3c99440b17b3d94171c31deb3f565f2423276250d7ba86d531d680ae3021a3dc","application/pdf","","review",""
"WEB_NOAA_World_Ocean_Database_3d4b1d70","2020","World Ocean Database","downloaded","catalogue-direct","https://www.ncei.noaa.gov/products/world-ocean-database","https://www.ncei.noaa.gov/data/oceans/woa/WOD/DOC/wod_intro.pdf","https://www.ncei.noaa.gov/data/oceans/woa/WOD/DOC/wod_intro.pdf","source-archive/related/2020__WEB_NOAA_World_Ocean_Database_3d4b1d70__World-Ocean-Database.pdf","12098307","a8ca3394fae30f1e998cf33177e54c0d02f937bc26440e1def514072e2c3c63c","application/pdf","","review",""
"DOI_10_1038_s41586_021_03436_z","2021","Accelerated global glacier mass loss in the early twenty-first century","downloaded","catalogue-direct","https://doi.org/10.1038/s41586-021-03436-z","https://insu.hal.science/insu-03214987/document","https://insu.hal.science/insu-03214987/document","source-archive/primary/2021__DOI_10_1038_s41586_021_03436_z__Accelerated-global-glacier-mass-loss-in-the-early-twenty-first-century.pdf","474222","57841ee9e61b528aede478ca80d32f98b067ebf68bb8ff6f4fb43939323f2522","application/pdf","other-oa","review",""
"DOI_10_6096_13","2021","Accelerated global glacier mass loss in the early twenty-first century - Dataset.","no_public_file_found","","https://doi.org/10.6096/13","","","","","","","other-oa","review","No direct public PDF URL was discovered."
"DOI_10_1029_2019jd032361","2021","An Updated Assessment of Near‐Surface Temperature Change From 1850: The HadCRUT5 Data Set","downloaded","catalogue-direct","https://doi.org/10.1029/2019JD032361","https://ueaeprints.uea.ac.uk/id/eprint/77964/1/morice_hadcrut5_accepted_version.pdf","https://ueaeprints.uea.ac.uk/id/eprint/77964/1/morice_hadcrut5_accepted_version.pdf","source-archive/primary/2021__DOI_10_1029_2019jd032361__An-Updated-Assessment-of-Near-Surface-Temperature-Change-From-1850-The-HadCRUT5-Data-Set.pdf","6238514","e87455d081038f10a07272447ba363bc5cfe96107bd500b0a529567ec1246aa5","application/pdf","cc-by","yes_with_attribution",""
"DOI_10_5285_77b64c55_7166_4a06_9def_2e400398e452","2021","Antarctic and Greenland Ice Sheet mass balance 1992-2020 for IPCC AR6","no_public_file_found","","https://doi.org/10.5285/77B64C55-7166-4A06-9DEF-2E400398E452","","","","","","","other-oa","review","No direct public PDF URL was discovered."
"WEB_GitHub_GitHub_rhugonnet_ww_tvol_study_Process_global_sc_300ee76a","2021","GitHub - rhugonnet/ww_tvol_study: Process global-scale satellite and airborne elevation data into time series of glacier mass change: Hugonnet et al. (2021).","downloaded","catalogue-direct","https://github.com/rhugonnet/ww_tvol_study","https://codeload.github.com/rhugonnet/ww_tvol_study/zip/refs/heads/main","https://codeload.github.com/rhugonnet/ww_tvol_study/zip/refs/heads/main","source-archive/primary/2021__WEB_GitHub_GitHub_rhugonnet_ww_tvol_study_Process_global_sc_300ee76a__GitHub-rhugonnet-ww_tvol_study-Process-global-scale-satellite-and-airborne-elevation-data-into-time-seri.zip","26070303","b38ad4c9b5775f2cc12372de8edb093bde91cf2f0d13dadc0e8f67cba73c82fa","application/zip","","review",""
"WEB_NOAA_Global_Historical_Climatology_Network_daily_GHCN_14491e06","2021","Global Historical Climatology Network daily (GHCNd)","downloaded","catalogue-direct","https://www.ncei.noaa.gov/products/land-based-station/global-historical-climatology-network-daily","https://www.ncei.noaa.gov/data/global-historical-climatology-network-daily/doc/GHCND_documentation.pdf","https://www.ncei.noaa.gov/data/global-historical-climatology-network-daily/doc/GHCND_documentation.pdf","source-archive/related/2021__WEB_NOAA_Global_Historical_Climatology_Network_daily_GHCN_14491e06__Global-Historical-Climatology-Network-daily-GHCNd.pdf","104748","d67e69ce657d175dd301c2b9cdb162ff5be95327c9247f82235b1228577d717b","application/pdf","","review",""
"WEB_NOAA_Global_Ocean_Heat_Content_CDR_f355b1a3","2021","Global Ocean Heat Content CDR","downloaded","catalogue-direct","https://www.ncei.noaa.gov/products/climate-data-records/global-ocean-heat-content","https://www.ncei.noaa.gov/pub/data/sds/cdr/CDRs/Ocean_Heat_Content/CDR_Flyer_01B-41.pdf","https://www.ncei.noaa.gov/pub/data/sds/cdr/CDRs/Ocean_Heat_Content/CDR_Flyer_01B-41.pdf","source-archive/related/2021__WEB_NOAA_Global_Ocean_Heat_Content_CDR_f355b1a3__Global-Ocean-Heat-Content-CDR.pdf","1084673","68de82f2c6a33d584a6118f273217521c0954cabfd73e5b12a9869a8c626e258","application/pdf","","review",""
"DOI_10_1038_s41597_021_00939_2","2021","GlobSnow v3.0 Northern Hemisphere snow water equivalent dataset","failed","","https://doi.org/10.1038/s41597-021-00939-2","","","","","","","cc-by","yes_with_attribution","Crossref-full-text: Received an HTML/login page instead of a source file"
"DOI_10_24381_cds_38b9366c","2021","Gravimetric mass balance data for the Antarctic and Greenland ice sheets derived from satellite observations","no_public_file_found","","https://doi.org/10.24381/cds.38b9366c","","","","","","","","review","No direct public PDF URL was discovered."
"2021_BIPM_IPRT","2021","Guide to Secondary Thermometry: Industrial Platinum Resistance Thermometers","downloaded","catalogue-direct","https://www.bipm.org/documents/20126/41773843/BIPM_CCT_Guide_to_IPRTs.pdf/b3bd8bba-3b0b-ab46-481f-29ceddf7bb31?download=true&t=1638374241171&version=1.1","https://www.bipm.org/documents/20126/41773843/BIPM_CCT_Guide_to_IPRTs.pdf/b3bd8bba-3b0b-ab46-481f-29ceddf7bb31?download=true&t=1638374241171&version=1.1","https://www.bipm.org/documents/20126/41773843/BIPM_CCT_Guide_to_IPRTs.pdf/b3bd8bba-3b0b-ab46-481f-29ceddf7bb31?download=true&t=1638374241171&version=1.1","source-archive/primary/2021__2021_BIPM_IPRT__Guide-to-Secondary-Thermometry-Industrial-Platinum-Resistance-Thermometers.pdf","1176720","34c6484db3801fadd6c55a1266ca0987fd1979802caa8a925a24ff20348484d9","application/pdf","","review",""
"2021_BIPM_SPRT","2021","Guide to the Realization of the ITS-90: Platinum Resistance Thermometry","downloaded","catalogue-direct","https://www.bipm.org/documents/20126/41773843/Guide_ITS-90_5_SPRT_2021.pdf/c4bbbe56-4118-eef7-47cb-3ea234db40b8?download=true&t=1667829321760&version=1.12","https://www.bipm.org/documents/20126/41773843/Guide_ITS-90_5_SPRT_2021.pdf/c4bbbe56-4118-eef7-47cb-3ea234db40b8?download=true&t=1667829321760&version=1.12","https://www.bipm.org/documents/20126/41773843/Guide_ITS-90_5_SPRT_2021.pdf/c4bbbe56-4118-eef7-47cb-3ea234db40b8?download=true&t=1667829321760&version=1.12","source-archive/primary/2021__2021_BIPM_SPRT__Guide-to-the-Realization-of-the-ITS-90-Platinum-Resistance-Thermometry.pdf","1186535","5ea1e71978262a917eb710c01ba8b8b858f90509cb318bf348191497cfb5dfea","application/pdf","","review",""
"WEB_NOAA_Integrated_Global_Radiosonde_Archive_IGRA_ab0ea6c1","2021","Integrated Global Radiosonde Archive (IGRA)","downloaded","catalogue-direct","https://www.ncei.noaa.gov/products/weather-balloon/integrated-global-radiosonde-archive","https://www.ncei.noaa.gov/data/integrated-global-radiosonde-archive/doc//igra2-product-description.pdf","https://www.ncei.noaa.gov/data/integrated-global-radiosonde-archive/doc//igra2-product-description.pdf","source-archive/related/2021__WEB_NOAA_Integrated_Global_Radiosonde_Archive_IGRA_ab0ea6c1__Integrated-Global-Radiosonde-Archive-IGRA.pdf","634165","5d8f5af56790a7d8359052ab13a65dc819db619b7f7aa665aadf87688861e61b","application/pdf","","review",""
"WEB_NOAA_International_Comprehensive_Ocean_Atmosphere_Dat_9d4f6713","2021","International Comprehensive Ocean-Atmosphere Data Set (ICOADS)","downloaded","catalogue-direct","https://icoads.noaa.gov/","https://www.ncei.noaa.gov/data/international-comprehensive-ocean-atmosphere/v3/doc/R3.0-imma1_short.pdf","https://www.ncei.noaa.gov/data/international-comprehensive-ocean-atmosphere/v3/doc/R3.0-imma1_short.pdf","source-archive/related/2021__WEB_NOAA_International_Comprehensive_Ocean_Atmosphere_Dat_9d4f6713__International-Comprehensive-Ocean-Atmosphere-Data-Set-ICOADS.pdf","1611834","fa1ca9ebcb6fdd54d0788bcbb14ac1552afa74dbbf7f09db3ac8cdee3fd32aee","application/pdf","","review",""
"WEB_NOAA_Mean_Layer_Temperature_NOAA_CDR_743b717d","2021","Mean Layer Temperature - NOAA CDR","downloaded","catalogue-direct","https://www.ncei.noaa.gov/products/climate-data-records/mean-layer-temperature-noaa","https://www.ncei.noaa.gov/pub/data/sds/cdr/CDRs/Mean%20Layer%20Temperatures%20-%20NOAA/CDR_Flyer_01B-25.pdf","https://www.ncei.noaa.gov/pub/data/sds/cdr/CDRs/Mean%20Layer%20Temperatures%20-%20NOAA/CDR_Flyer_01B-25.pdf","source-archive/related/2021__WEB_NOAA_Mean_Layer_Temperature_NOAA_CDR_743b717d__Mean-Layer-Temperature-NOAA-CDR.pdf","1301475","6dbb134f269dc090ea8d994733fc66a7669ef71acb1ada3c296a6e3fff7d2559","application/pdf","","review",""
"WEB_NASA_NASA_Scientific_Visualization_Studio_3D_Water_Va_cbd0352b","2021","NASA Scientific Visualization Studio | 3D Water Vapor shows an Atmospheric River","downloaded","catalogue-direct","https://svs.gsfc.nasa.gov/4939","https://svs.gsfc.nasa.gov/vis/a000000/a004900/a004939/JPSS_ATMS_water_vapor_with_TPW_1080p30.mp4","https://svs.gsfc.nasa.gov/vis/a000000/a004900/a004939/JPSS_ATMS_water_vapor_with_TPW_1080p30.mp4","source-archive/primary/2021__WEB_NASA_NASA_Scientific_Visualization_Studio_3D_Water_Va_cbd0352b__NASA-Scientific-Visualization-Studio-3D-Water-Vapor-shows-an-Atmospheric-River.mp4","87004134","04dcbaf1319a095048f76ca0737caa5c9206d6e8caa1c8d3a79c5aa14eac17bf","video/mp4","","review",""
"WEB_NOAA_Radiosonde_Atmospheric_Temperature_Products_for_960a4f75","2021","Radiosonde Atmospheric Temperature Products for Assessing Climate (RATPAC)","downloaded","catalogue-direct","https://www.ncei.noaa.gov/products/weather-balloon/radiosonde-atmospheric-temperature-products","https://www.ncei.noaa.gov/data/radiosonde-atmospheric-temperature-products-for-assessing-climate/doc/readme.txt","https://www.ncei.noaa.gov/data/radiosonde-atmospheric-temperature-products-for-assessing-climate/doc/readme.txt","source-archive/primary/2021__WEB_NOAA_Radiosonde_Atmospheric_Temperature_Products_for_960a4f75__Radiosonde-Atmospheric-Temperature-Products-for-Assessing-Climate-RATPAC.txt","5823","fd6f3b676c40a2d7992ba07aea24fef72e5f9aa3acc9104ffb623cd4c5473af6","text/plain","","review",""
"DOI_10_5194_amt_14_3015_2021","2021","Revision of the World Meteorological Organization Global Atmosphere Watch (WMO/GAW) CO₂ calibration scale","downloaded","catalogue-direct","https://doi.org/10.5194/amt-14-3015-2021","https://amt.copernicus.org/articles/14/3015/2021/amt-14-3015-2021.pdf","https://amt.copernicus.org/articles/14/3015/2021/amt-14-3015-2021.pdf","source-archive/primary/2021__DOI_10_5194_amt_14_3015_2021__Revision-of-the-World-Meteorological-Organization-Global-Atmosphere-Watch-WMO-GAW-CO2-calibration-scale.pdf","5057732","b00abbcab80a525f9383897be50c26934ec98b80805fe26729ea9f7c3d4e54b8","application/pdf","cc-by","yes_with_attribution",""
"DOI_10_2909_5ae0f2a2_7ad8_4f7c_878d_f1b09d78d7a1","2021","Seasonal Productivity 2017-present (raster 10 m), Europe, yearly, Sept. 2021","no_public_file_found","","https://doi.org/10.2909/5ae0f2a2-7ad8-4f7c-878d-f1b09d78d7a1","","","","","","","","review","No direct public PDF URL was discovered."
"DOI_10_1007_s00484_021_02185_y","2021","The International Phenological Garden network (1959 to 2021): its 131 gardens, cloned study species, data archiving, and future","downloaded","catalogue-direct","https://doi.org/10.1007/s00484-021-02185-y","https://edoc.hu-berlin.de/server/api/core/bitstreams/eb90f0ba-10a5-4fbb-833a-2c74b44c5975/content","https://edoc.hu-berlin.de/server/api/core/bitstreams/eb90f0ba-10a5-4fbb-833a-2c74b44c5975/content","source-archive/primary/2021__DOI_10_1007_s00484_021_02185_y__The-International-Phenological-Garden-network-1959-to-2021-its-131-gardens-cloned-study-species-data-archiving-and-future.pdf","1414859","455c307a963a521f8e9ff1d12cfb28093eba4673e441d627c43222249a0e424d","application/pdf","cc-by","yes_with_attribution",""
"DOI_10_1038_s41467_022_31432_y","2022","Accelerated western European heatwave trends linked to more-persistent double jets over Eurasia","downloaded","catalogue-direct","https://doi.org/10.1038/s41467-022-31432-y","https://www.nature.com/articles/s41467-022-31432-y.pdf?error=cookies_not_supported&code=3d50c7ad-203e-4f6b-9e94-d8f1e53826b7","https://www.nature.com/articles/s41467-022-31432-y.pdf?error=cookies_not_supported&code=3d50c7ad-203e-4f6b-9e94-d8f1e53826b7","source-archive/primary/2022__DOI_10_1038_s41467_022_31432_y__Accelerated-western-European-heatwave-trends-linked-to-more-persistent-double-jets-over-Eurasia.pdf","2978403","32b62aabe14da0a870210988a688602382a63777f91e3d5c7d235abf2356c4d2","application/pdf","cc-by","yes_with_attribution",""
"DOI_10_1029_2021gl097448","2022","Arctic Snow Depth, Ice Thickness, and Volume From ICESat‐2 and CryoSat‐2: 2018–2021","failed","","https://doi.org/10.1029/2021GL097448","","","","","","","","review","Crossref-full-text: HTTP 403 | Crossref-full-text: HTTP 403 | Crossref-full-text: HTTP 403"
"DOI_10_1038_s41597_022_01223_7","2022","Digitising historical sea level records in the Thames Estuary, UK","downloaded","landing-page:mejiro.repo.nii.ac.jp","https://doi.org/10.1038/s41597-022-01223-7","https://mejiro.repo.nii.ac.jp/record/1061/files/KJ00008691379.pdf","https://nrjjxl1nnwb4.compat.objectstorage.ap-tokyo-1.oraclecloud.com/contents/mejiro_repo_nii_ac_jp/7f/dd/a6a7-2800-4a50-8636-5201f216f89e/data?response-content-type=application%2Foctet-stream&response-content-disposition=attachment%3B%20filename%3DKJ00008691379.pdf&X-Amz-Algorithm=AWS4-HMAC-SHA256&X-Amz-Credential=2933d73c5ea35b566afd770d1a6af5c853196a77%2F20260804%2Fap-tokyo-1%2Fs3%2Faws4_request&X-Amz-Date=20260804T094504Z&X-Amz-Expires=60&X-Amz-SignedHeaders=host&X-Amz-Signature=40ad396362ff553d320418238ff0a6ec59002558fc836890d488b197ccd7565e","source-archive/open-access/2022__DOI_10_1038_s41597_022_01223_7__Digitising-historical-sea-level-records-in-the-Thames-Estuary-UK.pdf","191434","c11578065f5f3467def29607fc37fc24e3f67f9d5c73861296c867c511f61479","application/octet-stream","cc0-or-public-domain","yes",""
"DOI_10_1029_2022jd036728","2022","Global Changes in Water Vapor 1979–2020","failed","","https://doi.org/10.1029/2022JD036728","","","","","","","cc-by","yes_with_attribution","Crossref-full-text: HTTP 403 | Crossref-full-text: HTTP 403"
"DOI_10_48670_moi_00277","2022","Global ocean acidification - mean sea water pH trend map from Multi-Observations Reprocessing","downloaded","catalogue-direct","https://doi.org/10.48670/moi-00277","https://hal.science/hal-03826462/document","https://hal.science/hal-03826462/document","source-archive/primary/2022__DOI_10_48670_moi_00277__Global-ocean-acidification-mean-sea-water-pH-trend-map-from-Multi-Observations-Reprocessing.pdf","1187846","3e6494800b72a75c1e521eca4869338fcbdb46c8aa26e5b69fa7068a4a136c77","application/pdf","other-oa","review",""
"DOI_10_15770_eum_saf_osi_0014","2022","Global Sea Ice Concentration Interim Climate Data Record Release 3 - DMSP","no_public_file_found","","https://doi.org/10.15770/EUM_SAF_OSI_0014","","","","","","","cc-by","yes_with_attribution","No direct public PDF URL was discovered."
"DOI_10_5281_zenodo_7492812","2022","GSDR-I Global Sub-Daily Precipitation Indices - Dataset","failed","","https://doi.org/10.5281/zenodo.7492812","","","","","","","cc-by","yes_with_attribution","Zenodo-file: This operation was aborted | Zenodo-file: This operation was aborted"
"DOI_10_5067_04yyikxw0gjs","2022","ICESat-2 and CryoSat-2 L4 Monthly Arctic Snow Depth and Sea Ice Thickness, Version 1","downloaded","catalogue-direct","https://doi.org/10.5067/04YYIKXW0GJS","https://nsidc.org/sites/default/files/documents/user-guide/nsidc-0773-v001-userguide.pdf","https://nsidc.org/sites/default/files/documents/user-guide/nsidc-0773-v001-userguide.pdf","source-archive/primary/2022__DOI_10_5067_04yyikxw0gjs__ICESat-2-and-CryoSat-2-L4-Monthly-Arctic-Snow-Depth-and-Sea-Ice-Thickness-Version-1.pdf","279671","0377f9472a731fb0db71ab9c5d9646e16fdb095545501698e7ee052c52c32bac","application/pdf","","review",""
"DOI_10_5067_modis_mcd12q2_061","2022","MODIS/Terra+Aqua Land Cover Dynamics Yearly L3 Global 500m SIN Grid V061","no_public_file_found","","https://doi.org/10.5067/MODIS/MCD12Q2.061","","","","","","","","review","No direct public PDF URL was discovered."
"DOI_10_1038_s41612_022_00229_7","2022","Monitoring global climate change using GNSS radio occultation","downloaded","reconciled-local-download","https://doi.org/10.1038/s41612-022-00229-7","","","source-archive/open-access/2022__doi_10_1038_s41612_022_00229_7__monitoring-global-climate-change-using-gnss-radio-occultation.pdf","937961","72a747613f79bc4471ee74aab9dd9e5d6683173cd0bf3b161c4f35efa513d50c","","cc-by","yes_with_attribution",""
"WEB_NOAA_Ocean_Carbon_and_Acidification_Data_System_OCADS_23d31f11","2022","Ocean Carbon and Acidification Data System (OCADS)","downloaded","catalogue-direct","https://www.ncei.noaa.gov/products/ocean-carbon-acidification-data-system","https://www.ncei.noaa.gov/access/ocean-carbon-acidification-data-system/support/physiological.xlsx","https://www.ncei.noaa.gov/access/ocean-carbon-acidification-data-system/support/physiological.xlsx","source-archive/primary/2022__WEB_NOAA_Ocean_Carbon_and_Acidification_Data_System_OCADS_23d31f11__Ocean-Carbon-and-Acidification-Data-System-OCADS.xlsx","15227","e2bcf53f1d475b3e1c0e9960ecd3608fc6f145f24995274ce01e8286ba3b8c3f","application/vnd.openxmlformats-officedocument.spreadsheetml.sheet","","review",""
"DOI_10_1098_rspb_2021_2456","2022","Plants in the UK flower a month earlier under recent warming","downloaded","catalogue-direct","https://doi.org/10.1098/rspb.2021.2456","https://api.repository.cam.ac.uk/server/api/core/bitstreams/f9b66c23-424e-423b-a5f1-8b2870db7481/content","https://api.repository.cam.ac.uk/server/api/core/bitstreams/f9b66c23-424e-423b-a5f1-8b2870db7481/content","source-archive/primary/2022__DOI_10_1098_rspb_2021_2456__Plants-in-the-UK-flower-a-month-earlier-under-recent-warming.pdf","1456653","718234fd53769009480677c6fa54c9488621ccce939faf0e1e2b1bf9964470eb","application/pdf","cc-by","yes_with_attribution",""
"DOI_10_5194_gmd_15_15_2022","2022","PyCO₂SYS v1.8: marine carbonate system calculations in Python","downloaded","catalogue-direct","https://doi.org/10.5194/gmd-15-15-2022","https://gmd.copernicus.org/articles/15/15/2022/gmd-15-15-2022.pdf","https://gmd.copernicus.org/articles/15/15/2022/gmd-15-15-2022.pdf","source-archive/primary/2022__DOI_10_5194_gmd_15_15_2022__PyCO2SYS-v1.8-marine-carbonate-system-calculations-in-Python.pdf","2069063","15670e0fb39e6253dc1e253ece47425958406eb177e97cbfd67d342130ce8b8d","application/pdf","cc-by","yes_with_attribution",""
"DOI_10_6084_m9_figshare_c_5800155","2022","Supplementary material from ""Plants in the UK flower a month earlier under recent warming""","no_public_file_found","","https://doi.org/10.6084/m9.figshare.c.5800155","","","","","","","cc-by","yes_with_attribution","No direct public PDF URL was discovered."
"DOI_10_1002_ecm_1552","2022","Temporal shifts in avian phenology across the circannual cycle in a rapidly changing climate: A global meta‐analysis","downloaded","catalogue-direct","https://doi.org/10.1002/ecm.1552","https://edit.elte.hu/xmlui/bitstream/handle/10831/113629/33252252.pdf;jsessionid=94E221ADA4227233629054C30D1BC6A1?sequence=1","https://edit.elte.hu/xmlui/bitstream/handle/10831/113629/33252252.pdf;jsessionid=94E221ADA4227233629054C30D1BC6A1?sequence=1","source-archive/primary/2022__DOI_10_1002_ecm_1552__Temporal-shifts-in-avian-phenology-across-the-circannual-cycle-in-a-rapidly-changing-climate-A-global-meta-analysis.pdf","1128616","0ee2391b4f6046769aa4dd37cfbefa3083b40a5e5a480d16f9fee5d1b2db1f8f","application/pdf","cc-by-nc-nd","yes_with_conditions",""
"WEB_nist_gov_Tuning_into_Weather_Forecasting_NIST_be922613","2022","Tuning into Weather Forecasting | NIST","downloaded","catalogue-direct","https://www.nist.gov/nist-museum/tuning-weather-forecasting","https://nvlpubs.nist.gov/nistpubs/Legacy/MP/nbsmiscellaneouspub275.pdf","https://nvlpubs.nist.gov/nistpubs/Legacy/MP/nbsmiscellaneouspub275.pdf","source-archive/related/2022__WEB_nist_gov_Tuning_into_Weather_Forecasting_NIST_be922613__Tuning-into-Weather-Forecasting-NIST.pdf","32522291","5fb67de5f9bab357e97e7d162577953866879b2a0f5496e188c4e134678078f6","application/pdf","public-domain-claim","yes",""
"WEB_NASA_Algorithm_Theoretical_Basis_Document_79780237","2023","Algorithm Theoretical Basis Document","downloaded","catalogue-direct","https://gpm.nasa.gov/sites/default/files/2023-07/IMERG_V07_ATBD_final_230712.pdf","https://gpm.nasa.gov/sites/default/files/2023-07/IMERG_V07_ATBD_final_230712.pdf","https://gpm.nasa.gov/sites/default/files/2023-07/IMERG_V07_ATBD_final_230712.pdf","source-archive/primary/2023__WEB_NASA_Algorithm_Theoretical_Basis_Document_79780237__Algorithm-Theoretical-Basis-Document.pdf","3532839","23dd016bd2ae1c7410541f427a230d7ad4cae4ed8c557a25fcbea119fb9149c9","application/pdf","","review",""
"DOI_10_1038_s41597_023_02238_4","2023","An Observation-Based Dataset of Global Sub-Daily Precipitation Indices (GSDR-I)","failed","","https://doi.org/10.1038/s41597-023-02238-4","","","","","","","cc-by","yes_with_attribution","Crossref-full-text: Received an HTML/login page instead of a source file"
"DOI_10_13155_97828","2023","BGC-Argo quality control manual for pH","downloaded","catalogue-direct","https://doi.org/10.13155/97828","https://archimer.ifremer.fr/doc/00866/97828/106985.pdf","https://archimer.ifremer.fr/doc/00866/97828/106985.pdf","source-archive/primary/2023__DOI_10_13155_97828__BGC-Argo-quality-control-manual-for-pH.pdf","4613326","fcb5cc12f250adaeb2001b4bb8b7ecd1bd830727f857ff3ddf27f058c8dae595","application/pdf","other-oa","review",""
"DOI_10_5194_os_19_431_2023","2023","Current observed global mean sea level rise and acceleration estimated from satellite altimetry and the associated measurement uncertainty","downloaded","catalogue-direct","https://doi.org/10.5194/os-19-431-2023","https://insu.hal.science/insu-04471099/document","https://insu.hal.science/insu-04471099/document","source-archive/primary/2023__DOI_10_5194_os_19_431_2023__Current-observed-global-mean-sea-level-rise-and-acceleration-estimated-from-satellite-altimetry-and-the-associated-measurement-uncertainty.pdf","5318316","95145b1f9b5dd5983c22588ebe3f30ce358f00b4e04985f539d041295f4545fc","application/pdf","cc-by","yes_with_attribution",""
"DOI_10_3389_fmars_2023_1289931","2023","Forty years of ocean acidification observations (1983–2023) in the Sargasso Sea at the Bermuda Atlantic Time-series Study site","downloaded","catalogue-direct","https://doi.org/10.3389/fmars.2023.1289931","https://www.frontiersin.org/journals/marine-science/articles/10.3389/fmars.2023.1289931/pdf","https://www.frontiersin.org/journals/marine-science/articles/10.3389/fmars.2023.1289931/pdf","source-archive/primary/2023__DOI_10_3389_fmars_2023_1289931__Forty-years-of-ocean-acidification-observations-1983-2023-in-the-Sargasso-Sea-at-the-Bermuda-Atlantic-Time-series-Study-site.pdf","31120795","b45ddf40ca35853232dbca002b95115682f2e1b41183f213078fa078803fd434","application/pdf","cc-by","yes_with_attribution",""
"DOI_10_1029_2023gb007765","2023","Four Decades of Trends and Drivers of Global Surface Ocean Acidification","downloaded","catalogue-direct","https://doi.org/10.1029/2023GB007765","https://archimer.ifremer.fr/doc/00941/105310/117713.pdf","https://archimer.ifremer.fr/doc/00941/105310/117713.pdf","source-archive/primary/2023__DOI_10_1029_2023gb007765__Four-Decades-of-Trends-and-Drivers-of-Global-Surface-Ocean-Acidification.pdf","11792251","04ac3e005d5e4c009e835cdfda70637d3a4ee7682e2589769d04ac7c93c0d548","application/pdf","other-oa","review",""
"DOI_10_24381_cds_ba597449","2023","Glacier mass change gridded data from 1976 to present derived from the Fluctuations of Glaciers Database","no_public_file_found","","https://doi.org/10.24381/cds.ba597449","","","","","","","","review","No direct public PDF URL was discovered."
"DOI_10_5067_gpm_imerg_3b_hh_07","2023","GPM IMERG Final Precipitation L3 Half Hourly 0.1 degree x 0.1 degree V07","no_public_file_found","","https://doi.org/10.5067/GPM/IMERG/3B-HH/07","","","","","","","","review","No direct public PDF URL was discovered."
"DOI_10_1038_s41467_023_42143_3","2023","Heat extremes in Western Europe increasing faster than simulated due to atmospheric circulation trends","downloaded","catalogue-direct","https://doi.org/10.1038/s41467-023-42143-3","https://hal.science/hal-04266530/file/s41467-023-42143-3.pdf","https://hal.science/hal-04266530/file/s41467-023-42143-3.pdf","source-archive/primary/2023__DOI_10_1038_s41467_023_42143_3__Heat-extremes-in-Western-Europe-increasing-faster-than-simulated-due-to-atmospheric-circulation-trends.pdf","2634807","3b7860d65cb92ec1d4fddab72427a001f4120261d7428af07a28f02ac6f69297","application/pdf","other-oa","review",""
"WEB_nrcs_usda_gov_historie_programu_Snow_Survey_f7dd6c0d","2023","historie programu Snow Survey","no_public_file_found","","https://www.nrcs.usda.gov/sites/default/files/2023-01/History-of-Snow-Survey-and-Water-Supply-Forecasting.pdf","","","","","","","","review","No direct public PDF URL was discovered."
"DOI_10_5194_essd_15_1597_2023","2023","Mass balance of the Greenland and Antarctic ice sheets from 1992 to 2020","downloaded","catalogue-direct","https://doi.org/10.5194/essd-15-1597-2023","https://orbi.uliege.be/bitstream/2268/301887/1/essd-15-1597-2023.pdf","https://orbi.uliege.be/bitstream/2268/301887/1/essd-15-1597-2023.pdf","source-archive/primary/2023__DOI_10_5194_essd_15_1597_2023__Mass-balance-of-the-Greenland-and-Antarctic-ice-sheets-from-1992-to-2020.pdf","3574079","1b86ac5506c2cf3c41fc02b8f0b290217e373b61c8caa83a75a6af91d85ecb5f","application/pdf","other-oa","review",""
"DOI_10_1007_s10712_023_09795_8","2023","Mass Balances of the Antarctic and Greenland Ice Sheets Monitored from Space","failed","","https://doi.org/10.1007/s10712-023-09795-8","","","","","","","cc-by","yes_with_attribution","Crossref-full-text: Received an HTML/login page instead of a source file | Crossref-full-text: Received an HTML/login page instead of a source file"
"DOI_10_5067_f6jmovy5navz","2023","Randolph Glacier Inventory - A Dataset of Global Glacier Outlines, Version 7","no_public_file_found","","https://doi.org/10.5067/F6JMOVY5NAVZ","","","","","","","other-oa","review","No direct public PDF URL was discovered."
"DOI_10_1111_1365_2656_13887","2023","Six decades of North American bird banding records reveal plasticity in migration phenology","failed","","https://doi.org/10.1111/1365-2656.13887","","","","","","","cc-by-nc-nd","yes_with_conditions","Crossref-full-text: HTTP 403 | Crossref-full-text: HTTP 403"
"DOI_10_15138_9n0h_zh07","2023","Trends in globally-averaged CO₂ determined from NOAA Global Monitoring Laboratory measurements.","downloaded","catalogue-direct","https://doi.org/10.15138/9N0H-ZH07","https://gml.noaa.gov/webdata/ccgg/trends/co2_trend_gl.pdf","https://gml.noaa.gov/webdata/ccgg/trends/co2_trend_gl.pdf","source-archive/primary/2023__DOI_10_15138_9n0h_zh07__Trends-in-globally-averaged-CO2-determined-from-NOAA-Global-Monitoring-Laboratory-measurements.pdf","37265","48c5895787070af9c4f3fb1ff5ff27edd13a89642a872868a7392d8cea65d817","application/pdf","","review",""
"DOI_10_1002_lno_12477","2023","Uncertainty sources for measurable ocean carbonate chemistry variables","downloaded","catalogue-direct","https://doi.org/10.1002/lno.12477","https://ueaeprints.uea.ac.uk/id/eprint/99417/1/Carter_etal_2024_LimnologyOceanography.pdf","https://ueaeprints.uea.ac.uk/id/eprint/99417/1/Carter_etal_2024_LimnologyOceanography.pdf","source-archive/primary/2023__DOI_10_1002_lno_12477__Uncertainty-sources-for-measurable-ocean-carbonate-chemistry-variables.pdf","1125833","e376a2d0ef5c937952a69a305e7a271662ac80bf0f5b9aa3e6fd3cc38b69af58","application/pdf","cc-by","yes_with_attribution",""
"DOI_10_1029_2023jd040179","2024","A NASA GISTEMPv4 Observational Uncertainty Ensemble","failed","","https://doi.org/10.1029/2023JD040179","","","","","","","","review","Crossref-full-text: HTTP 403"
"DOI_10_5194_os_20_725_2024","2024","Anthropogenic CO₂ , air–sea CO₂ fluxes, and acidification in the Southern Ocean: results from a time-series analysis at station OISO-KERFIX (51° S–68° E)","downloaded","catalogue-direct","https://doi.org/10.5194/os-20-725-2024","https://archimer.ifremer.fr/doc/00860/97159/106013.pdf","https://archimer.ifremer.fr/doc/00860/97159/106013.pdf","source-archive/primary/2024__DOI_10_5194_os_20_725_2024__Anthropogenic-CO2-air-sea-CO2-fluxes-and-acidification-in-the-Southern-Ocean-results-from-a-time-series-analysis-at-station-OISO-KERFIX-51-S-68-E.pdf","2660960","efa647e1d9eae23441c683a473eced2f1b5decbbfc502f38ce9dbd9311fedcfc","application/pdf","cc-by","yes_with_attribution",""
"DOI_10_5194_essd_16_121_2024","2024","CMEMS-LSCE: a global, 0.25°, monthly reconstruction of the surface ocean carbonate system","downloaded","catalogue-direct","https://doi.org/10.5194/essd-16-121-2024","https://essd.copernicus.org/articles/16/121/2024/essd-16-121-2024.pdf","https://essd.copernicus.org/articles/16/121/2024/essd-16-121-2024.pdf","source-archive/primary/2024__DOI_10_5194_essd_16_121_2024__CMEMS-LSCE-a-global-0.25-monthly-reconstruction-of-the-surface-ocean-carbonate-system.pdf","16381333","0d91cf4c000226758743a278435f70ae273baea089a9e8901f7a7777ba943ebd","application/pdf","cc-by","yes_with_attribution",""
"DOI_10_5285_9d9bfc488ec54b1297eca2c9662f9c81","2024","ESA Snow Climate Change Initiative (Snow_cci): Snow Water Equivalent (SWE) level 3C daily global climate research data package (CRDP) (1979 - 2022), version 3.1","downloaded","catalogue-direct","https://doi.org/10.5285/9d9bfc488ec54b1297eca2c9662f9c81","https://artefacts.ceda.ac.uk/licences/specific_licences/esacci_snow_terms_and_conditions.pdf","https://artefacts.ceda.ac.uk/licences/specific_licences/esacci_snow_terms_and_conditions.pdf","source-archive/primary/2024__DOI_10_5285_9d9bfc488ec54b1297eca2c9662f9c81__ESA-Snow-Climate-Change-Initiative-Snow_cci-Snow-Water-Equivalent-SWE-level-3C-daily-global-climate-research-data-package-CRDP-1.pdf","412179","90fee88bc58fe60386f83f1f5fde0b9e5154ff30bc2ee65dbd48d8f1d00f1d7e","application/pdf","","review",""
"DOI_10_5194_tc_18_2473_2024","2024","Estimating the uncertainty of sea-ice area and sea-ice extent from satellite retrievals","downloaded","catalogue-direct","https://doi.org/10.5194/tc-18-2473-2024","https://tc.copernicus.org/articles/18/2473/2024/tc-18-2473-2024.pdf","https://tc.copernicus.org/articles/18/2473/2024/tc-18-2473-2024.pdf","source-archive/primary/2024__DOI_10_5194_tc_18_2473_2024__Estimating-the-uncertainty-of-sea-ice-area-and-sea-ice-extent-from-satellite-retrievals.pdf","5180759","970ce1c5a07bc39d6a1c8f2f1b1989f324d73f268d3de165f29b51af26aa23e2","application/pdf","cc-by","yes_with_attribution",""
"DOI_10_5904_wgms_glambie_2024_07","2024","Glacier Mass Balance Intercomparison Exercise (GlaMBIE)","no_public_file_found","","https://doi.org/10.5904/wgms-glambie-2024-07","","","","","","","","review","No direct public PDF URL was discovered."
"DOI_10_5194_essd_16_3517_2024","2024","IAPv4 ocean temperature and ocean heat content gridded dataset","downloaded","catalogue-direct","https://doi.org/10.5194/essd-16-3517-2024","https://essd.copernicus.org/articles/16/3517/2024/essd-16-3517-2024.pdf","https://essd.copernicus.org/articles/16/3517/2024/essd-16-3517-2024.pdf","source-archive/primary/2024__DOI_10_5194_essd_16_3517_2024__IAPv4-ocean-temperature-and-ocean-heat-content-gridded-dataset.pdf","21392556","c13a4974cf51ed4c4c00ac4df4e137c1bd0f792e98eb84794aa623eb3f08696b","application/pdf","cc-by","yes_with_attribution",""
"DOI_10_25921_tn91_wv50","2024","NOAA Climate Data Record (CDR) of Mean Layer Temperature-NOAA, Version 5","downloaded","catalogue-direct","https://doi.org/10.25921/tn91-wv50","https://www.ncei.noaa.gov/pub/data/sds/cdr/CDRs/Mean%20Layer%20Temperatures%20-%20NOAA/SourceCode_01B-25.tar.gz","https://www.ncei.noaa.gov/pub/data/sds/cdr/CDRs/Mean%20Layer%20Temperatures%20-%20NOAA/SourceCode_01B-25.tar.gz","source-archive/primary/2024__DOI_10_25921_tn91_wv50__NOAA-Climate-Data-Record-CDR-of-Mean-Layer-Temperature-NOAA-Version-5.gz","71820","0d575750a7ffad359e46acc26724f24de729de504dc465264fd400f111beeb9a","application/gzip","","review",""
"DOI_10_1029_2023ea003279","2024","Observed Global Changes in Sector‐Relevant Climate Extremes Indices—An Extension to HadEX3","downloaded","catalogue-direct","https://doi.org/10.1029/2023EA003279","https://upcommons.upc.edu/server/api/core/bitstreams/c78c0a20-6414-4b8c-96db-e476bf816ade/content","https://upcommons.upc.edu/server/api/core/bitstreams/c78c0a20-6414-4b8c-96db-e476bf816ade/content","source-archive/primary/2024__DOI_10_1029_2023ea003279__Observed-Global-Changes-in-Sector-Relevant-Climate-Extremes-Indices-An-Extension-to-HadEX3.pdf","2982729","40ca07cc18c79c43060f9a921f1c252fbabfef0e2359ee35b762d84b6cbf07a8","application/pdf","cc-by-nc-nd","yes_with_conditions",""
"DOI_10_5194_bg_21_5561_2024","2024","Ocean acidification trends and carbonate system dynamics across the North Atlantic subpolar gyre water masses during 2009–2019","downloaded","catalogue-direct","https://doi.org/10.5194/bg-21-5561-2024","https://bg.copernicus.org/articles/21/5561/2024/bg-21-5561-2024.pdf","https://bg.copernicus.org/articles/21/5561/2024/bg-21-5561-2024.pdf","source-archive/primary/2024__DOI_10_5194_bg_21_5561_2024__Ocean-acidification-trends-and-carbonate-system-dynamics-across-the-North-Atlantic-subpolar-gyre-water-masses-during-2009-2019.pdf","7346907","ad1c8678d8022eb8771d37ed0c09267a13f4576406b657274e7b5a5b4355ff49","application/pdf","cc-by","yes_with_attribution",""
"DOI_10_1029_2024gl111229","2024","Refined Estimates of Global Ocean Deep and Abyssal Decadal Warming Trends","downloaded","catalogue-direct","https://doi.org/10.1029/2024GL111229","https://repository.library.noaa.gov/view/noaa/67454/noaa_67454_DS1.pdf","https://repository.library.noaa.gov/view/noaa/67454/noaa_67454_DS1.pdf","source-archive/primary/2024__DOI_10_1029_2024gl111229__Refined-Estimates-of-Global-Ocean-Deep-and-Abyssal-Decadal-Warming-Trends.pdf","2233898","17c183bb01ffbbbb229293b2702023634fbfbfea000d6419017d3d58e79b2cbd","application/pdf","cc-by-nc-nd","yes_with_conditions",""
"WEB_NOAA_State_of_the_Climate_in_2024_tabulka_2_8_4784f00d","2024","State of the Climate in 2024, tabulka 2.8","downloaded","catalogue-direct","https://repository.library.noaa.gov/view/noaa/71485/noaa_71485_DS1.pdf","https://repository.library.noaa.gov/view/noaa/71485/noaa_71485_DS1.pdf","https://repository.library.noaa.gov/view/noaa/71485/noaa_71485_DS1.pdf","source-archive/primary/2024__WEB_NOAA_State_of_the_Climate_in_2024_tabulka_2_8_4784f00d__State-of-the-Climate-in-2024-tabulka-2.8.pdf","44832945","1e010ab37e13731fca2ef7390b0c24f818a058e84e8b2d95d1f6374df41c5920","application/pdf","","review",""
"WEB_ametsoc_net_State_of_the_Climate_in_2024_Stratospheric_Tempe_d68326f7","2024","State of the Climate in 2024: Stratospheric Temperature","failed","","https://ametsoc.net/sotc2024/02GlobalClimate_SotC2024.pdf","","","","","","","","review","public-landing-direct: HTTP 403"
"DOI_10_1038_s43247_024_01761_5","2024","The rate of global sea level rise doubled during the past three decades","downloaded","reconciled-local-download","https://doi.org/10.1038/s43247-024-01761-5","","","source-archive/open-access/2024__doi_10_1038_s43247_024_01761_5__the-rate-of-global-sea-level-rise-doubled-during-the-past-three-decades.pdf","593063","8c7a3683670a8a583ca54fb73caf6807b42d3947b8f9e23c0f581967a258b1d4","","cc-by-nc-nd","yes_with_conditions",""
"DOI_10_5194_acp_24_12925_2024","2024","Upper-stratospheric temperature trends: new results from the Optical Spectrograph and InfraRed Imager System (OSIRIS)","downloaded","catalogue-direct","https://doi.org/10.5194/acp-24-12925-2024","https://acp.copernicus.org/articles/24/12925/2024/acp-24-12925-2024.pdf","https://acp.copernicus.org/articles/24/12925/2024/acp-24-12925-2024.pdf","source-archive/primary/2024__DOI_10_5194_acp_24_12925_2024__Upper-stratospheric-temperature-trends-new-results-from-the-Optical-Spectrograph-and-InfraRed-Imager-System-OSIRIS.pdf","7768772","95341dfc8ba625c315e03b041c7befe1184c54d55c19e1db2680c77dc5608b4a","application/pdf","cc-by","yes_with_attribution",""
"DOI_10_5067_viirs_vnp22q2_002","2024","VIIRS/NPP Land Surface Phenology Yearly L3 Global 500m SIN Grid V002","downloaded","catalogue-direct","https://doi.org/10.5067/VIIRS/VNP22Q2.002","https://landweb.modaps.eosdis.nasa.gov/data/userguide/VIIRS_Land_C2_Changes_09152022.pdf","https://landweb.modaps.eosdis.nasa.gov/data/userguide/VIIRS_Land_C2_Changes_09152022.pdf","source-archive/primary/2024__DOI_10_5067_viirs_vnp22q2_002__VIIRS-NPP-Land-Surface-Phenology-Yearly-L3-Global-500m-SIN-Grid-V002.pdf","76766","3c6cef92df940a0cde3b300e01644a428a3af458fbc2aa0ad4ba90777a854947","application/pdf","","review",""
"WEB_World_Glacier_Monitoring_Ser_WMO_2024_a75c9125","2024","WMO, 2024","downloaded","catalogue-direct","https://wgms.ch/downloads/WMO-8-vII-2024_en.pdf","https://wgms.ch/downloads/WMO-8-vII-2024_en.pdf","https://wgms.ch/downloads/WMO-8-vII-2024_en.pdf","source-archive/primary/2024__WEB_World_Glacier_Monitoring_Ser_WMO_2024_a75c9125__WMO-2024.pdf","51154764","e17cab63359c594950e71b24b3a4634080c6a1ac2ecd93ba712faa73d249713c","application/pdf","","review",""
"DOI_10_25923_z885_h264","2024","World Ocean Database 2023","downloaded","catalogue-direct","https://doi.org/10.25923/z885-h264","https://repository.library.noaa.gov/view/noaa/66204/noaa_66204_DS1.pdf","https://repository.library.noaa.gov/view/noaa/66204/noaa_66204_DS1.pdf","source-archive/primary/2024__DOI_10_25923_z885_h264__World-Ocean-Database-2023.pdf","12098307","a8ca3394fae30f1e998cf33177e54c0d02f937bc26440e1def514072e2c3c63c","application/pdf","public-domain","yes",""
"DOI_10_5194_essd_17_719_2025","2025","A global monthly 3D field of seawater pH over 3 decades: a machine learning approach","downloaded","catalogue-direct","https://doi.org/10.5194/essd-17-719-2025","https://archimer.ifremer.fr/doc/00942/105390/118055.pdf","https://archimer.ifremer.fr/doc/00942/105390/118055.pdf","source-archive/primary/2025__DOI_10_5194_essd_17_719_2025__A-global-monthly-3D-field-of-seawater-pH-over-3-decades-a-machine-learning-approach.pdf","3020202","74a22651de1dcc5c5b123434178c3fa71fc26934a0bd3769e92fbc99775cf6b6","application/pdf","other-oa","review",""
"DOI_10_5194_essd_17_1977_2025","2025","Annual mass change of the world's glaciers from 1976 to 2024 by temporal downscaling of satellite data with in situ observations","downloaded","catalogue-direct","https://doi.org/10.5194/essd-17-1977-2025","https://essd.copernicus.org/articles/17/1977/2025/essd-17-1977-2025.pdf","https://essd.copernicus.org/articles/17/1977/2025/essd-17-1977-2025.pdf","source-archive/primary/2025__DOI_10_5194_essd_17_1977_2025__Annual-mass-change-of-the-world-s-glaciers-from-1976-to-2024-by-temporal-downscaling-of-satellite-data-with-in-situ-observations.pdf","12458999","751384dd7e8f84c120213b2d757471d22ec6333747738ebd47c87afb4954ec52","application/pdf","cc-by","yes_with_attribution",""
"WEB_content_drupal_climate_gov_Climate_Change_Ocean_Heat_Content_a227e082","2025","Climate Change: Ocean Heat Content","downloaded","catalogue-direct","https://content-drupal.climate.gov/news-features/understanding-climate/climate-change-ocean-heat-content","https://www.ncei.noaa.gov/data/oceans/woa/DATA_ANALYSIS/3M_HEAT_CONTENT/DATA/basin/3month/ohc_levitus_climdash_seasonal.csv","https://www.ncei.noaa.gov/data/oceans/woa/DATA_ANALYSIS/3M_HEAT_CONTENT/DATA/basin/3month/ohc_levitus_climdash_seasonal.csv","source-archive/related/2025__WEB_content_drupal_climate_gov_Climate_Change_Ocean_Heat_Content_a227e082__Climate-Change-Ocean-Heat-Content.csv","4822","5adb70b0de91ca86788274ce30f58f450549719e0c677682f1445c287799180b","text/csv","","review",""
"DOI_10_1038_s41586_024_08545_z","2025","Community estimate of global glacier mass changes from 2000 to 2023","failed","","https://doi.org/10.1038/s41586-024-08545-z","","","","","","","cc-by","yes_with_attribution","Crossref-full-text: Received an HTML/login page instead of a source file"
"DOI_10_1126_sciadv_adv7926","2025","Determining the cause of inconsistent onset-season trends in the Northern Hemisphere snow cover extent record","failed","","https://doi.org/10.1126/sciadv.adv7926","","","","","","","cc-by","yes_with_attribution","Crossref-full-text: HTTP 403"
"DOI_10_26008_1912_bco_dmo_3782_8","2025","Discrete bottle samples collected at the Bermuda Atlantic Time-series Study (BATS) site in the Sargasso Sea from October 1988 through December 2024","downloaded","catalogue-direct","https://doi.org/10.26008/1912/bco-dmo.3782.8","https://darchive.mblwhoilibrary.org/server/api/core/bitstreams/b94268f6-38ba-4229-9ef0-241818222518/content","https://darchive.mblwhoilibrary.org/server/api/core/bitstreams/b94268f6-38ba-4229-9ef0-241818222518/content","source-archive/primary/2025__DOI_10_26008_1912_bco_dmo_3782_8__Discrete-bottle-samples-collected-at-the-Bermuda-Atlantic-Time-series-Study-BATS-site-in-the-Sargasso-Sea-from-October-1988-through-December.pdf","111534","9e44d84d7da7624e6ee351b664001d5438bb496027a59d1929794ca5e34b6c6b","application/pdf","cc-by","yes_with_attribution",""
"DOI_10_5285_a6fbedd8ee5b472c8e84e55f746c1704","2025","ESA Permafrost Climate Change Initiative (Permafrost_cci): Permafrost active layer thickness for the Northern Hemisphere, v5.0","downloaded","catalogue-direct","https://doi.org/10.5285/a6fbedd8ee5b472c8e84e55f746c1704","https://artefacts.ceda.ac.uk/licences/specific_licences/esacci_permafrost_terms_and_conditions.pdf","https://artefacts.ceda.ac.uk/licences/specific_licences/esacci_permafrost_terms_and_conditions.pdf","source-archive/primary/2025__DOI_10_5285_a6fbedd8ee5b472c8e84e55f746c1704__ESA-Permafrost-Climate-Change-Initiative-Permafrost_cci-Permafrost-active-layer-thickness-for-the-Northern-Hemisphere-v5.0.pdf","411777","64c0b7dead083064bd0df01b92419cc0080f5af2cb9ae4271deebe2554a6a9fe","application/pdf","","review",""
"DOI_10_5285_d235665772ec4b558e9a89ac85595e71","2025","ESA Permafrost Climate Change Initiative (Permafrost_cci): Permafrost extent for the Northern Hemisphere, v5.0","downloaded","catalogue-direct","https://doi.org/10.5285/d235665772ec4b558e9a89ac85595e71","https://artefacts.ceda.ac.uk/licences/specific_licences/esacci_permafrost_terms_and_conditions.pdf","https://artefacts.ceda.ac.uk/licences/specific_licences/esacci_permafrost_terms_and_conditions.pdf","source-archive/primary/2025__DOI_10_5285_d235665772ec4b558e9a89ac85595e71__ESA-Permafrost-Climate-Change-Initiative-Permafrost_cci-Permafrost-extent-for-the-Northern-Hemisphere-v5.0.pdf","411777","64c0b7dead083064bd0df01b92419cc0080f5af2cb9ae4271deebe2554a6a9fe","application/pdf","","review",""
"DOI_10_5285_5675b0be944f45a8af0e7ddbeb47a011","2025","ESA Permafrost Climate Change Initiative (Permafrost_cci): Permafrost Ground Temperature for the Northern Hemisphere, v5.0","downloaded","catalogue-direct","https://doi.org/10.5285/5675b0be944f45a8af0e7ddbeb47a011","https://artefacts.ceda.ac.uk/licences/specific_licences/esacci_permafrost_terms_and_conditions.pdf","https://artefacts.ceda.ac.uk/licences/specific_licences/esacci_permafrost_terms_and_conditions.pdf","source-archive/primary/2025__DOI_10_5285_5675b0be944f45a8af0e7ddbeb47a011__ESA-Permafrost-Climate-Change-Initiative-Permafrost_cci-Permafrost-Ground-Temperature-for-the-Northern-Hemisphere-v5.0.pdf","411777","64c0b7dead083064bd0df01b92419cc0080f5af2cb9ae4271deebe2554a6a9fe","application/pdf","","review",""
"WEB_Copernicus_globalni_data_CSV_e4635f0c","2025","globální data CSV","downloaded","catalogue-direct","https://climate.copernicus.eu/sites/default/files/custom-uploads/indicators-2025/sea-level/fig1_data.csv","https://climate.copernicus.eu/sites/default/files/custom-uploads/indicators-2025/sea-level/fig1_data.csv","https://climate.copernicus.eu/sites/default/files/custom-uploads/indicators-2025/sea-level/fig1_data.csv","source-archive/primary/2025__WEB_Copernicus_globalni_data_CSV_e4635f0c__globalni-data-CSV.csv","867329","6a6fb6b3c99c6ab8917ab14d8fc27b898211ce6b104d1d7ef96f608780dd09a8","application/octet-stream","","review",""
"DOI_10_5067_txdhdj1jt0cg","2025","ICESat-2 L4 Monthly Gridded Sea Ice Thickness, Version 4","downloaded","catalogue-direct","https://doi.org/10.5067/TXDHDJ1JT0CG","https://nsidc.org/sites/default/files/documents/user-guide/is2sitmogr4-v004-userguide.pdf","https://nsidc.org/sites/default/files/documents/user-guide/is2sitmogr4-v004-userguide.pdf","source-archive/primary/2025__DOI_10_5067_txdhdj1jt0cg__ICESat-2-L4-Monthly-Gridded-Sea-Ice-Thickness-Version-4.pdf","849590","53777ad52adb6b77d8d704e846cfdbe14a7a39e4ef3a37ce9965ba82d163fb88","application/pdf","","review",""
"WEB_NASA_NASA_Scientific_Visualization_Studio_Arctic_Sea_8c5c7d01","2025","NASA Scientific Visualization Studio | Arctic Sea Ice Minimum 2025","downloaded","catalogue-direct","https://svs.gsfc.nasa.gov/5583/","https://svs.gsfc.nasa.gov/vis/a000000/a005500/a005583/arctic_sea_ice_2025_still_print.jpg","https://svs.gsfc.nasa.gov/vis/a000000/a005500/a005583/arctic_sea_ice_2025_still_print.jpg","source-archive/primary/2025__WEB_NASA_NASA_Scientific_Visualization_Studio_Arctic_Sea_8c5c7d01__NASA-Scientific-Visualization-Studio-Arctic-Sea-Ice-Minimum-2025.jpg","150794","61dea607d03b2c51e02215b7f0e6baee2839293fab38821d35e12c61b54af8b9","image/jpeg","","review",""
"DOI_10_25923_mmxf_0r86","2025","NOAA Arctic Report Card 2025 : Sea Ice","downloaded","catalogue-direct","https://doi.org/10.25923/mmxf-0r86","https://repository.library.noaa.gov/view/noaa/72429/noaa_72429_DS1.pdf","https://repository.library.noaa.gov/view/noaa/72429/noaa_72429_DS1.pdf","source-archive/primary/2025__DOI_10_25923_mmxf_0r86__NOAA-Arctic-Report-Card-2025-Sea-Ice.pdf","5271164","5e47ad997a83c840cfe0b2f7482d22f08ce5c5b5d64a96b9bb647c4d5da0de98","application/pdf","public-domain","yes",""
"DOI_10_25923_cfhv_c239","2025","NOAA Arctic Report Card 2025 : Terrestrial Snow Cover","downloaded","catalogue-direct","https://doi.org/10.25923/cfhv-c239","https://repository.library.noaa.gov/view/noaa/72423/noaa_72423_DS1.pdf","https://repository.library.noaa.gov/view/noaa/72423/noaa_72423_DS1.pdf","source-archive/primary/2025__DOI_10_25923_cfhv_c239__NOAA-Arctic-Report-Card-2025-Terrestrial-Snow-Cover.pdf","4249915","fd69479bd666f3c8c0221ede5ee67a0a2f0001d8f71807338d3faac9f546fa29","application/pdf","public-domain","yes",""
"DOI_10_5066_p9wrgci3","2025","Permafrost Ground Temperature from 1950 to 1961 in Utqiagvik, Alaska: Special Holes 2, 8, 22, and 26","no_public_file_found","","https://doi.org/10.5066/P9WRGCI3","","","","","","","public-domain","yes","No direct public PDF URL was discovered."
"DOI_10_3334_ornldaac_2364","2025","PhenoCam Dataset v3.0: Digital Camera Imagery from the PhenoCam Network, 2000-2023","downloaded","catalogue-direct","https://doi.org/10.3334/ORNLDAAC/2364","https://d3o6w55j8uz1ro.cloudfront.net/s3-d0f68fa49c8cba12794bb586349f2341/ornl-cumulus-prod-public.s3.us-west-2.amazonaws.com/global_vegetation/Phenocam_Images_V3/comp/Phenocam_Images_V3.pdf?A-userid=None&Expires=1785838467&Signature=SaVFs~rBYzbAb5dgJDTsasj9PCKBvoZ3vxXyVfAodCnPIxefEhtNb6czzJq02tzu3VE0tJfseNaMA~tkOXGGqQDACHQqJKb~XjEcSxclnvb~eiKKibzyM8e2WkEfx1NbWZ~CPGPL4dTofSUfCuCnxltSUsmX2qXM1HBdd4OC-5eHuEqdru1ZxGyzb7hfbReyjszn9tS9ymkNKMXFRORkNMTYdPmf6W9UES78oUgJZE5npzPEQFrEIbmPzu-7oqH5TQZjqaY~16oaZmtUEE~IcDXfOUYUDbYt2DyTPg-QnSMC~g-0ZJXnv47qmTJ-wonECyIgOyZ80ubPwDOJFihvng__&Key-Pair-Id=K102FZ00QGPW3J","https://d3o6w55j8uz1ro.cloudfront.net/s3-d0f68fa49c8cba12794bb586349f2341/ornl-cumulus-prod-public.s3.us-west-2.amazonaws.com/global_vegetation/Phenocam_Images_V3/comp/Phenocam_Images_V3.pdf?A-userid=None&Expires=1785838467&Signature=SaVFs~rBYzbAb5dgJDTsasj9PCKBvoZ3vxXyVfAodCnPIxefEhtNb6czzJq02tzu3VE0tJfseNaMA~tkOXGGqQDACHQqJKb~XjEcSxclnvb~eiKKibzyM8e2WkEfx1NbWZ~CPGPL4dTofSUfCuCnxltSUsmX2qXM1HBdd4OC-5eHuEqdru1ZxGyzb7hfbReyjszn9tS9ymkNKMXFRORkNMTYdPmf6W9UES78oUgJZE5npzPEQFrEIbmPzu-7oqH5TQZjqaY~16oaZmtUEE~IcDXfOUYUDbYt2DyTPg-QnSMC~g-0ZJXnv47qmTJ-wonECyIgOyZ80ubPwDOJFihvng__&Key-Pair-Id=K102FZ00QGPW3J","source-archive/primary/2025__DOI_10_3334_ornldaac_2364__PhenoCam-Dataset-v3.0-Digital-Camera-Imagery-from-the-PhenoCam-Network-2000-2023.pdf","512593","bce247d174a8d96817a9460eff521ba9213352289ff0299f8a96f0200656887f","application/pdf","other-oa","review",""
"DOI_10_3334_ornldaac_2389","2025","PhenoCam Dataset v3.0: Vegetation Phenology from Digital Camera Imagery, 2000-2023","downloaded","catalogue-direct","https://doi.org/10.3334/ORNLDAAC/2389","https://d3o6w55j8uz1ro.cloudfront.net/s3-d0f68fa49c8cba12794bb586349f2341/ornl-cumulus-prod-public.s3.us-west-2.amazonaws.com/global_vegetation/PhenoCam_V3/comp/PhenoCam_V3.pdf?A-userid=None&Expires=1785838467&Signature=Rf8EaDJR8ygnZ63Vw0Je1LaP2BlaM0GXIS72PNQd8qA~m4rxYsNQa8dVHozbsNU-T4-X9uE~K0HfFKX8XPzBg0--AaozKO4LMv8J0V6on9jkJIsyALDOKeaeg9Fzys6QaW01s9j1Br82Am0Fcv6LBC8~ehsl2K5iHkRRjyMyjMW0p-SWrxgiUump7eMB7FIZPVIixcM9S7IvHfaxP~WfIrXxzZ1UbnLCPida0r4l2tYSS46Ptmxp6~t3VoX1JiwJzbVCXT6oDhXlczXhCWqvx2lCfFvRHBbpAB9XM5wcGrVaxzCq1adA5aXGPInjnrvLdF6YFKp9NPjdnbznUKq2VA__&Key-Pair-Id=K102FZ00QGPW3J","https://d3o6w55j8uz1ro.cloudfront.net/s3-d0f68fa49c8cba12794bb586349f2341/ornl-cumulus-prod-public.s3.us-west-2.amazonaws.com/global_vegetation/PhenoCam_V3/comp/PhenoCam_V3.pdf?A-userid=None&Expires=1785838467&Signature=Rf8EaDJR8ygnZ63Vw0Je1LaP2BlaM0GXIS72PNQd8qA~m4rxYsNQa8dVHozbsNU-T4-X9uE~K0HfFKX8XPzBg0--AaozKO4LMv8J0V6on9jkJIsyALDOKeaeg9Fzys6QaW01s9j1Br82Am0Fcv6LBC8~ehsl2K5iHkRRjyMyjMW0p-SWrxgiUump7eMB7FIZPVIixcM9S7IvHfaxP~WfIrXxzZ1UbnLCPida0r4l2tYSS46Ptmxp6~t3VoX1JiwJzbVCXT6oDhXlczXhCWqvx2lCfFvRHBbpAB9XM5wcGrVaxzCq1adA5aXGPInjnrvLdF6YFKp9NPjdnbznUKq2VA__&Key-Pair-Id=K102FZ00QGPW3J","source-archive/primary/2025__DOI_10_3334_ornldaac_2389__PhenoCam-Dataset-v3.0-Vegetation-Phenology-from-Digital-Camera-Imagery-2000-2023.pdf","633873","91850c1a248e28e4d6a5c0c8667a613d43adc5538c86d22e5efc67ea57b66828","application/pdf","other-oa","review",""
"WEB_Copernicus_regionalni_data_NetCDF_a6fb7ddf","2025","regionální data NetCDF","downloaded","catalogue-direct","https://climate.copernicus.eu/sites/default/files/custom-uploads/indicators-2025/sea-level/fig2_data.nc","https://climate.copernicus.eu/sites/default/files/custom-uploads/indicators-2025/sea-level/fig2_data.nc","https://climate.copernicus.eu/sites/default/files/custom-uploads/indicators-2025/sea-level/fig2_data.nc","source-archive/primary/2025__WEB_Copernicus_regionalni_data_NetCDF_a6fb7ddf__regionalni-data-NetCDF.nc","20763537","7d83ab8853c356216e8591765dc7e0290f153a2e452b3917d0b6ef3e7dd58366","application/octet-stream","","review",""
"DOI_10_15770_eum_saf_osi_0023","2025","Sea Ice Concentration Climate Data Record Release 3.1 - Multimission","no_public_file_found","","https://doi.org/10.15770/EUM_SAF_OSI_0023","","","","","","","cc-by","yes_with_attribution","No direct public PDF URL was discovered."
"WEB_Copernicus_Sea_ice_cover_for_September_2025_Copernicus_88c9834a","2025","Sea ice cover for September 2025 | Copernicus","downloaded","catalogue-direct","https://climate.copernicus.eu/sea-ice-cover-september-2025","https://climate.copernicus.eu/sites/default/files/2025-10/C3S_Bulletin_seaice_202509_Fig1_timeseries_osisaf_monthly_sie_anomaly_ref19912020_arctic.pdf","https://climate.copernicus.eu/sites/default/files/2025-10/C3S_Bulletin_seaice_202509_Fig1_timeseries_osisaf_monthly_sie_anomaly_ref19912020_arctic.pdf","source-archive/related/2025__WEB_Copernicus_Sea_ice_cover_for_September_2025_Copernicus_88c9834a__Sea-ice-cover-for-September-2025-Copernicus.pdf","283430","cc16dc5f4e85214d0e1b8df04465fee4ac13cb2552dcdbd9fd5ac13231c52e8f","application/pdf","","review",""
"DOI_10_7265_a98x_0f50","2025","Sea Ice Index, Version 4","downloaded","catalogue-direct","https://doi.org/10.7265/a98x-0f50","https://nsidc.org/sites/default/files/documents/user-guide/g02135-v004-userguide.pdf","https://nsidc.org/sites/default/files/documents/user-guide/g02135-v004-userguide.pdf","source-archive/primary/2025__DOI_10_7265_a98x_0f50__Sea-Ice-Index-Version-4.pdf","2010615","d6f5cbd136f8dac750a210e00beae1fa5e1f0b82e6d50cc75968045710398b7d","application/pdf","","review",""
"WEB_NASA_Sentinel_6B_Extends_Global_Ocean_Height_Record_N_4996a256","2025","Sentinel-6B Extends Global Ocean Height Record - NASA Science","downloaded","catalogue-direct","https://science.nasa.gov/science-research/earth-science/sentinel-6b-extends-global-ocean-height-record/","https://assets.science.nasa.gov/content/dam/science/esd/earth-observer/2020/Jan_Feb_2020_color_508_final.pdf","https://assets.science.nasa.gov/content/dam/science/esd/earth-observer/2020/Jan_Feb_2020_color_508_final.pdf","source-archive/related/2025__WEB_NASA_Sentinel_6B_Extends_Global_Ocean_Height_Record_N_4996a256__Sentinel-6B-Extends-Global-Ocean-Height-Record-NASA-Science.pdf","2588963","e2fd91936b8d0d46f7f842a874778ee8b23c05e91004e037f8263aa49de25c9d","application/pdf","","review",""
"DOI_10_1175_bams_d_25_0104_1","2025","The Arctic","downloaded","catalogue-direct","https://doi.org/10.1175/BAMS-D-25-0104.1","https://orbi.uliege.be/bitstream/2268/336298/1/bams-BAMS-D-25-0104.1.pdf","https://orbi.uliege.be/bitstream/2268/336298/1/bams-BAMS-D-25-0104.1.pdf","source-archive/primary/2025__DOI_10_1175_bams_d_25_0104_1__The-Arctic.pdf","14455395","7576a136b6a0cb0db6b21c5db7b7ffb1346dc1cfef3aca0631aa3801539f3d1d","application/pdf","other-oa","review",""
"DOI_10_5194_essd_17_6531_2025","2025","Tracking vegetation phenology across diverse biomes using Version 3.0 of the PhenoCam Dataset","downloaded","catalogue-direct","https://doi.org/10.5194/essd-17-6531-2025","https://essd.copernicus.org/articles/17/6531/2025/essd-17-6531-2025.pdf","https://essd.copernicus.org/articles/17/6531/2025/essd-17-6531-2025.pdf","source-archive/primary/2025__DOI_10_5194_essd_17_6531_2025__Tracking-vegetation-phenology-across-diverse-biomes-using-Version-3.0-of-the-PhenoCam-Dataset.pdf","13535787","7826bc41c1ea8d5a5137119a8733379ff01b5b54a2b007eb8b27139a613fb1a3","application/pdf","cc-by","yes_with_attribution",""
"2025_USCRN_Blue_Hill","2025","USCRN Daily01: MA Blue Hill 0 W, denní data za rok 2025","downloaded","catalogue-direct","https://www.ncei.noaa.gov/pub/data/uscrn/products/daily01/2025/CRND0103-2025-MA_Blue_Hill_0_W.txt","https://www.ncei.noaa.gov/pub/data/uscrn/products/daily01/2025/CRND0103-2025-MA_Blue_Hill_0_W.txt","https://www.ncei.noaa.gov/pub/data/uscrn/products/daily01/2025/CRND0103-2025-MA_Blue_Hill_0_W.txt","source-archive/primary/2025__2025_USCRN_Blue_Hill__USCRN-Daily01-MA-Blue-Hill-0-W-denni-data-za-rok-2025.txt","79205","bbc312c2bece04f7a3006e25471e08bb55499374528da41875b8ea39a205bfe4","text/plain","","review",""
"DOI_10_1038_s41598_026_43863_4","2026","A systematic bias in float pH leads to overestimation of derived pCO₂ and underestimation of carbon uptake by the Southern Ocean","downloaded","catalogue-direct","https://doi.org/10.1038/s41598-026-43863-4","https://eprints.soton.ac.uk/510923/1/41598_2026_43863_Author_1_.pdf","https://eprints.soton.ac.uk/510923/1/41598_2026_43863_Author_1_.pdf","source-archive/primary/2026__DOI_10_1038_s41598_026_43863_4__A-systematic-bias-in-float-pH-leads-to-overestimation-of-derived-pCO2-and-underestimation-of-carbon-uptake-by-the-Southern-Ocean.pdf","3312050","98a965d4ee843fd2f5e3ff2dc5655d1a4609c711e14f4919db2079462e9017cd","application/pdf","other-oa","review",""
"DOI_10_5904_wgms_amce_2026_02_10","2026","Annual mass-change estimates for the world's glaciers","no_public_file_found","","https://doi.org/10.5904/wgms-amce-2026-02-10","","","","","","","","review","No direct public PDF URL was discovered."
"WEB_NOAA_ClimateDashboard_atmospheric_carbon_dioxide_imag_5eb9863d","2026","ClimateDashboard-atmospheric-carbon-dioxide-image-paleo-20250428-1400px.png","downloaded","catalogue-direct","https://prod-01-asg-www-climate.woc.noaa.gov/media/16929","https://prod-01-asg-www-climate.woc.noaa.gov/sites/default/files/2025-04/ClimateDashboard-atmospheric-carbon-dioxide-image-paleo-20250428-1400px.png","https://prod-01-asg-www-climate.woc.noaa.gov/sites/default/files/2025-04/ClimateDashboard-atmospheric-carbon-dioxide-image-paleo-20250428-1400px.png","source-archive/primary/2026__WEB_NOAA_ClimateDashboard_atmospheric_carbon_dioxide_imag_5eb9863d__ClimateDashboard-atmospheric-carbon-dioxide-image-paleo-20250428-1400px.png.png","97537","482520ba86639a38b84a7564bb94b77b9983f5b1fc24965ec4832790a1364c03","image/png","","review",""
"WEB_berkeleyearth_org_Data_Overview_Berkeley_Earth_b889a1aa","2026","Data Overview - Berkeley Earth","downloaded","catalogue-direct","https://berkeleyearth.org/data/","https://berkeley-earth-wp-offload.storage.googleapis.com/wp-content/uploads/2022/12/03232411/skeptics-guide-to-climate-change-1.pdf","https://berkeley-earth-wp-offload.storage.googleapis.com/wp-content/uploads/2022/12/03232411/skeptics-guide-to-climate-change-1.pdf","source-archive/related/2026__WEB_berkeleyearth_org_Data_Overview_Berkeley_Earth_b889a1aa__Data-Overview-Berkeley-Earth.pdf","4372792","6f3fd32b016e33f131977154fd20fd2e3ade70c901458e5156512b03295c4fe9","application/pdf","cc-by-nc-4.0","yes_with_conditions",""
"WEB_NASA_Data_GISS_GISS_Surface_Temperature_Analysis_GIST_4f73fdd3","2026","Data.GISS: GISS Surface Temperature Analysis (GISTEMP v4): Data Downloads","downloaded","catalogue-direct","https://data.giss.nasa.gov/gistemp/data_v4.html","https://data.giss.nasa.gov/pub/gistemp/gistemp250_GHCNv4.nc.gz","https://data.giss.nasa.gov/pub/gistemp/gistemp250_GHCNv4.nc.gz","source-archive/primary/2026__WEB_NASA_Data_GISS_GISS_Surface_Temperature_Analysis_GIST_4f73fdd3__Data.GISS-GISS-Surface-Temperature-Analysis-GISTEMP-v4-Data-Downloads.gz","11474455","6bf0020d940c57b5d1bcdf38d685b4003a5e9964f94c899aca6595288a35c950","application/x-gzip","","review",""
"WEB_pep725_eu_Dataset_PEP725_5a0c6dbb","2026","Dataset - PEP725","downloaded","catalogue-direct","https://pep725.eu/dataset/","https://pep725.geosphere.at/wp-content/uploads/2026/03/PEP725_Sample.zip","https://pep725.geosphere.at/wp-content/uploads/2026/03/PEP725_Sample.zip","source-archive/related/2026__WEB_pep725_eu_Dataset_PEP725_5a0c6dbb__Dataset-PEP725.zip","65285","6d9c29224be61e046b16c2d5cd92bb939cdc49d0b36e5b9858cf028c8124973d","application/zip","","review",""
"DOI_10_5194_essd_18_1729_2026","2026","Elevation change of the Greenland Ice Sheet and its peripheral glaciers: 1992–2023","downloaded","catalogue-direct","https://doi.org/10.5194/essd-18-1729-2026","https://essd.copernicus.org/articles/18/1729/2026/essd-18-1729-2026.pdf","https://essd.copernicus.org/articles/18/1729/2026/essd-18-1729-2026.pdf","source-archive/primary/2026__DOI_10_5194_essd_18_1729_2026__Elevation-change-of-the-Greenland-Ice-Sheet-and-its-peripheral-glaciers-1992-2023.pdf","7613677","f9e555dcff13b6f785c267c5e1892da597ba6a473be45f1493fa2aab86311a32","application/pdf","cc-by","yes_with_attribution",""
"DOI_10_5904_wgms_fog_2026_02_10","2026","Fluctuations of Glaciers (FoG) Database","no_public_file_found","","https://doi.org/10.5904/wgms-fog-2026-02-10","","","","","","","","review","No direct public PDF URL was discovered."
"WEB_GitHub_GitHub_fmidev_GlobSnow3_0_1859ddbe","2026","GitHub - fmidev/GlobSnow3.0","downloaded","catalogue-direct","https://github.com/fmidev/GlobSnow3.0","https://codeload.github.com/fmidev/GlobSnow3.0/zip/refs/heads/master","https://codeload.github.com/fmidev/GlobSnow3.0/zip/refs/heads/master","source-archive/primary/2026__WEB_GitHub_GitHub_fmidev_GlobSnow3_0_1859ddbe__GitHub-fmidev-GlobSnow3.0.zip","8549","3083deaaf411821ad1597264626745569fd1274f69b48a93baea9001fb2d31ff","application/zip","","review",""
"WEB_GitHub_GitHub_thomasfrederikse_sealevelbudget_20c_4d484230","2026","GitHub - thomasfrederikse/sealevelbudget_20c","downloaded","catalogue-direct","https://github.com/thomasfrederikse/sealevelbudget_20c","https://codeload.github.com/thomasfrederikse/sealevelbudget_20c/zip/refs/heads/master","https://codeload.github.com/thomasfrederikse/sealevelbudget_20c/zip/refs/heads/master","source-archive/primary/2026__WEB_GitHub_GitHub_thomasfrederikse_sealevelbudget_20c_4d484230__GitHub-thomasfrederikse-sealevelbudget_20c.zip","439915","f8d4b13e7bea4184c29bfb7fcb54e059b6c15cef8108d6401b3b5c88180385b6","application/zip","","review",""
"WEB_Copernicus_Glaciers_Copernicus_5ae74590","2026","Glaciers | Copernicus","downloaded","catalogue-direct","https://climate.copernicus.eu/climate-indicators/glaciers","https://climate.copernicus.eu/sites/default/files/custom-uploads/indicators-2025/glaciers/fig1.pdf","https://climate.copernicus.eu/sites/default/files/custom-uploads/indicators-2025/glaciers/fig1.pdf","source-archive/related/2026__WEB_Copernicus_Glaciers_Copernicus_5ae74590__Glaciers-Copernicus.pdf","481767","5f6cffc6636c1fa558cbd877898906d79c8fe43fd2985e1ae057c4b08012560f","application/pdf","","review",""
"DOI_10_1038_s43017_026_00777_z","2026","Global glacier mass change in 2025","failed","","https://doi.org/10.1038/s43017-026-00777-z","","","","","","","cc-by","yes_with_attribution","Crossref-full-text: Received an HTML/login page instead of a source file | landing-page:www.research.ed.ac.uk: HTTP 403"
"WEB_Copernicus_Graphics_Gallery_Copernicus_4a265eb8","2026","Graphics Gallery | Copernicus","downloaded","catalogue-direct","https://climate.copernicus.eu/GCH2025-graphics-gallery","https://climate.copernicus.eu/sites/default/files/custom-uploads/GCH-2025/fig1/GCH2025_Fig1_distribution_daily_global_temperature_anomalies_preindustrial.pdf","https://climate.copernicus.eu/sites/default/files/custom-uploads/GCH-2025/fig1/GCH2025_Fig1_distribution_daily_global_temperature_anomalies_preindustrial.pdf","source-archive/primary/2026__WEB_Copernicus_Graphics_Gallery_Copernicus_4a265eb8__Graphics-Gallery-Copernicus.pdf","1181312","086831902852a5f5dedee47b2bdef36882293ac098936ea374949b08730879a0","application/pdf","","review",""
"WEB_U_S_Geological_Survey_Grinnell_Glacier_Pair_248d244b","2026","Grinnell Glacier Pair","downloaded","catalogue-direct","https://www.usgs.gov/media/images/grinnell-glacier-pair","https://d9-wret.s3.us-west-2.amazonaws.com/assets/palladium/production/s3fs-public/thumbnails/image/Grinnell_mtGould_38_19-Pair.jpg","https://d9-wret.s3.us-west-2.amazonaws.com/assets/palladium/production/s3fs-public/thumbnails/image/Grinnell_mtGould_38_19-Pair.jpg","source-archive/primary/2026__WEB_U_S_Geological_Survey_Grinnell_Glacier_Pair_248d244b__Grinnell-Glacier-Pair.jpg","236283","d9e860f2dd8319060da56bdfb942298745c4489398b4edf843789083e8fd4a72","image/jpeg","public-domain-claim","yes",""
"WEB_NASA_Happy_30th_Anniversary_to_TOPEX_Poseidon_Ocean_S_16a22cc4","2026","Happy 30th Anniversary to TOPEX/Poseidon! – Ocean Surface Topography from Space","downloaded","catalogue-direct","https://sealevel.jpl.nasa.gov/news/1596/happy-30th-anniversary-to-topexposeidon/","https://sealevel.jpl.nasa.gov/rails/active_storage/disk/eyJfcmFpbHMiOnsibWVzc2FnZSI6IkJBaDdDVG9JYTJWNVNTSWhjSGh1WW5WdGQydHJZbXhyWTJKbmVEZHhOemwzTVc1dmJIcDNjUVk2QmtWVU9oQmthWE53YjNOcGRHbHZia2tpVTJsdWJHbHVaVHNnWm1sc1pXNWhiV1U5SWxSUUxUTXdkR2d0UVc1dWFYWXRWalF1Y0dSbUlqc2dabWxzWlc1aGJXVXFQVlZVUmkwNEp5ZFVVQzB6TUhSb0xVRnVibWwyTFZZMExuQmtaZ1k3QmxRNkVXTnZiblJsYm5SZmRIbHdaVWtpRkdGd2NHeHBZMkYwYVc5dUwzQmtaZ1k3QmxRNkVYTmxjblpwWTJWZmJtRnRaVG9LYkc5allXdz0iLCJleHAiOm51bGwsInB1ciI6ImJsb2Jfa2V5In19--9ba0a107c49b57017eed88b765168f9d4028fdc0/TP-30th-Anniv-V4.pdf","https://sealevel.jpl.nasa.gov/rails/active_storage/disk/eyJfcmFpbHMiOnsibWVzc2FnZSI6IkJBaDdDVG9JYTJWNVNTSWhjSGh1WW5WdGQydHJZbXhyWTJKbmVEZHhOemwzTVc1dmJIcDNjUVk2QmtWVU9oQmthWE53YjNOcGRHbHZia2tpVTJsdWJHbHVaVHNnWm1sc1pXNWhiV1U5SWxSUUxUTXdkR2d0UVc1dWFYWXRWalF1Y0dSbUlqc2dabWxzWlc1aGJXVXFQVlZVUmkwNEp5ZFVVQzB6TUhSb0xVRnVibWwyTFZZMExuQmtaZ1k3QmxRNkVXTnZiblJsYm5SZmRIbHdaVWtpRkdGd2NHeHBZMkYwYVc5dUwzQmtaZ1k3QmxRNkVYTmxjblpwWTJWZmJtRnRaVG9LYkc5allXdz0iLCJleHAiOm51bGwsInB1ciI6ImJsb2Jfa2V5In19--9ba0a107c49b57017eed88b765168f9d4028fdc0/TP-30th-Anniv-V4.pdf","source-archive/related/2026__WEB_NASA_Happy_30th_Anniversary_to_TOPEX_Poseidon_Ocean_S_16a22cc4__Happy-30th-Anniversary-to-TOPEX-Poseidon-Ocean-Surface-Topography-from-Space.pdf","6475059","88a05cf053bd634bca0cc1eccbe5f5f4cfa3665419b4bb8320878085c44268dd","application/pdf","","review",""
"DOI_10_57760_sciencedb_35026","2026","IAP ocean temperature and ocean heat content data","no_public_file_found","","https://doi.org/10.57760/sciencedb.35026","","","","","","","cc-by","yes_with_attribution","No direct public PDF URL was discovered."
"WEB_imbie_org_imbie_org_e2c3f887","2026","imbie.org","downloaded","catalogue-direct","https://imbie.org/data-downloads/","https://imbie.org/wp-content/uploads/2012/11/imbie_dataset_greenland_dynamics-2020_02_28.xlsx","https://imbie.org/wp-content/uploads/2012/11/imbie_dataset_greenland_dynamics-2020_02_28.xlsx","source-archive/related/2026__WEB_imbie_org_imbie_org_e2c3f887__imbie.org.xlsx","105120","0996c63251ce77c6579fcb03262da384b9ca5874bbbe74ebbb7eafe16e63683a","application/vnd.openxmlformats-officedocument.spreadsheetml.sheet","","review",""
"WEB_NASA_IMERG_Integrated_Multi_satellitE_Retrievals_for_6df632f1","2026","IMERG: Integrated Multi-satellitE Retrievals for GPM | NASA Global Precipitation Measurement Mission","downloaded","catalogue-direct","https://gpm.nasa.gov/data/imerg","https://pps.gsfc.nasa.gov/Documents/README.GIS.pdf","https://pps.gsfc.nasa.gov/Documents/README.GIS.pdf","source-archive/related/2026__WEB_NASA_IMERG_Integrated_Multi_satellitE_Retrievals_for_6df632f1__IMERG-Integrated-Multi-satellitE-Retrievals-for-GPM-NASA-Global-Precipitation-Measurement-Mission.pdf","2079111","cc11e66e805716c004fbca1fc82647fd01c2dbd0b20870c51604d33e76b3bba1","application/pdf","","review",""
"WEB_National_Snow_and_Ice_Data_C_IMS_Daily_Northern_Hemisphere_Snow_and_Ice_Analy_254b6e7e","2026","IMS Daily Northern Hemisphere Snow and Ice Analysis at 1 km, 4 km, and 24 km Resolutions, Version 1 | National Snow and Ice Data Center","downloaded","catalogue-direct","https://nsidc.org/data/g02156/versions/1","https://nsidc.org/sites/default/files/g02156-v001-userguide_1_1.pdf","https://nsidc.org/sites/default/files/g02156-v001-userguide_1_1.pdf","source-archive/related/2026__WEB_National_Snow_and_Ice_Data_C_IMS_Daily_Northern_Hemisphere_Snow_and_Ice_Analy_254b6e7e__IMS-Daily-Northern-Hemisphere-Snow-and-Ice-Analysis-at-1-km-4-km-and-24-km-Resolut.pdf","384597","0470f569d054e8cee4248cc5c7e1549e834d9c7b1b317bcac8b56c4ebce1092c","application/pdf","","review",""
"WEB_data_jma_go_jp_Japan_Meteorological_Agency_Global_ocean_heat_co_b8363b79","2026","Japan Meteorological Agency|Global ocean heat content","downloaded","catalogue-direct","https://www.data.jma.go.jp/kaiyou/english/ohc/ohc_global_en.html","https://www.data.jma.go.jp/kaiyou/data/english/ohc/ohc_global_1955.txt","https://www.data.jma.go.jp/kaiyou/data/english/ohc/ohc_global_1955.txt","source-archive/related/2026__WEB_data_jma_go_jp_Japan_Meteorological_Agency_Global_ocean_heat_co_b8363b79__Japan-Meteorological-Agency-Global-ocean-heat-content.txt","4147","c83df61f4e28c3d02a73b626c6a52c9a05b93b2f94387d2c4b51762b7675dee9","text/plain","","review",""
"WEB_Copernicus_Licence_to_use_Copernicus_Products_rev_12_4244ad0f","2026","Licence to use Copernicus Products (rev. 12)","downloaded","catalogue-direct","https://cds.climate.copernicus.eu/licences/licence-to-use-copernicus-products","https://object-store.os-api.cci2.ecmwf.int/cci2-prod-catalogue/licences/licence-to-use-copernicus-products/licence-to-use-copernicus-products_b4b9451f54cffa16ecef5c912c9cebd6979925a956e3fa677976e0cf198c2c18.pdf","https://object-store.os-api.cci2.ecmwf.int/cci2-prod-catalogue/licences/licence-to-use-copernicus-products/licence-to-use-copernicus-products_b4b9451f54cffa16ecef5c912c9cebd6979925a956e3fa677976e0cf198c2c18.pdf","source-archive/primary/2026__WEB_Copernicus_Licence_to_use_Copernicus_Products_rev_12_4244ad0f__Licence-to-use-Copernicus-Products-rev.-12.pdf","166903","b4b9451f54cffa16ecef5c912c9cebd6979925a956e3fa677976e0cf198c2c18","application/pdf","","review",""
"WEB_scrippsco2_ucsd_edu_Mauna_Loa_Observatory_Hawaii_Scripps_CO2_4d2260fe","2026","Mauna Loa Observatory, Hawaii | Scripps CO₂","downloaded","catalogue-direct","https://scrippsco2.ucsd.edu/data/atmospheric-co2-data/sampling-station-records/mauna-loa-observatory-hawaii/","https://keelinglabsites.ucsd.edu/websitedataco2/mlo_station_data_set.zip","https://keelinglabsites.ucsd.edu/websitedataco2/mlo_station_data_set.zip","source-archive/primary/2026__WEB_scrippsco2_ucsd_edu_Mauna_Loa_Observatory_Hawaii_Scripps_CO2_4d2260fe__Mauna-Loa-Observatory-Hawaii-Scripps-CO2.zip","4171757","c6043b0fe1be6c1b8a19fad4c7ef75418004dc5883669986ad8495ae15b2ad49","application/zip","cc-by-4.0","yes_with_attribution",""
"DOI_10_5067_icfvi7dkhzjv","2026","MEaSUREs ITS_LIVE Greenland Ice Sheet Elevation and Mass Change, Version 1","downloaded","catalogue-direct","https://doi.org/10.5067/ICFVI7DKHZJV","https://its-live-data.s3.amazonaws.com/height_change/Greenland/Greenland_G1920V01_IceSheetGlacierIceHeight.nc","https://its-live-data.s3.amazonaws.com/height_change/Greenland/Greenland_G1920V01_IceSheetGlacierIceHeight.nc","source-archive/primary/2026__DOI_10_5067_icfvi7dkhzjv__MEaSUREs-ITS_LIVE-Greenland-Ice-Sheet-Elevation-and-Mass-Change-Version-1.nc","1853161765","04c8259891a0a94dfa5f9e4996dfaad57ca13763a988dbbee5cda795a9f4a4b2","application/x-netcdf","","review",""
"WEB_NOAA_NASA_NOAA_prehled_druzic_a566a73a","2026","NASA/NOAA: přehled družic","downloaded","catalogue-direct","https://www.cpc.ncep.noaa.gov/products/stratosphere/strat_a_f/NOAA-N.pdf","https://www.cpc.ncep.noaa.gov/products/stratosphere/strat_a_f/NOAA-N.pdf","https://www.cpc.ncep.noaa.gov/products/stratosphere/strat_a_f/NOAA-N.pdf","source-archive/primary/2026__WEB_NOAA_NASA_NOAA_prehled_druzic_a566a73a__NASA-NOAA-prehled-druzic.pdf","1498822","0e5d79671ff15ad4e5727f401d6607e6aa5d7104e8a3a025b5c74ef4a38e0b94","application/pdf","","review",""
"WEB_naturescalendar_woodlandtrus_Nature_s_Calendar_b68eee94","2026","Nature's Calendar","downloaded","catalogue-direct","https://naturescalendar.woodlandtrust.org.uk/","https://naturescalendar.woodlandtrust.org.uk/media/1817/10103-natures-calendar-date-range-poster.pdf","https://naturescalendar.woodlandtrust.org.uk/media/1817/10103-natures-calendar-date-range-poster.pdf","source-archive/related/2026__WEB_naturescalendar_woodlandtrus_Nature_s_Calendar_b68eee94__Nature-s-Calendar.pdf","81253","1aadd75d3540df7b181ca1dd3d9fabe9569a9338e971dc1b00c41a2efa32878f","application/pdf","","review",""
"DOI_10_25921_vvaa_wq11","2026","NOAA Global Surface Temperature Dataset (NOAAGlobalTemp), Version 6.1","no_public_file_found","","https://doi.org/10.25921/vvaa-wq11","","","","","","","","review","No direct public PDF URL was discovered."
"WEB_NOAA_NOAA_s_National_Ocean_Service_About_Us_4ba21b52","2026","NOAA's National Ocean Service - About Us","downloaded","catalogue-direct","https://oceanservice.noaa.gov/about/faq.html","https://cdn.oceanservice.noaa.gov/oceanserviceprod/about/introduction-nos.pdf","https://cdn.oceanservice.noaa.gov/oceanserviceprod/about/introduction-nos.pdf","source-archive/related/2026__WEB_NOAA_NOAA_s_National_Ocean_Service_About_Us_4ba21b52__NOAA-s-National-Ocean-Service-About-Us.pdf","2409138","63992888f3375cdc3ad199c951b676163babe85cfd505e258437f5769431d07d","application/pdf","public-domain-claim","yes",""
"WEB_NOAA_NOAA_WDS_Paleoclimatology_Antarctic_Ice_Cores_Re_1183d28b","2026","NOAA/WDS Paleoclimatology - Antarctic Ice Cores Revised 800KYr CO₂ Data","downloaded","catalogue-direct","https://www.ncei.noaa.gov/access/metadata/landing-page/bin/iso?id=noaa-icecore-17975","https://www.ncei.noaa.gov/pub/data/paleo/icecore/antarctica/antarctica2015co2wais-noaa.txt","https://www.ncei.noaa.gov/pub/data/paleo/icecore/antarctica/antarctica2015co2wais-noaa.txt","source-archive/related/2026__WEB_NOAA_NOAA_WDS_Paleoclimatology_Antarctic_Ice_Cores_Re_1183d28b__NOAA-WDS-Paleoclimatology-Antarctic-Ice-Cores-Revised-800KYr-CO2-Data.txt","49865","4f5adea49770cbbbad3439645439189d431c2df5e418e18fc587bc0bca81db0a","text/plain","","review",""
"DOI_10_1007_s00376_026_5876_0","2026","Ocean Heat Content Sets Another Record in 2025","failed","","https://doi.org/10.1007/s00376-026-5876-0","","","","","","","cc-by","yes_with_attribution","Crossref-full-text: Received an HTML/login page instead of a source file"
"WEB_phenocam_nau_edu_PhenoCam_Explorer_V3_173fd14b","2026","PhenoCam Explorer V3","downloaded","catalogue-direct","https://phenocam.nau.edu/phenocam_explorer/","https://phenocam.nau.edu/pdf/PhenoCam_Troubleshooting.pdf","https://phenocam.nau.edu/pdf/PhenoCam_Troubleshooting.pdf","source-archive/related/2026__WEB_phenocam_nau_edu_PhenoCam_Explorer_V3_173fd14b__PhenoCam-Explorer-V3.pdf","1339091","fb216009cb3a0e4f8bea3093d5e8b1b8e83abd2ef316d6ce86596368e2b9695d","application/pdf","cc-by-4.0/deed.en","yes_with_attribution",""
"WEB_psc_apl_uw_edu_Polar_Science_Center_raquo_PIOMAS_Data_dbaf6399","2026","Polar Science Center &raquo; PIOMAS Data","downloaded","catalogue-direct","https://psc.apl.uw.edu/research/projects/arctic-sea-ice-volume-anomaly/data/","https://psc.apl.uw.edu/wordpress/wp-content/uploads/schweiger/ice_volume/PIOMAS.vol.daily.1979.2026.Current.v2.1.dat.gz","https://psc.apl.uw.edu/wordpress/wp-content/uploads/schweiger/ice_volume/PIOMAS.vol.daily.1979.2026.Current.v2.1.dat.gz","source-archive/related/2026__WEB_psc_apl_uw_edu_Polar_Science_Center_raquo_PIOMAS_Data_dbaf6399__Polar-Science-Center-raquo-PIOMAS-Data.gz","86328","1abd3cb0231587ecfcb8e9802bd37e9edc9a1deccfcb45f9fdf0319e67855522","application/x-gzip","","review",""
"WEB_NASA_Precipitation_Data_Directory_NASA_Global_Precipi_b0971da5","2026","Precipitation Data Directory | NASA Global Precipitation Measurement Mission","downloaded","catalogue-direct","https://gpm.nasa.gov/data/directory","https://gpm.nasa.gov/sites/default/files/downloads/surfrac0.1.PPS.gz","https://gpm.nasa.gov/sites/default/files/downloads/surfrac0.1.PPS.gz","source-archive/related/2026__WEB_NASA_Precipitation_Data_Directory_NASA_Global_Precipi_b0971da5__Precipitation-Data-Directory-NASA-Global-Precipitation-Measurement-Mission.gz","4842227","fafedeebb975d3de8d9821b5229582e47d96904722c0979ce0143d8a559c0851","application/x-gzip","","review",""
"WEB_U_S_Geological_Survey_Prirucka_MCD12Q2_v6_1_dbceb14f","2026","Příručka MCD12Q2 v6.1","downloaded","catalogue-direct","https://lpdaac.usgs.gov/documents/1417/MCD12Q2_User_Guide_V61.pdf","https://lpdaac.usgs.gov/documents/1417/MCD12Q2_User_Guide_V61.pdf","https://lpdaac.usgs.gov/documents/1417/MCD12Q2_User_Guide_V61.pdf","source-archive/primary/2026__WEB_U_S_Geological_Survey_Prirucka_MCD12Q2_v6_1_dbceb14f__Prirucka-MCD12Q2-v6.1.pdf","558236","67257c679a4d643291048c2e540836d74bb500529442acab983d313e17d7f447","application/pdf","","review",""
"DOI_10_5281_zenodo_20757579","2026","Recalculated (depth and temperature consistent) surface ocean CO₂ atlas (SOCAT) version 2026","downloaded","Zenodo-file","https://doi.org/10.5281/zenodo.20757579","https://zenodo.org/api/records/20757579/files/Recalculated_SOCATv2026_documentation_technical_summary_v0-1.pdf/content","https://zenodo.org/api/records/20757579/files/Recalculated_SOCATv2026_documentation_technical_summary_v0-1.pdf/content","source-archive/open-access/2026__DOI_10_5281_zenodo_20757579__Recalculated-depth-and-temperature-consistent-surface-ocean-CO2-atlas-SOCAT-version-2026.pdf","2165067","50ed0e6b3a2f5fa894e147fd098b7350a601cff670100490ce6f64b741ad9240","application/octet-stream, application/octet-stream","cc-by","yes_with_attribution",""
"WEB_Remote_Sensing_Systems_Remote_Sensing_Systems_e8e6fee6","2026","Remote Sensing Systems","downloaded","catalogue-direct","https://www.remss.com/measurements/atmospheric-water-vapor/tpw-1-deg-product/","https://images.remss.com/papers/hilburn/Hilburn_V7_Poster_AMS_SatMet_2010_Annapolis.pdf","https://images.remss.com/papers/hilburn/Hilburn_V7_Poster_AMS_SatMet_2010_Annapolis.pdf","source-archive/related/2026__WEB_Remote_Sensing_Systems_Remote_Sensing_Systems_e8e6fee6__Remote-Sensing-Systems.pdf","1099410","fb583a3cc3623b905b92e6199157aec50a5aaa1ff8f9fa267b37dec762ca4fb2","application/pdf","","review",""
"WEB_Remote_Sensing_Systems_Remote_Sensing_Systems_25160e34","2026","Remote Sensing Systems","downloaded","catalogue-direct","https://www.remss.com/missions/amsu/","https://images.remss.com/papers/rsspubs/Mears_JTECH_2009_MSU_AMSU_construction.pdf","https://images.remss.com/papers/rsspubs/Mears_JTECH_2009_MSU_AMSU_construction.pdf","source-archive/related/2026__WEB_Remote_Sensing_Systems_Remote_Sensing_Systems_25160e34__Remote-Sensing-Systems.pdf","2628816","3ac378f9547ce5fb00c91e5d96f64ee696a3c8f0d24175189b6ad39a86a5af41","application/pdf","","review",""
"WEB_escholarship_org_Report_on_the_Deep_Sea_Temperature_Observations_8c66444c","2026","Report on the Deep-Sea Temperature Observations of Ocean-Water","failed","","https://escholarship.org/uc/item/38p2q583","","","","","","","","review","eScholarship-stable-PDF: HTTP 403"
"2026_SeaBird_SBE41","2026","SBE 41/41CP Deep Argo CTD: Technical Specifications","downloaded","catalogue-direct","https://www.seabird.com/hubfs/Product%20Assets/SBE%2041/Datasheets/SBE%2041_41%20CP%20Deep%20DS.53.March26.pdf?hsLang=en","https://www.seabird.com/hubfs/Product%20Assets/SBE%2041/Datasheets/SBE%2041_41%20CP%20Deep%20DS.53.March26.pdf?hsLang=en","https://www.seabird.com/hubfs/Product%20Assets/SBE%2041/Datasheets/SBE%2041_41%20CP%20Deep%20DS.53.March26.pdf?hsLang=en","source-archive/primary/2026__2026_SeaBird_SBE41__SBE-41-41CP-Deep-Argo-CTD-Technical-Specifications.pdf","185689","a308666b4ee07e51335a881f2846967820fb34f8e48d7e34ae98a2cde8b2d849","application/pdf","","review",""
"WEB_Copernicus_Sea_ice_cover_for_March_2026_Copernicus_f75f3111","2026","Sea ice cover for March 2026 | Copernicus","downloaded","catalogue-direct","https://climate.copernicus.eu/sea-ice-cover-march-2026","https://climate.copernicus.eu/sites/default/files/2026-04/C3S_Bulletin_seaice_202603_Fig1_timeseries_osisaf_monthly_sie_anomaly_ref19912020_arctic.pdf","https://climate.copernicus.eu/sites/default/files/2026-04/C3S_Bulletin_seaice_202603_Fig1_timeseries_osisaf_monthly_sie_anomaly_ref19912020_arctic.pdf","source-archive/related/2026__WEB_Copernicus_Sea_ice_cover_for_March_2026_Copernicus_f75f3111__Sea-ice-cover-for-March-2026-Copernicus.pdf","483634","d47d5cfff6e8b056db7db0b5823e81a85534ee2fe27adab863b5769b18774508","application/pdf","","review",""
"WEB_Copernicus_Sea_level_Copernicus_b943a537","2026","Sea level | Copernicus","downloaded","catalogue-direct","https://climate.copernicus.eu/climate-indicators/sea-level","https://climate.copernicus.eu/sites/default/files/custom-uploads/indicators-2025/sea-level/fig1.pdf","https://climate.copernicus.eu/sites/default/files/custom-uploads/indicators-2025/sea-level/fig1.pdf","source-archive/related/2026__WEB_Copernicus_Sea_level_Copernicus_b943a537__Sea-level-Copernicus.pdf","751305","df35b850c4f52476f28b58dc501e146b4c54758b40bf1bb6973bd011c604ee9a","application/pdf","","review",""
"WEB_World_Meteorological_Organiz_State_of_the_Global_Climate_2025_53cbb3f3","2026","State of the Global Climate 2025","downloaded","catalogue-direct","https://wmo.int/publication-series/state-of-global-climate/state-of-global-climate-2025","https://wmo.int/sites/default/files/2026-03/State%20of%20the%20Climate%202025_1%20pager_final.pdf","https://wmo.int/sites/default/files/2026-03/State%20of%20the%20Climate%202025_1%20pager_final.pdf","source-archive/related/2026__WEB_World_Meteorological_Organiz_State_of_the_Global_Climate_2025_53cbb3f3__State-of-the-Global-Climate-2025.pdf","1324091","c51a14175eacc1303627a8ac7009e6e18bacb365c78b5ce3506b9cb91df24f15","application/pdf","","review",""
"DOI_10_25921_8dba_fr90","2026","Surface Ocean CO₂ Atlas Database Version 2026 (SOCATv2026) (NCEI Accession 0315110)","no_public_file_found","","https://doi.org/10.25921/8dba-fr90","","","","","","","cc-by","yes_with_attribution","No direct public PDF URL was discovered."
"DOI_10_5194_essd_18_1405_2026","2026","Synthesis of data products for ocean carbonate chemistry","downloaded","catalogue-direct","https://doi.org/10.5194/essd-18-1405-2026","https://essd.copernicus.org/articles/18/1405/2026/essd-18-1405-2026.pdf","https://essd.copernicus.org/articles/18/1405/2026/essd-18-1405-2026.pdf","source-archive/primary/2026__DOI_10_5194_essd_18_1405_2026__Synthesis-of-data-products-for-ocean-carbonate-chemistry.pdf","1606816","2f9d830788a6873477e0c4ce09a02af0f8ee2c3ab1e3c553ffbcd73a2becb11c","application/pdf","cc-by","yes_with_attribution",""
"DOI_10_25921_m6tp_mj50","2026","The Global Ocean Data Analysis Project version 3 (GLODAPv3) – an internally consistent biogeochemical data product for the World Ocean (NCEI Accession 0315582)","no_public_file_found","","https://doi.org/10.25921/m6tp-mj50","","","","","","","cc-by","yes_with_attribution","No direct public PDF URL was discovered."
"WEB_NOAA_Trends_in_CO2_NOAA_Global_Monitoring_Laboratory_8f52d95b","2026","Trends in CO₂ - NOAA Global Monitoring Laboratory","downloaded","catalogue-direct","https://gml.noaa.gov/ccgg/trends/data.html","https://gml.noaa.gov/webdata/ccgg/trends/co2/co2_mm_mlo.csv","https://gml.noaa.gov/webdata/ccgg/trends/co2/co2_mm_mlo.csv","source-archive/related/2026__WEB_NOAA_Trends_in_CO2_NOAA_Global_Monitoring_Laboratory_8f52d95b__Trends-in-CO2-NOAA-Global-Monitoring-Laboratory.csv","38644","8e8d277356c7f1e9204e127f52123a77d0bc9db222a994f4adcf4bf3788ef415","text/csv","","review",""
"WEB_NOAA_Trends_in_CO2_NOAA_Global_Monitoring_Laboratory_ff9ec92f","2026","Trends in CO₂ - NOAA Global Monitoring Laboratory","downloaded","catalogue-direct","https://gml.noaa.gov/ccgg/trends/gl_data.html","https://gml.noaa.gov/webdata/ccgg/trends/co2/co2_mm_gl.csv","https://gml.noaa.gov/webdata/ccgg/trends/co2/co2_mm_gl.csv","source-archive/related/2026__WEB_NOAA_Trends_in_CO2_NOAA_Global_Monitoring_Laboratory_ff9ec92f__Trends-in-CO2-NOAA-Global-Monitoring-Laboratory.csv","24643","5d71a39df8cea75f6c417dd7225ad47e9d3ec9a7b3f1e7d78a06b067a0ae5783","text/csv","","review",""
"WEB_NOAA_Trends_in_CO2_NOAA_Global_Monitoring_Laboratory_f1c52261","2026","Trends in CO₂ - NOAA Global Monitoring Laboratory","downloaded","catalogue-direct","https://gml.noaa.gov/ccgg/trends/","https://gml.noaa.gov/webdata/ccgg/trends/co2_trend_mlo.pdf","https://gml.noaa.gov/webdata/ccgg/trends/co2_trend_mlo.pdf","source-archive/related/2026__WEB_NOAA_Trends_in_CO2_NOAA_Global_Monitoring_Laboratory_f1c52261__Trends-in-CO2-NOAA-Global-Monitoring-Laboratory.pdf","75313","162f3b19fb396450e467069cb6b1cf3d224f275c29818c2f7dab7bf72df5d610","application/pdf","zero/1.0","review",""
"DOI_10_5194_tc_20_3783_2026","2026","Uncertainty of the satellite-retrieved sea-ice area record and its trend","downloaded","catalogue-direct","https://doi.org/10.5194/tc-20-3783-2026","https://tc.copernicus.org/articles/20/3783/2026/tc-20-3783-2026.pdf","https://tc.copernicus.org/articles/20/3783/2026/tc-20-3783-2026.pdf","source-archive/primary/2026__DOI_10_5194_tc_20_3783_2026__Uncertainty-of-the-satellite-retrieved-sea-ice-area-record-and-its-trend.pdf","3756413","e07de2b4d2e264d78e6d2492cdd65eb22c199260cbb4cd8019ba9deb25c144f2","application/pdf","cc-by","yes_with_attribution",""
"2026_USCRN_Daily01_Readme","2026","USCRN Daily01: Description of Data Fields","downloaded","catalogue-direct","https://www.ncei.noaa.gov/pub/data/uscrn/products/daily01/readme.txt","https://www.ncei.noaa.gov/pub/data/uscrn/products/daily01/readme.txt","https://www.ncei.noaa.gov/pub/data/uscrn/products/daily01/readme.txt","source-archive/primary/2026__2026_USCRN_Daily01_Readme__USCRN-Daily01-Description-of-Data-Fields.txt","20377","299ef4a35c4b64de7e4faf90ea878d785bbfb07ae9357532dd44e7dc88402ab5","text/plain","","review",""
"WEB_Met_Office_uzivatelska_prirucka_HadEX3_6eb86927","2026","uživatelská příručka HadEX3","downloaded","catalogue-direct","https://www.metoffice.gov.uk/hadobs/hadex3/hadex3_product_user_guide.pdf","https://www.metoffice.gov.uk/hadobs/hadex3/hadex3_product_user_guide.pdf","https://www.metoffice.gov.uk/hadobs/hadex3/hadex3_product_user_guide.pdf","source-archive/primary/2026__WEB_Met_Office_uzivatelska_prirucka_HadEX3_6eb86927__uzivatelska-prirucka-HadEX3.pdf","1307650","eb47ef9cf08bc7e3d00695a098f2e54f33fe6c06410c8b31d4a23942d55c4485","application/pdf","","review",""
"WEB_National_Snow_and_Ice_Data_C_uzivatelske_prirucce_Sea_Ice_Index_v4_48d7d043","2026","uživatelské příručce Sea Ice Index v4","downloaded","catalogue-direct","https://nsidc.org/sites/default/files/documents/user-guide/g02135-v004-userguide.pdf","https://nsidc.org/sites/default/files/documents/user-guide/g02135-v004-userguide.pdf","https://nsidc.org/sites/default/files/documents/user-guide/g02135-v004-userguide.pdf","source-archive/primary/2026__WEB_National_Snow_and_Ice_Data_C_uzivatelske_prirucce_Sea_Ice_Index_v4_48d7d043__uzivatelske-prirucce-Sea-Ice-Index-v4.pdf","2010615","d6f5cbd136f8dac750a210e00beae1fa5e1f0b82e6d50cc75968045710398b7d","application/pdf","","review",""
"WEB_Deutscher_Wetterdienst_Wetter_und_Klima_Deutscher_Wetterdienst_Our_serv_386bcd1f","2026","Wetter und Klima - Deutscher Wetterdienst - Our services - Global Precipitation Climatology Centre (GPCC)","downloaded","catalogue-direct","https://www.dwd.de/EN/ourservices/gpcc/gpcc.html","https://opendata.dwd.de/climate_environment/GPCC/PDF/GPCC_intro_products_lastversion.pdf","https://opendata.dwd.de/climate_environment/GPCC/PDF/GPCC_intro_products_lastversion.pdf","source-archive/related/2026__WEB_Deutscher_Wetterdienst_Wetter_und_Klima_Deutscher_Wetterdienst_Our_serv_386bcd1f__Wetter-und-Klima-Deutscher-Wetterdienst-Our-services-Global-Precipitation-Climatology-Ce.pdf","880113","76171ace198f7c02313ab9067789abf1f6b55624f294d38bf89cadfcbc775963","application/pdf","","review",""
